name	taxonomy_id	taxonomy_lvl	kraken_assigned_reads	added_reads	new_est_reads	fraction_total_reads
Streptomyces	1883	G	2245002	459642	2704644	0.12662
Kitasatospora	2063	G	38270	11919	50189	0.00235
Streptacidiphilus	228398	G	24192	6176	30368	0.00142
Yinghuangia	2805681	G	13382	1900	15282	0.00072
Microbacterium	33882	G	196389	30438	226827	0.01062
Agromyces	33877	G	64202	13678	77880	0.00365
Curtobacterium	2034	G	42919	8148	51067	0.00239
Rathayibacter	33886	G	37963	7722	45685	0.00214
Clavibacter	1573	G	28673	15225	43898	0.00206
Leifsonia	110932	G	28435	7611	36046	0.00169
Leucobacter	55968	G	27967	4765	32732	0.00153
Agrococcus	46352	G	26750	6448	33198	0.00155
Protaetiibacter	2680004	G	12588	3280	15868	0.00074
Salinibacterium	235888	G	10650	1517	12167	0.00057
Cryobacterium	69578	G	9606	1213	10819	0.00051
Frondihabitans	447237	G	8231	1150	9381	0.00044
Plantibacter	190323	G	7151	825	7976	0.00037
Microterricola	518733	G	7032	1527	8559	0.00040
Microcella	337004	G	6343	1947	8290	0.00039
Cnuibacter	1759331	G	5155	980	6135	0.00029
Herbiconiux	881616	G	5143	906	6049	0.00028
Frigoribacterium	96492	G	5020	1296	6316	0.00030
Gryllotalpicola	1195526	G	4785	817	5602	0.00026
Mycetocola	76634	G	4523	512	5035	0.00024
Subtercola	120212	G	4323	319	4642	0.00022
Humibacter	427753	G	3806	738	4544	0.00021
Amnibacterium	1029631	G	3718	785	4503	0.00021
Chryseoglobus	1331730	G	3622	631	4253	0.00020
Gulosibacter	256818	G	3062	770	3832	0.00018
Marisediminicola	1230698	G	2896	317	3213	0.00015
Diaminobutyricimonas	1433997	G	2382	393	2775	0.00013
Glaciihabitans	1649454	G	2226	156	2382	0.00011
Agreia	110934	G	2160	231	2391	0.00011
Arthrobacter	1663	G	184277	39099	223376	0.01046
Kocuria	57493	G	26444	7194	33638	0.00157
Pseudarthrobacter	1742993	G	26253	7670	33923	0.00159
Micrococcus	1269	G	12487	7074	19561	0.00092
Sinomonas	596707	G	11072	2502	13574	0.00064
Glutamicibacter	1742989	G	7513	2408	9921	0.00046
Paenarthrobacter	1742992	G	5898	3086	8984	0.00042
Rothia	32207	G	5273	1969	7242	0.00034
Citricoccus	169133	G	4201	984	5185	0.00024
Nesterenkonia	57494	G	1393	80	1473	0.00007
Cellulomonas	1707	G	105787	34053	139840	0.00655
Actinotalea	458839	G	6577	2185	8762	0.00041
Oerskovia	162491	G	5211	1540	6751	0.00032
Pseudactinotalea	1926259	G	4376	586	4962	0.00023
Paraoerskovia	665568	G	3574	861	4435	0.00021
Janibacter	53457	G	25279	6945	32224	0.00151
Phycicoccus	367298	G	23132	6318	29450	0.00138
Pedococcus	2805645	G	19596	5702	25298	0.00118
Intrasporangium	53357	G	17812	4346	22158	0.00104
Tetrasphaera	99479	G	15495	3992	19487	0.00091
Arsenicicoccus	267408	G	7776	2779	10555	0.00049
Cellulosimicrobium	157920	G	30360	11437	41797	0.00196
Xylanimonas	186188	G	16314	4862	21176	0.00099
Isoptericola	254250	G	12555	5229	17784	0.00083
Ornithinimicrobium	125287	G	27550	5378	32928	0.00154
Serinicoccus	265976	G	20758	5287	26045	0.00122
Brachybacterium	43668	G	31885	4847	36732	0.00172
Dermabacter	36739	G	2191	1128	3319	0.00016
Brevibacterium	1696	G	32775	6022	38797	0.00182
Georgenia	154116	G	25322	6799	32121	0.00150
Dermacoccus	57495	G	8860	2861	11721	0.00055
Luteipulveratus	745364	G	7085	925	8010	0.00038
Allobranchiibius	2040262	G	5601	1147	6748	0.00032
Yimella	908935	G	3244	607	3851	0.00018
Ruania	626119	G	20378	2252	22630	0.00106
Pengzhenrongella	2888818	G	7838	2014	9852	0.00046
Luteimicrobium	754249	G	6620	1873	8493	0.00040
Beutenbergia	84756	G	8288	1262	9550	0.00045
Miniimonas	947525	G	5730	2728	8458	0.00040
Sanguibacter	60919	G	9994	2780	12774	0.00060
Gephyromycinifex	2885697	G	2301	257	2558	0.00012
Austwickia	1184606	G	1691	126	1817	0.00009
Kytococcus	57499	G	4172	1375	5547	0.00026
Demequina	577469	G	1472	105	1577	0.00007
Nocardioides	1839	G	833945	167582	1001527	0.04689
Aeromicrobium	2040	G	45038	8209	53247	0.00249
Marmoricola	86795	G	14798	5180	19978	0.00094
Pimelobacter	2044	G	11906	4128	16034	0.00075
Friedmanniella	53387	G	11607	2101	13708	0.00064
Mumia	1546255	G	7501	1217	8718	0.00041
Micropruina	116071	G	3896	514	4410	0.00021
Microlunatus	29404	G	35162	3656	38818	0.00182
Tessaracoccus	72763	G	25685	8947	34632	0.00162
Brevilactibacter	2717325	G	10117	3567	13684	0.00064
Acidipropionibacterium	1912215	G	8722	2946	11668	0.00055
Propionibacterium	1743	G	8557	2529	11086	0.00052
Auraticoccus	1278221	G	6774	1106	7880	0.00037
Raineyella	1911549	G	3976	483	4459	0.00021
Arachnia	2801844	G	3841	258	4099	0.00019
Cutibacterium	1912216	G	3809	809	4618	0.00022
Kribbella	182639	G	67992	9226	77218	0.00362
Actinopolymorpha	117156	G	16044	1630	17674	0.00083
Mycolicibacterium	1866885	G	253099	43191	296290	0.01387
Mycobacterium	1763	G	241049	55190	296239	0.01387
Mycolicibacter	1073531	G	17312	6628	23940	0.00112
Mycobacteroides	670516	G	14522	4420	18942	0.00089
Mycolicibacillus	2126281	G	3384	854	4238	0.00020
Hoyosella	697025	G	1526	75	1601	0.00007
Rhodococcus	1827	G	155963	35436	191399	0.00896
Nocardia	1817	G	150356	24020	174376	0.00816
Corynebacterium	1716	G	86499	19176	105675	0.00495
Gordonia	2053	G	72832	14411	87243	0.00408
Skermania	59613	G	3511	361	3872	0.00018
Tsukamurella	2060	G	23835	5447	29282	0.00137
Dietzia	37914	G	13793	3116	16909	0.00079
Tomitella	741759	G	8234	1541	9775	0.00046
Segniliparus	286801	G	2017	100	2117	0.00010
Pseudonocardia	1847	G	270433	43565	313998	0.01470
Amycolatopsis	1813	G	264707	48608	313315	0.01467
Saccharopolyspora	1835	G	53383	9544	62927	0.00295
Saccharothrix	2071	G	43292	11199	54491	0.00255
Kutzneria	43356	G	28100	5362	33462	0.00157
Saccharomonospora	1851	G	28099	4655	32754	0.00153
Actinoalloteichus	65496	G	17905	1563	19468	0.00091
Actinosynnema	40566	G	16207	4558	20765	0.00097
Lentzea	165301	G	15793	3064	18857	0.00088
Kibdelosporangium	2029	G	12652	1400	14052	0.00066
Allokutzneria	1137960	G	11410	2508	13918	0.00065
Alloactinosynnema	674734	G	10244	2086	12330	0.00058
Prauserella	142577	G	5779	486	6265	0.00029
Allosaccharopolyspora	2893576	G	4690	937	5627	0.00026
Micromonospora	1873	G	260556	61815	322371	0.01509
Actinoplanes	1865	G	185412	31385	216797	0.01015
Phytohabitans	907364	G	34171	4091	38262	0.00179
Dactylosporangium	35753	G	32007	3230	35237	0.00165
Plantactinospora	673534	G	26000	4249	30249	0.00142
Couchioplanes	56433	G	25915	5889	31804	0.00149
Actinocatenispora	390988	G	23198	2660	25858	0.00121
Catellatospora	53365	G	18065	3604	21669	0.00101
Polymorphospora	338583	G	12083	2391	14474	0.00068
Natronosporangium	2920401	G	6805	423	7228	0.00034
Verrucosispora	84593	G	5501	3712	9213	0.00043
Salinispora	168694	G	4048	608	4656	0.00022
Actinomadura	1988	G	159648	27754	187402	0.00877
Thermomonospora	2019	G	19618	5273	24891	0.00117
Nonomuraea	83681	G	120650	18754	139404	0.00653
Streptosporangium	2000	G	42841	7532	50373	0.00236
Thermobispora	147067	G	8703	1822	10525	0.00049
Nocardiopsis	2013	G	32535	5562	38097	0.00178
Thermobifida	83677	G	12116	2261	14377	0.00067
Streptomonospora	104204	G	6699	1195	7894	0.00037
Spiractinospora	2913367	G	4595	275	4870	0.00023
Blastococcus	38501	G	112443	30989	143432	0.00672
Modestobacter	88138	G	85226	24563	109789	0.00514
Geodermatophilus	1860	G	60196	18958	79154	0.00371
Actinomyces	1654	G	40153	5098	45251	0.00212
Schaalia	2529408	G	5209	828	6037	0.00028
Flaviflexus	1522056	G	2851	633	3484	0.00016
Trueperella	1069494	G	2605	726	3331	0.00016
Pauljensenia	2740557	G	1442	429	1871	0.00009
Nanchangia	2888879	G	1258	125	1383	0.00006
Frankia	1854	G	53671	4827	58498	0.00274
Jiangella	281472	G	33081	5226	38307	0.00179
Nakamurella	53460	G	23029	2809	25838	0.00121
Bifidobacterium	1678	G	21353	5402	26755	0.00125
Catenulispora	414878	G	12971	1707	14678	0.00069
Jatrophihabitans	1434010	G	10594	842	11436	0.00054
Stackebrandtia	283810	G	7735	631	8366	0.00039
Natronoglycomyces	2838311	G	1038	33	1071	0.00005
Kineococcus	33981	G	7763	1941	9704	0.00045
Epidermidibacterium	2078948	G	4662	2002	6664	0.00031
Actinopolyspora	1849	G	3679	341	4020	0.00019
Acidothermus	28048	G	2425	115	2540	0.00012
Conexibacter	191494	G	243345	33260	276605	0.01295
Miltoncostaea	2843200	G	48197	5793	53990	0.00253
Baekduia	2600304	G	95667	14694	110361	0.00517
Rubrobacter	42255	G	44824	1780	46604	0.00218
Aquihabitans	1648491	G	33946	5200	39146	0.00183
Iamia	467975	G	15876	2318	18194	0.00085
Actinomarinicola	2789775	G	15780	2858	18638	0.00087
Ilumatobacter	682522	G	8420	484	8904	0.00042
Acidimicrobium	53634	G	2847	208	3055	0.00014
Eggerthella	84111	G	5561	1662	7223	0.00034
Gordonibacter	644652	G	2992	1127	4119	0.00019
Adlercreutzia	447020	G	2418	446	2864	0.00013
Arabiibacter	2005386	G	2354	405	2759	0.00013
Raoultibacter	1926677	G	1172	84	1256	0.00006
Olsenella	133925	G	3801	634	4435	0.00021
Parolsenella	2082587	G	2295	698	2993	0.00014
Parafannyhessea	2847312	G	1371	719	2090	0.00010
Thermophilibacter	2847307	G	1320	433	1753	0.00008
Collinsella	102106	G	3380	901	4281	0.00020
Egibacter	1747770	G	8325	441	8766	0.00041
Egicoccus	1755825	G	7520	1040	8560	0.00040
Euzebya	908623	G	7423	545	7968	0.00037
Priestia	2800373	G	45124	36993	82117	0.00384
Bacillus	1386	G	28920	48926	77846	0.00364
Neobacillus	2675232	G	10513	4693	15206	0.00071
Peribacillus	2675229	G	4339	2063	6402	0.00030
Geobacillus	129337	G	4061	1186	5247	0.00025
Hydrogenibacillus	1609627	G	2819	387	3206	0.00015
Anoxybacillus	150247	G	1879	473	2352	0.00011
Metabacillus	2675233	G	1827	693	2520	0.00012
Cytobacillus	2675230	G	1746	689	2435	0.00011
Lysinibacillus	400634	G	1466	446	1912	0.00009
Parageobacillus	1906945	G	1116	284	1400	0.00007
Paenibacillus	44249	G	64021	6192	70213	0.00329
Brevibacillus	55080	G	5981	1059	7040	0.00033
Cohnella	329857	G	4540	627	5167	0.00024
Thermobacillus	76632	G	2706	341	3047	0.00014
Saccharibacillus	456492	G	2016	228	2244	0.00011
Alicyclobacillus	29330	G	4148	318	4466	0.00021
Tumebacillus	432330	G	2749	932	3681	0.00017
Kyrpidia	1129704	G	1159	60	1219	0.00006
Planococcus	1372	G	2244	678	2922	0.00014
Sporosarcina	1569	G	1015	245	1260	0.00006
Exiguobacterium	33986	G	1930	558	2488	0.00012
Staphylococcus	1279	G	1318	2994	4312	0.00020
Streptococcus	1301	G	1820	2663	4483	0.00021
Faecalibacterium	216851	G	2969	2314	5283	0.00025
Dysosmobacter	2591381	G	1712	934	2646	0.00012
Flavonifractor	946234	G	1657	523	2180	0.00010
Thermaerobacter	73918	G	9760	731	10491	0.00049
Clostridium	1485	G	6464	1316	7780	0.00036
Symbiobacterium	2733	G	3887	310	4197	0.00020
Candidatus Desulforudis	471826	G	1079	78	1157	0.00005
Christensenella	990721	G	1401	639	2040	0.00010
Heliomicrobium	2831443	G	1103	626	1729	0.00008
Moorella	44260	G	1736	101	1837	0.00009
Gelria	189326	G	1324	128	1452	0.00007
Selenomonas	970	G	4714	278	4992	0.00023
Megasphaera	906	G	1328	514	1842	0.00009
Limnochorda	1676651	G	3711	136	3847	0.00018
Deinococcus	1298	G	45367	2022	47389	0.00222
Thermus	270	G	6814	486	7300	0.00034
Oceanithermus	208447	G	3808	357	4165	0.00020
Meiothermus	65551	G	3530	198	3728	0.00017
Marinithermus	186191	G	2354	345	2699	0.00013
Truepera	332248	G	3267	156	3423	0.00016
Synechococcus	1129	G	21188	2327	23515	0.00110
Cyanobium	167375	G	4456	962	5418	0.00025
Nostoc	1177	G	3505	1513	5018	0.00023
Calothrix	1186	G	1779	522	2301	0.00011
Gloeobacter	33071	G	6200	163	6363	0.00030
Leptolyngbya	47251	G	3080	278	3358	0.00016
Geitlerinema	63132	G	1100	456	1556	0.00007
Sphaerobacter	2056	G	9175	441	9616	0.00045
Thermomicrobium	499	G	2386	38	2424	0.00011
Roseiflexus	120961	G	6771	315	7086	0.00033
Chloroflexus	1107	G	2278	79	2357	0.00011
Tepidiforma	2682228	G	6033	225	6258	0.00029
Candidatus Promineofilum	1988031	G	5546	99	5645	0.00026
Caldilinea	233191	G	2760	144	2904	0.00014
Ktedonosporobacter	2692417	G	2035	49	2084	0.00010
Dehalogenimonas	670486	G	1178	46	1224	0.00006
Thermobaculum	262406	G	1058	123	1181	0.00006
Fimbriimonas	1005038	G	3261	17	3278	0.00015
Bradyrhizobium	374	G	924339	103423	1027762	0.04812
Rhodopseudomonas	1073	G	49687	13258	62945	0.00295
Tardiphaga	1395974	G	18604	2191	20795	0.00097
Nitrobacter	911	G	16963	1936	18899	0.00088
Afipia	1033	G	14482	6309	20791	0.00097
Variibacter	1649510	G	11625	805	12430	0.00058
Mesorhizobium	68287	G	209008	37165	246173	0.01152
Aquibium	2911176	G	13800	3004	16804	0.00079
Aminobacter	31988	G	10978	6493	17471	0.00082
Nitratireductor	245876	G	9065	1227	10292	0.00048
Phyllobacterium	28100	G	5872	538	6410	0.00030
Roseitalea	1915401	G	4153	631	4784	0.00022
Hoeflea	274591	G	3448	294	3742	0.00018
Oricola	1594166	G	3007	370	3377	0.00016
Salaquimonas	2712688	G	1244	49	1293	0.00006
Rhizobium	379	G	122769	30100	152869	0.00716
Agrobacterium	357	G	24336	7688	32024	0.00150
Neorhizobium	1525371	G	11861	2533	14394	0.00067
Pseudorhizobium	1903858	G	3476	596	4072	0.00019
Sinorhizobium	28105	G	28495	12674	41169	0.00193
Ensifer	106591	G	28461	5169	33630	0.00157
Shinella	323620	G	20773	13950	34723	0.00163
Ciceribacter	1648508	G	2756	505	3261	0.00015
Georhizobium	2661800	G	2686	525	3211	0.00015
Methylobacterium	407	G	136671	22934	159605	0.00747
Microvirga	186650	G	65904	6925	72829	0.00341
Methylorubrum	2282523	G	29672	11415	41087	0.00192
Pseudolabrys	556257	G	68843	9452	78295	0.00367
Starkeya	152053	G	18150	4394	22544	0.00106
Xanthobacter	279	G	18070	3914	21984	0.00103
Ancylobacter	99	G	17044	5536	22580	0.00106
Labrys	204476	G	6746	642	7388	0.00035
Azorhizobium	6	G	5959	1180	7139	0.00033
Rhodoplanes	29407	G	85285	7595	92880	0.00435
Hyphomicrobium	81	G	17341	1077	18418	0.00086
Methyloceanibacter	1484898	G	7574	459	8033	0.00038
Methyloligella	1485594	G	4976	544	5520	0.00026
Aquabacter	45402	G	4863	739	5602	0.00026
Rhodomicrobium	1068	G	3647	225	3872	0.00018
Caenibius	2827482	G	2548	1028	3576	0.00017
Filomicrobium	119044	G	1479	37	1516	0.00007
Bosea	85413	G	54337	7769	62106	0.00291
Devosia	46913	G	31601	2329	33930	0.00159
Paradevosia	1573407	G	3730	1250	4980	0.00023
Youhaiella	1827478	G	3679	719	4398	0.00021
Pelagibacterium	1082930	G	1874	220	2094	0.00010
Aureimonas	414371	G	23235	4306	27541	0.00129
Martelella	293088	G	12165	2277	14442	0.00068
Aurantimonas	182269	G	6323	1706	8029	0.00038
Pseudorhodoplanes	1734920	G	15712	1058	16770	0.00079
Nordella	169055	G	14404	729	15133	0.00071
Terrihabitans	2874214	G	3751	386	4137	0.00019
Methylocystis	133	G	21244	1725	22969	0.00108
Methylosinus	425	G	10596	1461	12057	0.00056
Phreatobacter	1632780	G	26666	4151	30817	0.00144
Stappia	152161	G	9869	1692	11561	0.00054
Roseibium	150830	G	4731	525	5256	0.00025
Pannonibacter	227873	G	4479	2831	7310	0.00034
Labrenzia	478070	G	4100	308	4408	0.00021
Methylocella	120652	G	7744	654	8398	0.00039
Methylovirgula	1156568	G	6433	492	6925	0.00032
Beijerinckia	532	G	1789	129	1918	0.00009
Blastochloris	59282	G	15938	3466	19404	0.00091
Kaustia	2838250	G	7781	700	8481	0.00040
Parvibaculum	256616	G	3615	2379	5994	0.00028
Pyruvatibacter	1742974	G	2352	277	2629	0.00012
Candidatus Phaeomarinobacter	1541445	G	1074	53	1127	0.00005
Chelatococcus	28209	G	14348	2971	17319	0.00081
Acuticoccus	1904377	G	8641	871	9512	0.00045
Kaistia	166953	G	8597	1956	10553	0.00049
Brucella	234	G	7076	13572	20648	0.00097
Hartmannibacter	1572860	G	5304	871	6175	0.00029
Lichenihabitans	2723776	G	5281	236	5517	0.00026
Breoghania	1406135	G	5199	632	5831	0.00027
Sphingomonas	13687	G	273242	33924	307166	0.01438
Sphingobium	165695	G	53409	24859	78268	0.00366
Sphingopyxis	165697	G	49685	9205	58890	0.00276
Novosphingobium	165696	G	35262	11624	46886	0.00220
Rhizorhabdus	1649486	G	16290	6739	23029	0.00108
Sphingosinithalassobacter	2676233	G	6482	1365	7847	0.00037
Allosphingosinicella	2823232	G	5851	640	6491	0.00030
Parasphingopyxis	1234545	G	4264	190	4454	0.00021
Sphingorhabdus	1434046	G	3768	221	3989	0.00019
Blastomonas	150203	G	3445	565	4010	0.00019
Hankyongella	1763827	G	2783	466	3249	0.00015
Tardibacter	2685927	G	2348	1531	3879	0.00018
Citromicrobium	72173	G	1969	780	2749	0.00013
Novosphingopyxis	2709686	G	1799	865	2664	0.00012
Parasphingorhabdus	2709685	G	1109	32	1141	0.00005
Aquisediminimonas	2676781	G	1050	37	1087	0.00005
Erythrobacter	1041	G	22646	5021	27667	0.00130
Porphyrobacter	1111	G	7089	1735	8824	0.00041
Qipengyuania	1855416	G	14282	3231	17513	0.00082
Croceicoccus	1295327	G	8572	4461	13033	0.00061
Altererythrobacter	361177	G	7803	1699	9502	0.00044
Tsuneonella	2800686	G	7743	1366	9109	0.00043
Aurantiacibacter	2800681	G	1673	229	1902	0.00009
Pelagerythrobacter	2800685	G	1513	182	1695	0.00008
Paraurantiacibacter	2800682	G	1423	162	1585	0.00007
Croceibacterium	2676755	G	1324	450	1774	0.00008
Sphingosinicella	335405	G	13434	1268	14702	0.00069
Polymorphobacter	1508451	G	7269	268	7537	0.00035
Sandaracinobacter	56358	G	2953	186	3139	0.00015
Azospirillum	191	G	82739	9657	92396	0.00433
Skermanella	204447	G	37331	4917	42248	0.00198
Nitrospirillum	1543705	G	6183	626	6809	0.00032
Indioceanicola	2478349	G	4403	523	4926	0.00023
Niveispirillum	1543704	G	2392	228	2620	0.00012
Roseomonas	125216	G	52139	7188	59327	0.00278
Rhodovastum	504465	G	12589	1121	13710	0.00064
Komagataeibacter	1434011	G	7807	3104	10911	0.00051
Acidiphilium	522	G	7173	4058	11231	0.00053
Roseococcus	35812	G	6604	535	7139	0.00033
Sediminicoccus	1706033	G	5294	237	5531	0.00026
Acidibrevibacterium	2603324	G	5034	404	5438	0.00025
Lichenicola	2804525	G	4865	207	5072	0.00024
Acetobacter	434	G	4186	1185	5371	0.00025
Gluconacetobacter	89583	G	3106	554	3660	0.00017
Gluconobacter	441	G	2937	655	3592	0.00017
Granulibacter	364409	G	2111	163	2274	0.00011
Asaia	91914	G	1351	197	1548	0.00007
Neoasaia	320496	G	1234	213	1447	0.00007
Hypericibacter	2705399	G	23742	1303	25045	0.00117
Magnetospirillum	13134	G	14712	269483	284195	0.01331
Rhodospirillum	1081	G	8963	935	9898	0.00046
Tistrella	171436	G	6475	2741	9216	0.00043
Ferrovibrio	1231242	G	4939	285	5224	0.00024
Defluviicoccus	111830	G	3616	293	3909	0.00018
Pararhodospirillum	1612157	G	1882	130	2012	0.00009
Stella	93	G	13918	877	14795	0.00069
Elioraea	457933	G	6577	300	6877	0.00032
Thalassospira	168934	G	2509	205	2714	0.00013
Magnetospira	1182780	G	1323	40	1363	0.00006
Paracoccus	265	G	45132	6728	51860	0.00243
Cereibacter	1653176	G	12208	2485	14693	0.00069
Rhodobacter	1060	G	11776	3110	14886	0.00070
Rhodovulum	34008	G	6763	1329	8092	0.00038
Polymorphum	991903	G	5495	1223	6718	0.00031
Paroceanicella	2683599	G	5199	1163	6362	0.00030
Thioclava	285107	G	3630	388	4018	0.00019
Pikeienuella	2831955	G	3623	307	3930	0.00018
Pontivivens	1844015	G	3350	222	3572	0.00017
Pelagovum	2795377	G	2895	312	3207	0.00015
Silicimonas	1955420	G	2860	145	3005	0.00014
Frigidibacter	1775705	G	2462	906	3368	0.00016
Pukyongiella	2831925	G	2344	468	2812	0.00013
Brevirhabdus	1855413	G	2175	858	3033	0.00014
Gymnodinialimonas	2937410	G	1860	151	2011	0.00009
Fuscovulum	2818469	G	1703	178	1881	0.00009
Haematobacter	366614	G	1640	569	2209	0.00010
Pseudopuniceibacterium	2613960	G	1636	109	1745	0.00008
Gemmobacter	204456	G	1540	283	1823	0.00009
Falsirhodobacter	1434002	G	1529	184	1713	0.00008
Pacificitalea	2846749	G	1515	277	1792	0.00008
Tabrizicola	1443919	G	1393	104	1497	0.00007
Pseudooceanicola	1679449	G	1349	112	1461	0.00007
Monaibacterium	2029873	G	1223	237	1460	0.00007
Roseicitreum	1209946	G	1163	51	1214	0.00006
Roseovarius	74030	G	11982	1529	13511	0.00063
Sulfitobacter	60136	G	11585	1789	13374	0.00063
Salipiger	263377	G	9438	2515	11953	0.00056
Roseivivax	93682	G	7072	898	7970	0.00037
Celeribacter	875170	G	5062	1605	6667	0.00031
Phaeobacter	302485	G	4553	757	5310	0.00025
Leisingera	191028	G	4215	463	4678	0.00022
Ruegeria	97050	G	3931	484	4415	0.00021
Pseudosulfitobacter	2854186	G	3321	735	4056	0.00019
Sagittula	58842	G	3137	1039	4176	0.00020
Yangia	2919626	G	3079	439	3518	0.00016
Ponticoccus	983507	G	2303	290	2593	0.00012
Mameliella	1434019	G	2171	327	2498	0.00012
Dinoroseobacter	309512	G	2040	594	2634	0.00012
Roseobacter	2433	G	1974	46	2020	0.00009
Ketogulonicigenium	92944	G	1803	256	2059	0.00010
Octadecabacter	53945	G	1786	98	1884	0.00009
Roseibacterium	159345	G	1727	126	1853	0.00009
Actibacterium	1433986	G	1677	661	2338	0.00011
Oceanicola	252301	G	1576	69	1645	0.00008
Maribius	387095	G	1184	53	1237	0.00006
Thalassococcus	436357	G	1148	25	1173	0.00005
Antarctobacter	74032	G	1095	47	1142	0.00005
Jannaschia	188905	G	1067	24	1091	0.00005
Tateyamaria	299261	G	1054	29	1083	0.00005
Caulobacter	75	G	54369	5897	60266	0.00282
Brevundimonas	41275	G	43506	5852	49358	0.00231
Phenylobacterium	20	G	15769	2293	18062	0.00085
Asticcacaulis	76890	G	3810	264	4074	0.00019
Terricaulis	2768684	G	3639	113	3752	0.00018
Marinicauda	1649466	G	3980	598	4578	0.00021
Maricaulis	74317	G	1324	75	1399	0.00007
Glycocaulis	1433402	G	1279	58	1337	0.00006
Hyphomonas	85	G	4532	189	4721	0.00022
Candidatus Viadribacter	2892997	G	2150	50	2200	0.00010
Aquisalinus	1795639	G	1695	72	1767	0.00008
Burkholderia	32008	G	223922	131420	355342	0.01664
Cupriavidus	106589	G	120966	37409	158375	0.00741
Paraburkholderia	1822464	G	112508	12201	124709	0.00584
Ralstonia	48736	G	32892	21207	54099	0.00253
Pandoraea	93217	G	30868	4856	35724	0.00167
Caballeronia	1827195	G	30814	3773	34587	0.00162
Polynucleobacter	44013	G	2892	77	2969	0.00014
Lautropia	47670	G	2215	396	2611	0.00012
Chitinimonas	240411	G	1899	149	2048	0.00010
Mycetohabitans	2571159	G	1582	104	1686	0.00008
Variovorax	34072	G	122558	41283	163841	0.00767
Hydrogenophaga	47420	G	46217	20386	66603	0.00312
Acidovorax	12916	G	43195	21912	65107	0.00305
Ramlibacter	174951	G	30451	11751	42202	0.00198
Comamonas	283	G	26681	11961	38642	0.00181
Rhodoferax	28065	G	22205	5234	27439	0.00128
Schlegelella	215579	G	15123	4607	19730	0.00092
Diaphorobacter	238749	G	14058	14650	28708	0.00134
Delftia	80865	G	13075	12711	25786	0.00121
Polaromonas	52972	G	12656	946	13602	0.00064
Kinneretia	683756	G	9618	5686	15304	0.00072
Ottowia	219181	G	7663	1317	8980	0.00042
Alicycliphilus	201096	G	6819	11062	17881	0.00084
Melaminivora	1649468	G	5925	5359	11284	0.00053
Serpentinimonas	2490452	G	4166	975	5141	0.00024
Verminephrobacter	364316	G	3476	420	3896	0.00018
Hylemonella	232523	G	2796	397	3193	0.00015
Pulveribacter	2678886	G	2752	1398	4150	0.00019
Simplicispira	352450	G	2004	739	2743	0.00013
Limnohabitans	665874	G	1260	120	1380	0.00006
Curvibacter	281915	G	1008	71	1079	0.00005
Massilia	149698	G	105648	18323	123971	0.00580
Duganella	75654	G	9844	3222	13066	0.00061
Herbaspirillum	963	G	20306	3830	24136	0.00113
Janthinobacterium	29580	G	20213	4003	24216	0.00113
Collimonas	202907	G	9042	1010	10052	0.00047
Noviherbaspirillum	1344552	G	5503	920	6423	0.00030
Undibacterium	401469	G	1222	78	1300	0.00006
Achromobacter	222	G	62556	27003	89559	0.00419
Bordetella	517	G	57383	33574	90957	0.00426
Pigmentiphaga	152267	G	9404	1043	10447	0.00049
Orrella	1921582	G	4231	1293	5524	0.00026
Castellaniella	359336	G	4044	2740	6784	0.00032
Alcaligenes	507	G	2656	624	3280	0.00015
Pusillimonas (ex Stolz et al. 2005)	305976	G	1944	364	2308	0.00011
Paralcaligenes	1148163	G	1270	50	1320	0.00006
Kerstersia	257820	G	1200	248	1448	0.00007
Rhizobacter	212743	G	20298	4527	24825	0.00116
Sphaerotilus	34102	G	12674	6431	19105	0.00089
Methylibium	316612	G	9996	3073	13069	0.00061
Rubrivivax	28067	G	9990	3181	13171	0.00062
Thiomonas	32012	G	8386	532	8918	0.00042
Aquincola	391952	G	7540	2671	10211	0.00048
Mitsuaria	65047	G	7442	1506	8948	0.00042
Leptothrix	88	G	7113	2300	9413	0.00044
Xylophilus	54066	G	5642	1693	7335	0.00034
Ideonella	36862	G	4168	2571	6739	0.00032
Tepidimonas	114248	G	3660	1361	5021	0.00024
Aquabacterium	92793	G	3239	878	4117	0.00019
Roseateles	93681	G	3140	613	3753	0.00018
Inhella	644355	G	2188	357	2545	0.00012
Paucibacter	318147	G	1851	325	2176	0.00010
Sutterella	40544	G	2907	262	3169	0.00015
Thauera	33057	G	25840	16267	42107	0.00197
Azoarcus	12960	G	21460	6913	28373	0.00133
Nitrogeniibacter	2891294	G	6841	1087	7928	0.00037
Aromatoleum	551759	G	20680	6109	26789	0.00125
Azospira	146937	G	14250	6663	20913	0.00098
Niveibacterium	1769726	G	3662	525	4187	0.00020
Oryzomicrobium	1911577	G	2717	685	3402	0.00016
Dechloromonas	73029	G	5994	1031	7025	0.00033
Ferribacterium	88875	G	4986	842	5828	0.00027
Quatrionicoccus	138117	G	2404	705	3109	0.00015
Usitatibacter	2803845	G	44976	3545	48521	0.00227
Denitratisoma	311181	G	5433	2808	8241	0.00039
Sulfuritalea	1054211	G	4477	708	5185	0.00024
Methyloversatilis	378210	G	3896	536	4432	0.00021
Sterolibacterium	157591	G	2793	798	3591	0.00017
Sideroxydans	314343	G	3938	549	4487	0.00021
Ferrigenium	2249462	G	2784	589	3373	0.00016
Thiobacillus	919	G	5337	1065	6402	0.00030
Sulfuritortus	1938335	G	3603	1571	5174	0.00024
Nitrosospira	35798	G	6701	221	6922	0.00032
Nitrosomonas	914	G	2219	222	2441	0.00011
Sulfurimicrobium	2772198	G	2828	379	3207	0.00015
Sulfuriferula	1778653	G	2632	440	3072	0.00014
Sulfuricella	935200	G	1450	141	1591	0.00007
Chromobacterium	535	G	19876	4366	24242	0.00113
Jeongeupia	885864	G	5725	1045	6770	0.00032
Paludibacterium	400060	G	4757	790	5547	0.00026
Pseudogulbenkiania	568394	G	3333	1074	4407	0.00021
Vogesella	57739	G	3179	754	3933	0.00018
Aquitalea	407217	G	2540	462	3002	0.00014
Microvirgula	57479	G	2491	462	2953	0.00014
Laribacter	168470	G	1767	1582	3349	0.00016
Aquaspirillum	187	G	1182	169	1351	0.00006
Neisseria	482	G	6732	2444	9176	0.00043
Crenobacter	1654931	G	4176	1337	5513	0.00026
Chitinolyticbacter	1055692	G	2684	325	3009	0.00014
Vitreoscilla	59	G	1373	234	1607	0.00008
Casimicrobium	2706000	G	3093	1459	4552	0.00021
Lysobacter	68	G	123352	18822	142174	0.00666
Stenotrophomonas	40323	G	54235	22223	76458	0.00358
Xanthomonas	338	G	54152	30288	84440	0.00395
Luteimonas	83614	G	32500	6232	38732	0.00181
Pseudoxanthomonas	83618	G	22888	9618	32506	0.00152
Thermomonas	141948	G	14715	3821	18536	0.00087
Arenimonas	490567	G	4174	789	4963	0.00023
Pseudolysobacter	2709666	G	2581	66	2647	0.00012
Luteibacter	242605	G	19006	2015	21021	0.00098
Rhodanobacter	75309	G	14818	3075	17893	0.00084
Dyella	231454	G	13438	2114	15552	0.00073
Frateuria	70411	G	10798	2564	13362	0.00063
Dokdonella	323413	G	7487	1247	8734	0.00041
Aerosticca	2707020	G	3467	4389	7856	0.00037
Ahniella	2233801	G	1955	48	2003	0.00009
Pseudomonas	286	G	369774	105973	475747	0.02227
Azotobacter	352	G	8571	9158	17729	0.00083
Halopseudomonas	2901189	G	4442	703	5145	0.00024
Marinobacter	2742	G	9003	689	9692	0.00045
Klebsiella	570	G	10637	71700	82337	0.00385
Raoultella	160674	G	2728	1694	4422	0.00021
Enterobacter	547	G	11917	24644	36561	0.00171
Citrobacter	544	G	5310	5837	11147	0.00052
Cronobacter	413496	G	3419	779	4198	0.00020
Kosakonia	1330547	G	2950	499	3449	0.00016
Leclercia	83654	G	2910	1717	4627	0.00022
Salmonella	590	G	2418	57550	59968	0.00281
Pluralibacter	1330546	G	2066	501	2567	0.00012
Escherichia	561	G	1834	36118	37952	0.00178
Cedecea	158483	G	1654	235	1889	0.00009
Lelliottia	1330545	G	1042	212	1254	0.00006
Serratia	613	G	18107	4597	22704	0.00106
Rahnella	34037	G	1709	436	2145	0.00010
Yersinia	629	G	1644	1680	3324	0.00016
Nissabacter	1964366	G	1173	166	1339	0.00006
Pantoea	53335	G	10769	1999	12768	0.00060
Erwinia	551	G	4181	713	4894	0.00023
Mixta	2100764	G	2414	663	3077	0.00014
Dickeya	204037	G	4988	749	5737	0.00027
Pectobacterium	122277	G	2881	554	3435	0.00016
Brenneria	71655	G	1860	139	1999	0.00009
Edwardsiella	635	G	3064	1243	4307	0.00020
Sodalis	84565	G	2144	142	2286	0.00011
Thioalkalivibrio	106633	G	12307	1905	14212	0.00067
Spiribacter	1335745	G	7962	518	8480	0.00040
Acidihalobacter	1765964	G	5384	413	5797	0.00027
Halorhodospira	85108	G	2663	204	2867	0.00013
Aquisalimonas	406099	G	2334	145	2479	0.00012
Alkalilimnicola	133193	G	2196	251	2447	0.00011
Ectothiorhodospira	1051	G	1974	169	2143	0.00010
Thiodictyon	53392	G	4590	225	4815	0.00023
Allochromatium	85072	G	4400	951	5351	0.00025
Thioflavicoccus	156885	G	3930	335	4265	0.00020
Marichromatium	85076	G	3897	697	4594	0.00022
Thiocapsa	1056	G	3088	152	3240	0.00015
Thiocystis	13724	G	2511	201	2712	0.00013
Thermochromatium	85073	G	1426	317	1743	0.00008
Nitrosococcus	1227	G	1023	28	1051	0.00005
Wenzhouxiangella	1676142	G	4067	183	4250	0.00020
Thiohalobacter	1273155	G	3109	331	3440	0.00016
Guyparkeria	2035712	G	2516	560	3076	0.00014
Sulfurivermis	2034504	G	2265	782	3047	0.00014
Halothiobacillus	109262	G	1488	111	1599	0.00007
Woeseia	1738655	G	1201	18	1219	0.00006
Halomonas	2745	G	45345	6237	51582	0.00241
Cobetia	204286	G	2832	1852	4684	0.00022
Halotalea	376488	G	2571	466	3037	0.00014
Salinicola	404432	G	2418	254	2672	0.00013
Kushneria	504090	G	1855	88	1943	0.00009
Chromohalobacter	42054	G	1769	178	1947	0.00009
Pistricoccus	1897649	G	1087	69	1156	0.00005
Alcanivorax	59753	G	5791	2527	8318	0.00039
Marinobacterium	48075	G	1826	218	2044	0.00010
Hahella	158481	G	1306	46	1352	0.00006
Aeromonas	642	G	25629	18662	44291	0.00207
Zobellella	347533	G	1735	370	2105	0.00010
Methylococcus	413	G	8582	620	9202	0.00043
Methylomonas	416	G	5564	185	5749	0.00027
Methylomagnum	1760987	G	2697	119	2816	0.00013
Methylomicrobium	39773	G	2370	506	2876	0.00013
Methylogaea	1295378	G	2140	165	2305	0.00011
Methylocaldum	73778	G	2137	119	2256	0.00011
Sulfurifustis	1692042	G	8860	521	9381	0.00044
Sulfuricaulis	1744881	G	3794	267	4061	0.00019
Acidiferrobacter	986106	G	2936	53	2989	0.00014
Shewanella	22	G	7534	1233	8767	0.00041
Pseudoalteromonas	53246	G	2094	269	2363	0.00011
Solimonas	413435	G	6917	654	7571	0.00035
Flagellatimonas	2893022	G	2146	125	2271	0.00011
Sinimarinibacterium	1861863	G	1201	586	1787	0.00008
Steroidobacter	469322	G	4511	1087	5598	0.00026
Microbulbifer	48073	G	7252	390	7642	0.00036
Kineobactrum	2678529	G	1361	60	1421	0.00007
Halioglobus	1217416	G	1138	43	1181	0.00006
Cellvibrio	10	G	1375	57	1432	0.00007
Spongiibacter	630749	G	1072	97	1169	0.00005
Vibrio	662	G	7169	2131	9300	0.00044
Photobacterium	657	G	1101	193	1294	0.00006
Acinetobacter	469	G	3217	1309	4526	0.00021
Immundisolibacter	1934947	G	4015	698	4713	0.00022
Candidatus Endoriftia	393764	G	1129	100	1229	0.00006
Thiothrix	1030	G	1223	39	1262	0.00006
Salinisphaera	180541	G	2668	104	2772	0.00013
Legionella	445	G	1688	140	1828	0.00009
Cardiobacterium	2717	G	1406	188	1594	0.00007
Archangium	47	G	82402	8267	90669	0.00424
Cystobacter	42	G	13770	3075	16845	0.00079
Stigmatella	40	G	12833	929	13762	0.00064
Melittangium	44	G	10349	2115	12464	0.00058
Corallococcus	83461	G	50698	4314	55012	0.00258
Myxococcus	32	G	38092	52287	90379	0.00423
Pyxidicoccus	224458	G	18216	781	18997	0.00089
Anaeromyxobacter	161492	G	102182	7058	109240	0.00511
Vulgatibacter	1524214	G	10223	743	10966	0.00051
Sorangium	39643	G	131665	14972	146637	0.00687
Polyangium	55	G	31462	2727	34189	0.00160
Chondromyces	50	G	15079	638	15717	0.00074
Sandaracinus	1055688	G	50321	2552	52873	0.00248
Labilithrix	1524217	G	24668	1023	25691	0.00120
Haliangium	162027	G	21912	1062	22974	0.00108
Geomonas	2651583	G	18015	2669	20684	0.00097
Geobacter	28231	G	14487	1420	15907	0.00074
Citrifermentans	2883512	G	6162	1331	7493	0.00035
Geotalea	2910589	G	2493	152	2645	0.00012
Geoalkalibacter	392332	G	1180	873	2053	0.00010
Desulfuromonas	890	G	10775	1216	11991	0.00056
Pelobacter	18	G	1706	548	2254	0.00011
Syntrophotalea	2812025	G	2241	233	2474	0.00012
Pseudodesulfovibrio	2035811	G	10014	1687	11701	0.00055
Desulfovibrio	872	G	9892	1204	11096	0.00052
Solidesulfovibrio	2910984	G	6487	614	7101	0.00033
Oceanidesulfovibrio	2905722	G	2636	144	2780	0.00013
Desulfocurvibacter	2582840	G	1882	124	2006	0.00009
Desulfolutivibrio	2773294	G	1787	418	2205	0.00010
Megalodesulfovibrio	2910978	G	1619	70	1689	0.00008
Desulfomicrobium	898	G	2035	203	2238	0.00010
Desulfosarcina	2299	G	4565	605	5170	0.00024
Desulfococcus	896	G	1025	200	1225	0.00006
Desulfobulbus	893	G	2525	397	2922	0.00014
Desulfurivibrio	427922	G	1008	46	1054	0.00005
Desulfosudis	2904716	G	1096	69	1165	0.00005
Persicimonas	2766927	G	7789	224	8013	0.00038
Bradymonas	1779136	G	2627	1136	3763	0.00018
Syntrophobacter	29526	G	1782	618	2400	0.00011
Desulfoglaeba	361106	G	1366	66	1432	0.00007
Desulfarculus	453229	G	2893	1411	4304	0.00020
Campylobacter	194	G	1556	207	1763	0.00008
Sulfurimonas	202746	G	1081	89	1170	0.00005
Acidithiobacillus	119977	G	3212	316	3528	0.00017
Bdellovibrio	958	G	1214	55	1269	0.00006
Hydrogenophilus	70774	G	1052	198	1250	0.00006
Gemmata	113	G	42765	3994	46759	0.00219
Urbifossiella	2807415	G	36612	3113	39725	0.00186
Frigoriglobus	2774146	G	22761	3691	26452	0.00124
Limnoglobus	2731450	G	19164	879	20043	0.00094
Tuwongella	2051044	G	2303	91	2394	0.00011
Telmatocola	1382832	G	2078	19	2097	0.00010
Aquisphaera	1511635	G	30012	4536	34548	0.00162
Tautonia	2680020	G	27891	2198	30089	0.00141
Paludisphaera	1763521	G	19986	3864	23850	0.00112
Singulisphaera	466152	G	18736	2422	21158	0.00099
Isosphaera	127	G	2919	187	3106	0.00015
Stieleria	2795973	G	6108	585	6693	0.00031
Lignipirellula	2795775	G	5630	537	6167	0.00029
Rosistilla	2795779	G	5446	337	5783	0.00027
Anatilimnocola	2807414	G	5142	463	5605	0.00026
Pirellula	123	G	3514	102	3616	0.00017
Bremerella	2714594	G	3481	218	3699	0.00017
Roseimaritima	1579506	G	3242	180	3422	0.00016
Rubripirellula	1579505	G	1470	234	1704	0.00008
Mariniblastus	2005380	G	1125	18	1143	0.00005
Rhodopirellula	265488	G	1053	62	1115	0.00005
Aureliella	2795605	G	1000	67	1067	0.00005
Lacipirellula	2691417	G	16314	1024	17338	0.00081
Pirellulimonas	2795783	G	7945	799	8744	0.00041
Botrimarina	2795782	G	6673	580	7253	0.00034
Aeoliella	2795781	G	2611	202	2813	0.00013
Adhaeretor	2862451	G	1559	138	1697	0.00008
Bythopirellula	1400386	G	1314	88	1402	0.00007
Thermogutta	1676125	G	1045	28	1073	0.00005
Planctomyces	118	G	27006	5747	32753	0.00153
Gimesia	1649453	G	8519	399	8918	0.00042
Caulifigura	2795778	G	6816	391	7207	0.00034
Alienimonas	2714737	G	6138	398	6536	0.00031
Maioricimonas	2795777	G	5902	647	6549	0.00031
Symmachiella	2795780	G	2915	150	3065	0.00014
Fuerstiella	1936111	G	1646	25	1671	0.00008
Rubinisphaera	1649490	G	1557	135	1692	0.00008
Crateriforma	2714592	G	1426	249	1675	0.00008
Planctopirus	1649480	G	1404	48	1452	0.00007
Calycomorphotria	2795776	G	1258	41	1299	0.00006
Humisphaera	2807511	G	11779	277	12056	0.00056
Phycisphaera	666508	G	5557	408	5965	0.00028
Mucisphaera	2913022	G	2399	115	2514	0.00012
Opitutus	178440	G	18857	1511	20368	0.00095
Lacunisphaera	1961799	G	6716	799	7515	0.00035
Oleiharenicola	2100741	G	4005	183	4188	0.00020
Nibricoccus	2576890	G	3382	128	3510	0.00016
Ereboglobus	2028344	G	2464	103	2567	0.00012
Ruficoccus	2175957	G	1223	168	1391	0.00007
Verrucomicrobium	2735	G	7276	492	7768	0.00036
Luteolibacter	518753	G	4970	166	5136	0.00024
Roseimicrobium	1348508	G	3394	100	3494	0.00016
Akkermansia	239934	G	2229	149	2378	0.00011
Methylacidimicrobium	1541670	G	2220	167	2387	0.00011
Kiritimatiella	1921784	G	1564	1506	3070	0.00014
Hymenobacter	89966	G	32517	1559	34076	0.00160
Pontibacter	323449	G	3259	385	3644	0.00017
Spirosoma	107	G	6190	289	6479	0.00030
Dyadobacter	120831	G	1848	113	1961	0.00009
Fibrella	861914	G	1785	114	1899	0.00009
Chryseolinea	1433993	G	3333	86	3419	0.00016
Alistipes	239759	G	8463	2596	11059	0.00052
Prevotella	838	G	2877	340	3217	0.00015
Bacteroides	816	G	2287	919	3206	0.00015
Porphyromonas	836	G	1053	103	1156	0.00005
Niastella	354354	G	4575	500	5075	0.00024
Chitinophaga	79328	G	4153	255	4408	0.00021
Flavisolibacter	398041	G	2101	185	2286	0.00011
Panacibacter	1874621	G	1285	61	1346	0.00006
Flavihumibacter	1004301	G	1104	64	1168	0.00005
Flavobacterium	237	G	3983	1107	5090	0.00024
Chryseobacterium	59732	G	2629	952	3581	0.00017
Rhodocaloribacter	2893090	G	6128	575	6703	0.00031
Rhodothermus	29548	G	6084	317	6401	0.00030
Salinibacter	146918	G	4037	66	4103	0.00019
Mucilaginibacter	423349	G	3887	240	4127	0.00019
Pedobacter	84567	G	1822	109	1931	0.00009
Sphingobacterium	28453	G	1420	613	2033	0.00010
Chlorobaculum	256319	G	3180	249	3429	0.00016
Prosthecochloris	1101	G	1325	111	1436	0.00007
Gemmatirosa	1706036	G	105780	9226	115006	0.00538
Gemmatimonas	173479	G	32962	833	33795	0.00158
Luteitalea	2004797	G	98831	5503	104334	0.00488
Granulicella	940557	G	15589	1524	17113	0.00080
Terriglobus	392733	G	11443	1327	12770	0.00060
Acidobacterium	33973	G	8924	710	9634	0.00045
Candidatus Koribacter	658061	G	8530	282	8812	0.00041
Edaphobacter	388463	G	5470	660	6130	0.00029
Acidisarcina	2608728	G	3279	230	3509	0.00016
Paludibaculum	1649475	G	12853	362	13215	0.00062
Chloracidobacterium	458032	G	5843	166	6009	0.00028
Sulfidibacter	2915177	G	3869	76	3945	0.00018
Nitrospira	1234	G	16796	240	17036	0.00080
Treponema	157	G	1904	279	2183	0.00010
Spirochaeta	146	G	1384	44	1428	0.00007
Pyramidobacter	638847	G	1160	156	1316	0.00006
Candidatus Bipolaricaulis	2250122	G	1051	42	1093	0.00005
Fusarium	5506	G	23937	1459	25396	0.00119
Trichoderma	5543	G	9649	324	9973	0.00047
Metarhizium	5529	G	5735	556	6291	0.00029
Ustilaginoidea	124426	G	1706	66	1772	0.00008
Pochonia	243023	G	1278	56	1334	0.00006
Beauveria	5581	G	5438	160	5598	0.00026
Cordyceps	45234	G	2706	144	2850	0.00013
Purpureocillium	1052105	G	5018	271	5289	0.00025
Drechmeria	98402	G	2332	83	2415	0.00011
Clonostachys	110564	G	2100	118	2218	0.00010
Colletotrichum	5455	G	3177	502	3679	0.00017
Thermothielavioides	2609811	G	4651	266	4917	0.00023
Thermothelomyces	1920207	G	4020	171	4191	0.00020
Neurospora	5140	G	1200	44	1244	0.00006
Pyricularia	48558	G	3864	31	3895	0.00018
Neopestalotiopsis	1562158	G	2750	34	2784	0.00013
Aspergillus	5052	G	6626	344	6970	0.00033
Penicillium	5073	G	3572	159	3731	0.00017
Paecilomyces	33202	G	1041	44	1085	0.00005
Paraphaeosphaeria	125369	G	1294	408	1702	0.00008
Pseudozyma	63298	G	4393	101	4494	0.00021
Phlebiopsis	82309	G	1554	21	1575	0.00007
Phytophthora	4783	G	11735	1605	13340	0.00062
Pythium	4797	G	1168	13	1181	0.00006
