name	taxonomy_id	taxonomy_lvl	kraken_assigned_reads	added_reads	new_est_reads	fraction_total_reads
Streptomycetaceae	2062	F	1863874	296075	2159949	0.16472
Microbacteriaceae	85023	F	356726	39444	396170	0.03021
Micrococcaceae	1268	F	290162	48291	338453	0.02581
Intrasporangiaceae	85021	F	87178	16317	103495	0.00789
Cellulomonadaceae	85016	F	67665	17135	84800	0.00647
Promicromonosporaceae	85017	F	33757	10024	43781	0.00334
Ornithinimicrobiaceae	2805590	F	28595	4439	33034	0.00252
Dermabacteraceae	85020	F	17717	2481	20198	0.00154
Brevibacteriaceae	85019	F	17058	2616	19674	0.00150
Dermacoccaceae	145357	F	15522	2697	18219	0.00139
Bogoriellaceae	145358	F	13290	3019	16309	0.00124
Ruaniaceae	1331736	F	11083	10600	21683	0.00165
Beutenbergiaceae	125316	F	7385	1814	9199	0.00070
Sanguibacteraceae	145360	F	5177	1232	6409	0.00049
Dermatophilaceae	85018	F	2509	176	2685	0.00020
Kytococcaceae	2805426	F	2293	1557	3850	0.00029
Nocardioidaceae	85015	F	640712	93910	734622	0.05602
Propionibacteriaceae	31957	F	58307	9238	67545	0.00515
Kribbellaceae	2726069	F	50372	5563	55935	0.00427
Actinopolymorphaceae	2805400	F	10103	838	10941	0.00083
Mycobacteriaceae	1762	F	349264	31635	380899	0.02905
Nocardiaceae	85025	F	197462	29189	226651	0.01728
Corynebacteriaceae	1653	F	43400	7604	51004	0.00389
Gordoniaceae	85026	F	41185	6788	47973	0.00366
Tsukamurellaceae	85028	F	12273	2341	14614	0.00111
Dietziaceae	85029	F	7069	6312	13381	0.00102
Segniliparaceae	316606	F	1018	41	1059	0.00008
Pseudonocardiaceae	2070	F	500170	54163	554333	0.04227
Micromonosporaceae	28056	F	413030	40584	453614	0.03459
Thermomonosporaceae	2012	F	118942	16825	135767	0.01035
Streptosporangiaceae	2004	F	83076	10003	93079	0.00710
Nocardiopsaceae	83676	F	30124	3523	33647	0.00257
Geodermatophilaceae	85030	F	108249	19599	127848	0.00975
Frankiaceae	74712	F	32622	2321	34943	0.00266
Actinomycetaceae	2049	F	27782	2848	30630	0.00234
Jiangellaceae	1217100	F	17678	2248	19926	0.00152
Nakamurellaceae	85031	F	13901	1379	15280	0.00117
Catenulisporaceae	414877	F	10872	1140	12012	0.00092
Bifidobacteriaceae	31953	F	10241	1817	12058	0.00092
Jatrophihabitantaceae	2805416	F	7495	467	7962	0.00061
Glycomycetaceae	85034	F	4141	239	4380	0.00033
Kineosporiaceae	83778	F	4035	801	4836	0.00037
Sporichthyaceae	85033	F	2446	860	3306	0.00025
Actinopolysporaceae	622451	F	1923	141	2064	0.00016
Acidothermaceae	85032	F	1273	44	1317	0.00010
Conexibacteraceae	320583	F	140194	15244	155438	0.01185
Miltoncostaeaceae	2843199	F	27437	2573	30010	0.00229
Baekduiaceae	2600303	F	59754	7302	67056	0.00511
Rubrobacteraceae	84997	F	18037	531	18568	0.00142
Iamiaceae	633392	F	28946	2711	31657	0.00241
Ilumatobacteraceae	2448023	F	3226	155	3381	0.00026
Acidimicrobiaceae	84994	F	1311	79	1390	0.00011
Eggerthellaceae	1643826	F	8282	941	9223	0.00070
Atopobiaceae	1643824	F	4422	724	5146	0.00039
Coriobacteriaceae	84107	F	1831	343	2174	0.00017
Egibacteraceae	1747769	F	3905	167	4072	0.00031
Euzebyaceae	908622	F	3405	203	3608	0.00028
Egicoccaceae	1755824	F	3395	379	3774	0.00029
Bacillaceae	186817	F	65172	46706	111878	0.00853
Paenibacillaceae	186822	F	40548	2293	42841	0.00327
Alicyclobacillaceae	186823	F	3616	373	3989	0.00030
Planococcaceae	186818	F	2376	470	2846	0.00022
Thermoactinomycetaceae	186824	F	1205	91	1296	0.00010
Lactobacillaceae	33958	F	2473	666	3139	0.00024
Oscillospiraceae	216572	F	5643	1575	7218	0.00055
Clostridiales Family XVII. Incertae Sedis	539000	F	4273	878	5151	0.00039
Clostridiaceae	31979	F	2128	249	2377	0.00018
Lachnospiraceae	186803	F	1860	532	2392	0.00018
Symbiobacteriaceae	543349	F	1673	91	1764	0.00013
Peptococcaceae	186807	F	1126	71	1197	0.00009
Thermoanaerobacteraceae	186814	F	1984	268	2252	0.00017
Selenomonadaceae	1843491	F	2007	93	2100	0.00016
Limnochordaceae	1676650	F	1673	41	1714	0.00013
Deinococcaceae	183710	F	19622	1588	21210	0.00162
Thermaceae	188786	F	7181	301	7482	0.00057
Trueperaceae	332247	F	1529	58	1587	0.00012
Synechococcaceae	1890426	F	9167	818	9985	0.00076
Prochlorococcaceae	2881426	F	2205	364	2569	0.00020
Nostocaceae	1162	F	1596	653	2249	0.00017
Gloeobacteraceae	1890422	F	2468	44	2512	0.00019
Leptolyngbyaceae	1890438	F	1465	98	1563	0.00012
Sphaerobacteraceae	85002	F	4859	258	5117	0.00039
Thermomicrobiaceae	189777	F	1087	20	1107	0.00008
Roseiflexaceae	1508635	F	3082	154	3236	0.00025
Chloroflexaceae	1106	F	1068	41	1109	0.00008
Tepidiformaceae	2682227	F	2840	83	2923	0.00022
Ktedonosporobacteraceae	2692416	F	2422	71	2493	0.00019
Ardenticatenaceae	1382930	F	2344	32	2376	0.00018
Caldilineaceae	475964	F	1103	68	1171	0.00009
Fimbriimonadaceae	1663426	F	1203	4	1207	0.00009
Bradyrhizobiaceae	41294	F	996367	53294	1049661	0.08005
Phyllobacteriaceae	69277	F	342299	35475	377774	0.02881
Xanthobacteraceae	335928	F	232729	15119	247848	0.01890
Boseaceae	2831100	F	162232	14975	177207	0.01351
Rhizobiaceae	82115	F	151196	20406	171602	0.01309
Hyphomicrobiaceae	45401	F	126357	6251	132608	0.01011
Methylobacteriaceae	119045	F	124430	11272	135702	0.01035
Devosiaceae	2831106	F	25707	1249	26956	0.00206
Aurantimonadaceae	255475	F	20080	20062	40142	0.00306
Methylocystaceae	31993	F	15353	703	16056	0.00122
Phreatobacteraceae	2843305	F	12219	1090	13309	0.00101
Stappiaceae	2821832	F	11354	1418	12772	0.00097
Beijerinckiaceae	45404	F	8160	317	8477	0.00065
Blastochloridaceae	2831090	F	7184	918	8102	0.00062
Parvibaculaceae	2813035	F	6803	1020	7823	0.00060
Chelatococcaceae	2036754	F	6383	764	7147	0.00055
Brucellaceae	118882	F	6294	9253	15547	0.00119
Kaistiaceae	2831111	F	4294	562	4856	0.00037
Amorphaceae	2685818	F	3697	225	3922	0.00030
Lichenihabitantaceae	2723775	F	2698	70	2768	0.00021
Breoghaniaceae	2831104	F	2459	176	2635	0.00020
Pleomorphomonadaceae	2843308	F	2370	222	2592	0.00020
Sphingomonadaceae	41297	F	395237	64133	459370	0.03503
Erythrobacteraceae	335929	F	47909	5983	53892	0.00411
Sphingosinicellaceae	2820280	F	10601	518	11119	0.00085
Azospirillaceae	2829815	F	59181	4088	63269	0.00482
Acetobacteraceae	433	F	57964	4761	62725	0.00478
Rhodospirillaceae	41295	F	29787	82360	112147	0.00855
Stellaceae	2844601	F	5751	255	6006	0.00046
Elioraeaceae	2690195	F	2851	90	2941	0.00022
Thalassospiraceae	2844866	F	1819	82	1901	0.00015
Rhodobacteraceae	31989	F	63633	5888	69521	0.00530
Roseobacteraceae	2854170	F	44188	3614	47802	0.00365
Caulobacteraceae	76892	F	71244	4268	75512	0.00576
Maricaulaceae	2800061	F	3417	208	3625	0.00028
Hyphomonadaceae	69657	F	2785	70	2855	0.00022
Parvularculaceae	255474	F	1092	47	1139	0.00009
Burkholderiaceae	119060	F	365792	79005	444797	0.03392
Comamonadaceae	80864	F	196493	46128	242621	0.01850
Oxalobacteraceae	75682	F	91374	8903	100277	0.00765
Alcaligenaceae	506	F	75764	82174	157938	0.01204
Sutterellaceae	995019	F	1134	65	1199	0.00009
Nitrosomonadaceae	206379	F	20269	519	20788	0.00159
Usitatibacteraceae	2803844	F	11319	642	11961	0.00091
Sterolibacteriaceae	2008793	F	5757	1131	6888	0.00053
Thiobacillaceae	2008790	F	3549	699	4248	0.00032
Gallionellaceae	90627	F	3344	283	3627	0.00028
Sulfuricellaceae	2772226	F	3038	287	3325	0.00025
Methylophilaceae	32011	F	1707	102	1809	0.00014
Zoogloeaceae	2008794	F	20019	5727	25746	0.00196
Rhodocyclaceae	75787	F	14600	3302	17902	0.00137
Azonexaceae	2008795	F	5633	435	6068	0.00046
Chromobacteriaceae	1499392	F	19834	2805	22639	0.00173
Neisseriaceae	481	F	8265	1172	9437	0.00072
Casimicrobiaceae	2705999	F	1135	408	1543	0.00012
Xanthomonadaceae	32033	F	173829	23442	197271	0.01504
Rhodanobacteraceae	1775411	F	74691	7922	82613	0.00630
Pseudomonadaceae	135621	F	204538	66074	270612	0.02064
Marinobacteraceae	2887365	F	3823	221	4044	0.00031
Enterobacteriaceae	543	F	27761	57930	85691	0.00653
Yersiniaceae	1903411	F	11060	1815	12875	0.00098
Erwiniaceae	1903409	F	8446	1069	9515	0.00073
Pectobacteriaceae	1903410	F	5191	529	5720	0.00044
Hafniaceae	1903412	F	1520	240	1760	0.00013
Morganellaceae	1903414	F	1250	400	1650	0.00013
Halomonadaceae	28256	F	25779	2011	27790	0.00212
Alcanivoracaceae	224372	F	2610	772	3382	0.00026
Oceanospirillaceae	135620	F	1740	122	1862	0.00014
Ectothiorhodospiraceae	72276	F	13910	881	14791	0.00113
Chromatiaceae	1046	F	10846	534	11380	0.00087
Wenzhouxiangellaceae	1676141	F	1645	1346	2991	0.00023
Aeromonadaceae	84642	F	12841	7165	20006	0.00153
Methylococcaceae	403	F	10413	305	10718	0.00082
Shewanellaceae	267890	F	3427	384	3811	0.00029
Alteromonadaceae	72275	F	1474	137	1611	0.00012
Pseudoalteromonadaceae	267888	F	1052	88	1140	0.00009
Microbulbiferaceae	1706373	F	3212	131	3343	0.00025
Halieaceae	1706372	F	1471	101	1572	0.00012
Cellvibrionaceae	1706371	F	1262	29	1291	0.00010
Sinobacteraceae	568386	F	4469	375	4844	0.00037
Steroidobacteraceae	2689614	F	1405	252	1657	0.00013
Acidiferrobacteraceae	1692041	F	5256	163	5419	0.00041
Vibrionaceae	641	F	4008	1134	5142	0.00039
Moraxellaceae	468	F	2266	544	2810	0.00021
Immundisolibacteraceae	1934946	F	2084	1789	3873	0.00030
Salinisphaeraceae	742031	F	1174	31	1205	0.00009
Myxococcaceae	31	F	56027	30989	87016	0.00664
Archangiaceae	39	F	34862	872	35734	0.00273
Anaeromyxobacteraceae	1524215	F	33427	1462	34889	0.00266
Vulgatibacteraceae	1524213	F	3841	170	4011	0.00031
Polyangiaceae	49	F	65618	3229	68847	0.00525
Sandaracinaceae	1055686	F	17983	610	18593	0.00142
Labilitrichaceae	1524216	F	11422	336	11758	0.00090
Kofleriaceae	224464	F	7581	221	7802	0.00060
Geobacteraceae	213422	F	14185	864	15049	0.00115
Desulfuromonadaceae	213421	F	4319	446	4765	0.00036
Desulfovibrionaceae	194924	F	14413	751	15164	0.00116
Desulfobacteraceae	213119	F	3281	164	3445	0.00026
Desulfobulbaceae	213121	F	1387	102	1489	0.00011
Bradymonadaceae	1779135	F	3999	411	4410	0.00034
Desulfarculaceae	453228	F	1190	315	1505	0.00011
Syntrophobacteraceae	213465	F	1058	124	1182	0.00009
Bdellovibrionaceae	213483	F	1445	14	1459	0.00011
Acidithiobacillaceae	225058	F	1526	105	1631	0.00012
Isosphaeraceae	1763524	F	62413	4406	66819	0.00510
Gemmataceae	1914233	F	53140	1250	54390	0.00415
Planctomycetaceae	126	F	27717	2585	30302	0.00231
Pirellulaceae	2691357	F	12759	409	13168	0.00100
Lacipirellulaceae	2691359	F	12631	470	13101	0.00100
Tepidisphaeraceae	1771355	F	5181	97	5278	0.00040
Phycisphaeraceae	666507	F	3375	148	3523	0.00027
Opitutaceae	134623	F	14814	553	15367	0.00117
Verrucomicrobiaceae	203557	F	8918	310	9228	0.00070
Hymenobacteraceae	1853232	F	15326	494	15820	0.00121
Cytophagaceae	89373	F	2656	94	2750	0.00021
Spirosomaceae	2896860	F	2220	89	2309	0.00018
Sphingobacteriaceae	84566	F	12208	695	12903	0.00098
Chitinophagaceae	563835	F	9286	93	9379	0.00072
Rikenellaceae	171550	F	3440	780	4220	0.00032
Prevotellaceae	171552	F	1334	128	1462	0.00011
Bacteroidaceae	815	F	1200	352	1552	0.00012
Flavobacteriaceae	49546	F	5397	249	5646	0.00043
Weeksellaceae	2762318	F	1775	318	2093	0.00016
Rhodothermaceae	563843	F	6294	193	6487	0.00049
Chlorobiaceae	191412	F	2393	234	2627	0.00020
Gemmatimonadaceae	219687	F	49104	1940	51044	0.00389
Acidobacteriaceae	204434	F	28526	475	29001	0.00221
Bryobacteraceae	1962910	F	4551	102	4653	0.00035
Vicinamibacteraceae	2211325	F	16686	2673	19359	0.00148
Acanthopleuribacteraceae	533207	F	1346	19	1365	0.00010
Nitrospiraceae	189779	F	3941	38	3979	0.00030
Synergistaceae	649777	F	2262	612	2874	0.00022
Nectriaceae	110618	F	11262	852	12114	0.00092
Clavicipitaceae	34397	F	5273	328	5601	0.00043
Hypocreaceae	5129	F	5046	175	5221	0.00040
Cordycipitaceae	474943	F	4489	112	4601	0.00035
Ophiocordycipitaceae	474942	F	2892	129	3021	0.00023
Glomerellaceae	681950	F	1439	220	1659	0.00013
Chaetomiaceae	35718	F	3879	124	4003	0.00031
Pyriculariaceae	2528436	F	1697	13	1710	0.00013
Aspergillaceae	1131492	F	5295	225	5520	0.00042
Ustilaginaceae	5268	F	2776	64	2840	0.00022
Peronosporaceae	4777	F	5145	499	5644	0.00043
