name	taxonomy_id	taxonomy_lvl	kraken_assigned_reads	added_reads	new_est_reads	fraction_total_reads
Streptomyces	1883	G	2285598	433498	2719096	0.14885
Kitasatospora	2063	G	34586	9564	44150	0.00242
Yinghuangia	2805681	G	22358	2829	25187	0.00138
Streptacidiphilus	228398	G	21111	4795	25906	0.00142
Microbacterium	33882	G	164763	23307	188070	0.01030
Agromyces	33877	G	50836	9862	60698	0.00332
Curtobacterium	2034	G	34964	5959	40923	0.00224
Rathayibacter	33886	G	30230	5679	35909	0.00197
Leifsonia	110932	G	24339	9136	33475	0.00183
Clavibacter	1573	G	23141	10964	34105	0.00187
Leucobacter	55968	G	22294	3465	25759	0.00141
Agrococcus	46352	G	21164	4634	25798	0.00141
Protaetiibacter	2680004	G	10515	2491	13006	0.00071
Salinibacterium	235888	G	8265	1065	9330	0.00051
Cryobacterium	69578	G	7847	916	8763	0.00048
Frondihabitans	447237	G	6625	834	7459	0.00041
Microterricola	518733	G	5952	1177	7129	0.00039
Plantibacter	190323	G	5678	601	6279	0.00034
Microcella	337004	G	5271	1470	6741	0.00037
Cnuibacter	1759331	G	4245	736	4981	0.00027
Herbiconiux	881616	G	4146	666	4812	0.00026
Frigoribacterium	96492	G	3996	940	4936	0.00027
Gryllotalpicola	1195526	G	3797	589	4386	0.00024
Mycetocola	76634	G	3656	376	4032	0.00022
Subtercola	120212	G	3366	224	3590	0.00020
Humibacter	427753	G	3117	553	3670	0.00020
Amnibacterium	1029631	G	2808	541	3349	0.00018
Chryseoglobus	1331730	G	2783	457	3240	0.00018
Gulosibacter	256818	G	2455	559	3014	0.00017
Marisediminicola	1230698	G	2193	218	2411	0.00013
Diaminobutyricimonas	1433997	G	1950	293	2243	0.00012
Agreia	110934	G	1744	169	1913	0.00010
Glaciihabitans	1649454	G	1720	109	1829	0.00010
Arthrobacter	1663	G	208277	42145	250422	0.01371
Pseudarthrobacter	1742993	G	31619	9270	40889	0.00224
Kocuria	57493	G	20670	4931	25601	0.00140
Sinomonas	596707	G	11787	2457	14244	0.00078
Micrococcus	1269	G	9943	5301	15244	0.00083
Glutamicibacter	1742989	G	6213	1747	7960	0.00044
Paenarthrobacter	1742992	G	6156	2905	9061	0.00050
Rothia	32207	G	4116	1408	5524	0.00030
Citricoccus	169133	G	3100	642	3742	0.00020
Nesterenkonia	57494	G	1156	59	1215	0.00007
Janibacter	53457	G	21353	5355	26708	0.00146
Phycicoccus	367298	G	19290	4849	24139	0.00132
Pedococcus	2805645	G	18096	4907	23003	0.00126
Intrasporangium	53357	G	18004	3948	21952	0.00120
Tetrasphaera	99479	G	13808	3316	17124	0.00094
Arsenicicoccus	267408	G	6434	2105	8539	0.00047
Cellulomonas	1707	G	81809	23612	105421	0.00577
Actinotalea	458839	G	5317	1616	6933	0.00038
Oerskovia	162491	G	4475	1211	5686	0.00031
Pseudactinotalea	1926259	G	3501	426	3927	0.00022
Paraoerskovia	665568	G	2839	623	3462	0.00019
Cellulosimicrobium	157920	G	25200	8966	34166	0.00187
Xylanimonas	186188	G	13613	3723	17336	0.00095
Isoptericola	254250	G	10636	4049	14685	0.00080
Ornithinimicrobium	125287	G	21855	3911	25766	0.00141
Serinicoccus	265976	G	16588	3877	20465	0.00112
Brachybacterium	43668	G	25292	3505	28797	0.00158
Dermabacter	36739	G	1687	787	2474	0.00014
Brevibacterium	1696	G	26134	4327	30461	0.00167
Dermacoccus	57495	G	7478	2204	9682	0.00053
Luteipulveratus	745364	G	6071	724	6795	0.00037
Allobranchiibius	2040262	G	4895	915	5810	0.00032
Yimella	908935	G	2651	451	3102	0.00017
Georgenia	154116	G	19434	4756	24190	0.00132
Ruania	626119	G	16320	1627	17947	0.00098
Pengzhenrongella	2888818	G	6139	1439	7578	0.00041
Luteimicrobium	754249	G	5755	1489	7244	0.00040
Beutenbergia	84756	G	6533	907	7440	0.00041
Miniimonas	947525	G	4548	1993	6541	0.00036
Sanguibacter	60919	G	8031	2040	10071	0.00055
Gephyromycinifex	2885697	G	1845	182	2027	0.00011
Austwickia	1184606	G	1232	81	1313	0.00007
Kytococcus	57499	G	3421	1509	4930	0.00027
Demequina	577469	G	1149	74	1223	0.00007
Nocardioides	1839	G	744206	134605	878811	0.04811
Aeromicrobium	2040	G	38124	6222	44346	0.00243
Marmoricola	86795	G	12055	3868	15923	0.00087
Pimelobacter	2044	G	9898	3193	13091	0.00072
Friedmanniella	53387	G	8856	1449	10305	0.00056
Mumia	1546255	G	6016	880	6896	0.00038
Micropruina	116071	G	3076	365	3441	0.00019
Microlunatus	29404	G	29942	2703	32645	0.00179
Tessaracoccus	72763	G	20326	5323	25649	0.00140
Brevilactibacter	2717325	G	7899	2538	10437	0.00057
Acidipropionibacterium	1912215	G	6982	2171	9153	0.00050
Propionibacterium	1743	G	6657	1728	8385	0.00046
Auraticoccus	1278221	G	5377	792	6169	0.00034
Raineyella	1911549	G	3142	344	3486	0.00019
Arachnia	2801844	G	3018	182	3200	0.00018
Cutibacterium	1912216	G	2858	477	3335	0.00018
Kribbella	182639	G	77982	9453	87435	0.00479
Actinopolymorpha	117156	G	13330	1213	14543	0.00080
Mycolicibacterium	1866885	G	209774	32288	242062	0.01325
Mycobacterium	1763	G	197613	46756	244369	0.01338
Mycolicibacter	1073531	G	14743	4843	19586	0.00107
Mycobacteroides	670516	G	13501	2620	16121	0.00088
Mycolicibacillus	2126281	G	2732	613	3345	0.00018
Hoyosella	697025	G	1199	52	1251	0.00007
Nocardia	1817	G	166080	22990	189070	0.01035
Rhodococcus	1827	G	127884	32159	160043	0.00876
Corynebacterium	1716	G	69061	14453	83514	0.00457
Gordonia	2053	G	60127	10780	70907	0.00388
Skermania	59613	G	2962	278	3240	0.00018
Tsukamurella	2060	G	19633	4008	23641	0.00129
Dietzia	37914	G	10953	1957	12910	0.00071
Tomitella	741759	G	6636	1107	7743	0.00042
Segniliparus	286801	G	1493	66	1559	0.00009
Amycolatopsis	1813	G	328920	52506	381426	0.02088
Pseudonocardia	1847	G	201589	30118	231707	0.01268
Saccharothrix	2071	G	41592	10037	51629	0.00283
Saccharopolyspora	1835	G	41456	7341	48797	0.00267
Kutzneria	43356	G	26442	4649	31091	0.00170
Saccharomonospora	1851	G	24852	3897	28749	0.00157
Actinosynnema	40566	G	15157	3873	19030	0.00104
Lentzea	165301	G	14897	2699	17596	0.00096
Actinoalloteichus	65496	G	14668	1128	15796	0.00086
Kibdelosporangium	2029	G	13832	1426	15258	0.00084
Allokutzneria	1137960	G	12759	2598	15357	0.00084
Alloactinosynnema	674734	G	11692	2214	13906	0.00076
Prauserella	142577	G	5492	435	5927	0.00032
Allosaccharopolyspora	2893576	G	3959	743	4702	0.00026
Micromonospora	1873	G	212313	46879	259192	0.01419
Actinoplanes	1865	G	154447	21350	175797	0.00962
Phytohabitans	907364	G	27820	3084	30904	0.00169
Dactylosporangium	35753	G	27406	2520	29926	0.00164
Couchioplanes	56433	G	22395	4794	27189	0.00149
Plantactinospora	673534	G	20740	3181	23921	0.00131
Actinocatenispora	390988	G	19666	2034	21700	0.00119
Catellatospora	53365	G	14870	2714	17584	0.00096
Polymorphospora	338583	G	10184	1892	12076	0.00066
Natronosporangium	2920401	G	5440	306	5746	0.00031
Verrucosispora	84593	G	4600	3093	7693	0.00042
Salinispora	168694	G	3196	456	3652	0.00020
Actinomadura	1988	G	141472	22403	163875	0.00897
Thermomonospora	2019	G	17477	4327	21804	0.00119
Nonomuraea	83681	G	72577	10350	82927	0.00454
Streptosporangium	2000	G	30913	5042	35955	0.00197
Thermobispora	147067	G	6782	1290	8072	0.00044
Nocardiopsis	2013	G	25075	4266	29341	0.00161
Thermobifida	83677	G	9937	1700	11637	0.00064
Streptomonospora	104204	G	5267	870	6137	0.00034
Spiractinospora	2913367	G	3622	198	3820	0.00021
Blastococcus	38501	G	52633	13229	65862	0.00361
Modestobacter	88138	G	39200	10305	49505	0.00271
Geodermatophilus	1860	G	26257	7596	33853	0.00185
Frankia	1854	G	64636	5452	70088	0.00384
Actinomyces	1654	G	31755	3583	35338	0.00193
Schaalia	2529408	G	4026	579	4605	0.00025
Flaviflexus	1522056	G	2208	434	2642	0.00014
Trueperella	1069494	G	2015	495	2510	0.00014
Pauljensenia	2740557	G	1130	302	1432	0.00008
Jiangella	281472	G	29714	4216	33930	0.00186
Nakamurella	53460	G	22807	2631	25438	0.00139
Bifidobacterium	1678	G	16671	3361	20032	0.00110
Catenulispora	414878	G	12318	1446	13764	0.00075
Jatrophihabitans	1434010	G	9073	642	9715	0.00053
Stackebrandtia	283810	G	5626	418	6044	0.00033
Kineococcus	33981	G	5985	1333	7318	0.00040
Epidermidibacterium	2078948	G	3590	1376	4966	0.00027
Actinopolyspora	1849	G	3013	249	3262	0.00018
Acidothermus	28048	G	1848	78	1926	0.00011
Conexibacter	191494	G	162726	19610	182336	0.00998
Miltoncostaea	2843200	G	34000	3624	37624	0.00206
Baekduia	2600304	G	67623	9129	76752	0.00420
Rubrobacter	42255	G	26155	933	27088	0.00148
Aquihabitans	1648491	G	26886	3695	30581	0.00167
Iamia	467975	G	13038	1728	14766	0.00081
Actinomarinicola	2789775	G	12067	1981	14048	0.00077
Ilumatobacter	682522	G	6300	321	6621	0.00036
Acidimicrobium	53634	G	2075	135	2210	0.00012
Eggerthella	84111	G	4266	1194	5460	0.00030
Gordonibacter	644652	G	2213	827	3040	0.00017
Adlercreutzia	447020	G	1936	336	2272	0.00012
Arabiibacter	2005386	G	1804	286	2090	0.00011
Olsenella	133925	G	3078	544	3622	0.00020
Parolsenella	2082587	G	1752	542	2294	0.00013
Collinsella	102106	G	2484	630	3114	0.00017
Egibacter	1747770	G	6107	290	6397	0.00035
Euzebya	908623	G	5535	366	5901	0.00032
Egicoccus	1755825	G	5510	678	6188	0.00034
Priestia	2800373	G	25399	18894	44293	0.00242
Bacillus	1386	G	15353	34797	50150	0.00275
Geobacillus	129337	G	2977	832	3809	0.00021
Neobacillus	2675232	G	2498	1000	3498	0.00019
Peribacillus	2675229	G	2170	858	3028	0.00017
Hydrogenibacillus	1609627	G	2088	287	2375	0.00013
Anoxybacillus	150247	G	1403	340	1743	0.00010
Gottfriedia	2837503	G	1051	303	1354	0.00007
Paenibacillus	44249	G	48200	4413	52613	0.00288
Brevibacillus	55080	G	4361	748	5109	0.00028
Cohnella	329857	G	3375	450	3825	0.00021
Thermobacillus	76632	G	1980	239	2219	0.00012
Saccharibacillus	456492	G	1600	170	1770	0.00010
Alicyclobacillus	29330	G	3070	209	3279	0.00018
Tumebacillus	432330	G	2244	688	2932	0.00016
Planococcus	1372	G	1710	467	2177	0.00012
Exiguobacterium	33986	G	1467	410	1877	0.00010
Streptococcus	1301	G	1380	1263	2643	0.00014
Faecalibacterium	216851	G	2376	1648	4024	0.00022
Dysosmobacter	2591381	G	1391	692	2083	0.00011
Flavonifractor	946234	G	1292	360	1652	0.00009
Thermaerobacter	73918	G	7470	617	8087	0.00044
Symbiobacterium	2733	G	3016	285	3301	0.00018
Clostridium	1485	G	2318	770	3088	0.00017
Christensenella	990721	G	1079	457	1536	0.00008
Moorella	44260	G	1325	131	1456	0.00008
Gelria	189326	G	1015	122	1137	0.00006
Selenomonas	970	G	3640	223	3863	0.00021
Limnochorda	1676651	G	2921	96	3017	0.00017
Deinococcus	1298	G	35767	1758	37525	0.00205
Thermus	270	G	5163	331	5494	0.00030
Oceanithermus	208447	G	2847	241	3088	0.00017
Meiothermus	65551	G	2783	146	2929	0.00016
Marinithermus	186191	G	1659	243	1902	0.00010
Truepera	332248	G	2601	110	2711	0.00015
Synechococcus	1129	G	16907	1870	18777	0.00103
Cyanobium	167375	G	3666	770	4436	0.00024
Nostoc	1177	G	2601	1040	3641	0.00020
Calothrix	1186	G	1427	432	1859	0.00010
Leptolyngbya	47251	G	2349	211	2560	0.00014
Gloeobacter	33071	G	4724	117	4841	0.00027
Sphaerobacter	2056	G	7197	372	7569	0.00041
Thermomicrobium	499	G	1885	33	1918	0.00011
Roseiflexus	120961	G	5298	263	5561	0.00030
Chloroflexus	1107	G	1751	65	1816	0.00010
Tepidiforma	2682228	G	4717	165	4882	0.00027
Candidatus Promineofilum	1988031	G	4464	74	4538	0.00025
Ktedonosporobacter	2692417	G	2097	57	2154	0.00012
Caldilinea	233191	G	2069	120	2189	0.00012
Fimbriimonas	1005038	G	2806	13	2819	0.00015
Bradyrhizobium	374	G	861998	87069	949067	0.05196
Rhodopseudomonas	1073	G	42100	8652	50752	0.00278
Nitrobacter	911	G	16771	1617	18388	0.00101
Tardiphaga	1395974	G	15728	1555	17283	0.00095
Afipia	1033	G	11572	4070	15642	0.00086
Variibacter	1649510	G	8001	465	8466	0.00046
Mesorhizobium	68287	G	288636	41320	329956	0.01806
Aquibium	2911176	G	11205	1983	13188	0.00072
Aminobacter	31988	G	9795	5084	14879	0.00081
Nitratireductor	245876	G	7255	795	8050	0.00044
Phyllobacterium	28100	G	4984	371	5355	0.00029
Roseitalea	1915401	G	3166	396	3562	0.00020
Hoeflea	274591	G	2841	199	3040	0.00017
Oricola	1594166	G	2404	244	2648	0.00015
Salaquimonas	2712688	G	1029	35	1064	0.00006
Rhizobium	379	G	143345	35449	178794	0.00979
Agrobacterium	357	G	26903	7508	34411	0.00188
Neorhizobium	1525371	G	11113	1972	13085	0.00072
Pseudorhizobium	1903858	G	2826	417	3243	0.00018
Sinorhizobium	28105	G	22759	8067	30826	0.00169
Ensifer	106591	G	22563	3533	26096	0.00143
Shinella	323620	G	18022	10488	28510	0.00156
Ciceribacter	1648508	G	2327	357	2684	0.00015
Georhizobium	2661800	G	2088	340	2428	0.00013
Methylobacterium	407	G	106049	15538	121587	0.00666
Microvirga	186650	G	31326	2893	34219	0.00187
Methylorubrum	2282523	G	23449	7822	31271	0.00171
Pseudolabrys	556257	G	46243	5254	51497	0.00282
Starkeya	152053	G	16900	3351	20251	0.00111
Ancylobacter	99	G	13738	3832	17570	0.00096
Xanthobacter	279	G	13649	2547	16196	0.00089
Labrys	204476	G	6544	522	7066	0.00039
Azorhizobium	6	G	4415	739	5154	0.00028
Rhodoplanes	29407	G	64891	4772	69663	0.00381
Hyphomicrobium	81	G	15685	797	16482	0.00090
Methyloceanibacter	1484898	G	5548	288	5836	0.00032
Methyloligella	1485594	G	3782	354	4136	0.00023
Aquabacter	45402	G	3737	467	4204	0.00023
Caenibius	2827482	G	2925	1066	3991	0.00022
Rhodomicrobium	1068	G	2654	141	2795	0.00015
Filomicrobium	119044	G	1116	24	1140	0.00006
Bosea	85413	G	49065	5925	54990	0.00301
Devosia	46913	G	33315	2215	35530	0.00195
Youhaiella	1827478	G	3244	614	3858	0.00021
Paradevosia	1573407	G	3156	994	4150	0.00023
Pelagibacterium	1082930	G	1596	144	1740	0.00010
Aureimonas	414371	G	18456	2914	21370	0.00117
Martelella	293088	G	9992	1449	11441	0.00063
Aurantimonas	182269	G	5004	1148	6152	0.00034
Nordella	169055	G	15828	677	16505	0.00090
Pseudorhodoplanes	1734920	G	12656	703	13359	0.00073
Terrihabitans	2874214	G	2933	255	3188	0.00017
Methylocystis	133	G	16551	1161	17712	0.00097
Methylosinus	425	G	8010	954	8964	0.00049
Phreatobacter	1632780	G	19605	2554	22159	0.00121
Stappia	152161	G	7431	1089	8520	0.00047
Roseibium	150830	G	3869	395	4264	0.00023
Pannonibacter	227873	G	3478	1871	5349	0.00029
Labrenzia	478070	G	3073	213	3286	0.00018
Methylocella	120652	G	5879	423	6302	0.00035
Methylovirgula	1156568	G	4850	313	5163	0.00028
Beijerinckia	532	G	1343	85	1428	0.00008
Blastochloris	59282	G	11669	2134	13803	0.00076
Kaustia	2838250	G	5963	454	6417	0.00035
Parvibaculum	256616	G	2860	1695	4555	0.00025
Pyruvatibacter	1742974	G	1918	210	2128	0.00012
Chelatococcus	28209	G	10367	1785	12152	0.00067
Kaistia	166953	G	7300	1383	8683	0.00048
Brucella	234	G	6214	3572	9786	0.00054
Acuticoccus	1904377	G	6588	567	7155	0.00039
Lichenihabitans	2723776	G	4101	156	4257	0.00023
Breoghania	1406135	G	3982	408	4390	0.00024
Hartmannibacter	1572860	G	3882	529	4411	0.00024
Sphingomonas	13687	G	221392	28663	250055	0.01369
Novosphingobium	165696	G	57396	17009	74405	0.00407
Sphingobium	165695	G	52515	21751	74266	0.00407
Sphingopyxis	165697	G	47086	8213	55299	0.00303
Rhizorhabdus	1649486	G	17366	6761	24127	0.00132
Sphingosinithalassobacter	2676233	G	6087	1265	7352	0.00040
Allosphingosinicella	2823232	G	4321	441	4762	0.00026
Parasphingopyxis	1234545	G	3625	149	3774	0.00021
Sphingorhabdus	1434046	G	3557	190	3747	0.00021
Blastomonas	150203	G	3523	531	4054	0.00022
Hankyongella	1763827	G	2282	362	2644	0.00014
Tardibacter	2685927	G	2167	1323	3490	0.00019
Citromicrobium	72173	G	2058	799	2857	0.00016
Novosphingopyxis	2709686	G	1465	690	2155	0.00012
Parasphingorhabdus	2709685	G	1077	28	1105	0.00006
Erythrobacter	1041	G	22537	5016	27553	0.00151
Porphyrobacter	1111	G	7121	1663	8784	0.00048
Qipengyuania	1855416	G	14185	3248	17433	0.00095
Croceicoccus	1295327	G	8978	4655	13633	0.00075
Altererythrobacter	361177	G	8098	1776	9874	0.00054
Tsuneonella	2800686	G	8029	1390	9419	0.00052
Aurantiacibacter	2800681	G	1652	233	1885	0.00010
Pelagerythrobacter	2800685	G	1524	182	1706	0.00009
Paraurantiacibacter	2800682	G	1416	158	1574	0.00009
Croceibacterium	2676755	G	1313	478	1791	0.00010
Sphingosinicella	335405	G	10552	955	11507	0.00063
Polymorphobacter	1508451	G	6015	211	6226	0.00034
Sandaracinobacter	56358	G	2375	142	2517	0.00014
Azospirillum	191	G	64483	6952	71435	0.00391
Skermanella	204447	G	26520	3180	29700	0.00163
Nitrospirillum	1543705	G	5053	471	5524	0.00030
Indioceanicola	2478349	G	3536	387	3923	0.00021
Niveispirillum	1543704	G	2040	180	2220	0.00012
Roseomonas	125216	G	37479	4735	42214	0.00231
Rhodovastum	504465	G	9455	766	10221	0.00056
Komagataeibacter	1434011	G	6408	2425	8833	0.00048
Acidiphilium	522	G	5667	2851	8518	0.00047
Roseococcus	35812	G	4666	345	5011	0.00027
Acidibrevibacterium	2603324	G	3978	293	4271	0.00023
Lichenicola	2804525	G	3867	150	4017	0.00022
Sediminicoccus	1706033	G	3826	157	3983	0.00022
Acetobacter	434	G	3401	903	4304	0.00024
Gluconobacter	441	G	2440	518	2958	0.00016
Gluconacetobacter	89583	G	2393	394	2787	0.00015
Granulibacter	364409	G	1738	127	1865	0.00010
Hypericibacter	2705399	G	18216	916	19132	0.00105
Magnetospirillum	13134	G	11487	199304	210791	0.01154
Rhodospirillum	1081	G	7073	669	7742	0.00042
Tistrella	171436	G	5183	1996	7179	0.00039
Ferrovibrio	1231242	G	3852	204	4056	0.00022
Defluviicoccus	111830	G	2841	211	3052	0.00017
Pararhodospirillum	1612157	G	1609	100	1709	0.00009
Stella	93	G	10383	600	10983	0.00060
Elioraea	457933	G	4883	202	5085	0.00028
Thalassospira	168934	G	2152	166	2318	0.00013
Magnetospira	1182780	G	1065	29	1094	0.00006
Paracoccus	265	G	36688	5442	42130	0.00231
Cereibacter	1653176	G	9553	2152	11705	0.00064
Rhodobacter	1060	G	9378	2271	11649	0.00064
Rhodovulum	34008	G	5225	934	6159	0.00034
Polymorphum	991903	G	4022	830	4852	0.00027
Paroceanicella	2683599	G	3995	852	4847	0.00027
Thioclava	285107	G	2943	300	3243	0.00018
Pikeienuella	2831955	G	2783	220	3003	0.00016
Pontivivens	1844015	G	2642	163	2805	0.00015
Pelagovum	2795377	G	2348	238	2586	0.00014
Silicimonas	1955420	G	2283	109	2392	0.00013
Frigidibacter	1775705	G	2024	699	2723	0.00015
Pukyongiella	2831925	G	1954	376	2330	0.00013
Brevirhabdus	1855413	G	1593	607	2200	0.00012
Fuscovulum	2818469	G	1408	138	1546	0.00008
Gymnodinialimonas	2937410	G	1387	107	1494	0.00008
Pseudopuniceibacterium	2613960	G	1304	82	1386	0.00008
Haematobacter	366614	G	1280	418	1698	0.00009
Gemmobacter	204456	G	1252	212	1464	0.00008
Pacificitalea	2846749	G	1210	213	1423	0.00008
Falsirhodobacter	1434002	G	1143	129	1272	0.00007
Tabrizicola	1443919	G	1130	79	1209	0.00007
Pseudooceanicola	1679449	G	1044	82	1126	0.00006
Sulfitobacter	60136	G	9679	1458	11137	0.00061
Roseovarius	74030	G	9440	1173	10613	0.00058
Salipiger	263377	G	7429	1935	9364	0.00051
Roseivivax	93682	G	5687	706	6393	0.00035
Celeribacter	875170	G	4186	1284	5470	0.00030
Phaeobacter	302485	G	3601	561	4162	0.00023
Leisingera	191028	G	3399	374	3773	0.00021
Ruegeria	97050	G	3206	388	3594	0.00020
Pseudosulfitobacter	2854186	G	2748	598	3346	0.00018
Yangia	2919626	G	2535	346	2881	0.00016
Sagittula	58842	G	2372	773	3145	0.00017
Ponticoccus	983507	G	1868	227	2095	0.00011
Mameliella	1434019	G	1814	267	2081	0.00011
Dinoroseobacter	309512	G	1601	459	2060	0.00011
Roseobacter	2433	G	1583	32	1615	0.00009
Ketogulonicigenium	92944	G	1387	182	1569	0.00009
Octadecabacter	53945	G	1379	75	1454	0.00008
Roseibacterium	159345	G	1377	95	1472	0.00008
Actibacterium	1433986	G	1353	523	1876	0.00010
Oceanicola	252301	G	1270	53	1323	0.00007
Caulobacter	75	G	62830	6686	69516	0.00381
Brevundimonas	41275	G	40876	5331	46207	0.00253
Phenylobacterium	20	G	22805	3375	26180	0.00143
Asticcacaulis	76890	G	3434	240	3674	0.00020
Terricaulis	2768684	G	2678	77	2755	0.00015
Marinicauda	1649466	G	3164	443	3607	0.00020
Maricaulis	74317	G	1139	60	1199	0.00007
Glycocaulis	1433402	G	1025	43	1068	0.00006
Hyphomonas	85	G	3699	144	3843	0.00021
Candidatus Viadribacter	2892997	G	1519	32	1551	0.00008
Aquisalinus	1795639	G	1369	54	1423	0.00008
Burkholderia	32008	G	179476	119622	299098	0.01637
Paraburkholderia	1822464	G	102005	9790	111795	0.00612
Cupriavidus	106589	G	92660	35779	128439	0.00703
Caballeronia	1827195	G	29283	3495	32778	0.00179
Ralstonia	48736	G	29152	15808	44960	0.00246
Pandoraea	93217	G	24195	3403	27598	0.00151
Polynucleobacter	44013	G	2561	61	2622	0.00014
Lautropia	47670	G	1767	282	2049	0.00011
Chitinimonas	240411	G	1550	109	1659	0.00009
Mycetohabitans	2571159	G	1304	76	1380	0.00008
Variovorax	34072	G	107528	34573	142101	0.00778
Hydrogenophaga	47420	G	36296	14534	50830	0.00278
Acidovorax	12916	G	34739	15946	50685	0.00277
Ramlibacter	174951	G	22641	7897	30538	0.00167
Comamonas	283	G	21307	8661	29968	0.00164
Rhodoferax	28065	G	18509	4068	22577	0.00124
Schlegelella	215579	G	11921	3244	15165	0.00083
Diaphorobacter	238749	G	11466	11173	22639	0.00124
Delftia	80865	G	10609	11723	22332	0.00122
Polaromonas	52972	G	8701	684	9385	0.00051
Kinneretia	683756	G	8191	4384	12575	0.00069
Ottowia	219181	G	5958	937	6895	0.00038
Alicycliphilus	201096	G	5217	8223	13440	0.00074
Melaminivora	1649468	G	4689	3869	8558	0.00047
Serpentinimonas	2490452	G	3120	662	3782	0.00021
Verminephrobacter	364316	G	2668	296	2964	0.00016
Hylemonella	232523	G	2280	295	2575	0.00014
Pulveribacter	2678886	G	2061	968	3029	0.00017
Simplicispira	352450	G	1658	558	2216	0.00012
Limnohabitans	665874	G	1101	96	1197	0.00007
Massilia	149698	G	94297	15165	109462	0.00599
Duganella	75654	G	8514	2529	11043	0.00060
Janthinobacterium	29580	G	16800	3105	19905	0.00109
Herbaspirillum	963	G	16518	2872	19390	0.00106
Collimonas	202907	G	7369	758	8127	0.00044
Noviherbaspirillum	1344552	G	3961	602	4563	0.00025
Undibacterium	401469	G	1115	65	1180	0.00006
Achromobacter	222	G	52512	21096	73608	0.00403
Bordetella	517	G	44273	15294	59567	0.00326
Pigmentiphaga	152267	G	7068	724	7792	0.00043
Orrella	1921582	G	3298	932	4230	0.00023
Castellaniella	359336	G	3176	1978	5154	0.00028
Alcaligenes	507	G	2213	488	2701	0.00015
Pusillimonas (ex Stolz et al. 2005)	305976	G	1596	273	1869	0.00010
Advenella	290425	G	1190	32	1222	0.00007
Rhizobacter	212743	G	17543	3569	21112	0.00116
Sphaerotilus	34102	G	10151	4706	14857	0.00081
Methylibium	316612	G	8559	2400	10959	0.00060
Rubrivivax	28067	G	8412	2458	10870	0.00060
Aquincola	391952	G	6614	2139	8753	0.00048
Thiomonas	32012	G	6547	994	7541	0.00041
Mitsuaria	65047	G	6153	1144	7297	0.00040
Leptothrix	88	G	5678	1691	7369	0.00040
Xylophilus	54066	G	4645	1246	5891	0.00032
Ideonella	36862	G	3585	1998	5583	0.00031
Roseateles	93681	G	2896	519	3415	0.00019
Tepidimonas	114248	G	2777	930	3707	0.00020
Aquabacterium	92793	G	2646	649	3295	0.00018
Inhella	644355	G	1941	287	2228	0.00012
Paucibacter	318147	G	1718	271	1989	0.00011
Sutterella	40544	G	2267	179	2446	0.00013
Thauera	33057	G	19089	10901	29990	0.00164
Azoarcus	12960	G	16344	4788	21132	0.00116
Nitrogeniibacter	2891294	G	5378	772	6150	0.00034
Aromatoleum	551759	G	15150	4080	19230	0.00105
Azospira	146937	G	10402	4320	14722	0.00081
Niveibacterium	1769726	G	2826	363	3189	0.00017
Oryzomicrobium	1911577	G	2150	490	2640	0.00014
Dechloromonas	73029	G	4768	755	5523	0.00030
Ferribacterium	88875	G	3932	616	4548	0.00025
Quatrionicoccus	138117	G	1825	497	2322	0.00013
Usitatibacter	2803845	G	29899	2116	32015	0.00175
Nitrosospira	35798	G	13023	380	13403	0.00073
Nitrosomonas	914	G	1668	188	1856	0.00010
Denitratisoma	311181	G	4222	1897	6119	0.00034
Sulfuritalea	1054211	G	3277	451	3728	0.00020
Methyloversatilis	378210	G	2965	364	3329	0.00018
Sterolibacterium	157591	G	2113	543	2656	0.00015
Thiobacillus	919	G	3871	696	4567	0.00025
Sulfuritortus	1938335	G	2621	1025	3646	0.00020
Sideroxydans	314343	G	2709	360	3069	0.00017
Ferrigenium	2249462	G	1861	371	2232	0.00012
Sulfuriferula	1778653	G	2225	331	2556	0.00014
Sulfurimicrobium	2772198	G	2082	257	2339	0.00013
Sulfuricella	935200	G	1111	101	1212	0.00007
Chromobacterium	535	G	15587	3200	18787	0.00103
Jeongeupia	885864	G	4593	755	5348	0.00029
Paludibacterium	400060	G	3889	590	4479	0.00025
Pseudogulbenkiania	568394	G	2654	787	3441	0.00019
Vogesella	57739	G	2597	568	3165	0.00017
Aquitalea	407217	G	2142	372	2514	0.00014
Microvirgula	57479	G	1948	329	2277	0.00012
Laribacter	168470	G	1464	1193	2657	0.00015
Neisseria	482	G	5549	2168	7717	0.00042
Crenobacter	1654931	G	3297	961	4258	0.00023
Chitinolyticbacter	1055692	G	2179	239	2418	0.00013
Vitreoscilla	59	G	1117	170	1287	0.00007
Casimicrobium	2706000	G	2488	1062	3550	0.00019
Lysobacter	68	G	109354	16815	126169	0.00691
Stenotrophomonas	40323	G	47782	18933	66715	0.00365
Xanthomonas	338	G	46817	22651	69468	0.00380
Luteimonas	83614	G	27990	5165	33155	0.00182
Pseudoxanthomonas	83618	G	19840	7959	27799	0.00152
Thermomonas	141948	G	12521	3113	15634	0.00086
Arenimonas	490567	G	3286	593	3879	0.00021
Pseudolysobacter	2709666	G	2638	63	2701	0.00015
Luteibacter	242605	G	17839	1740	19579	0.00107
Frateuria	70411	G	16789	3718	20507	0.00112
Rhodanobacter	75309	G	13993	2658	16651	0.00091
Dyella	231454	G	12909	1857	14766	0.00081
Dokdonella	323413	G	8199	1272	9471	0.00052
Aerosticca	2707020	G	3107	3589	6696	0.00037
Ahniella	2233801	G	1753	40	1793	0.00010
Pseudomonas	286	G	321409	80552	401961	0.02200
Azotobacter	352	G	6697	4428	11125	0.00061
Halopseudomonas	2901189	G	3554	549	4103	0.00022
Marinobacter	2742	G	7565	553	8118	0.00044
Klebsiella	570	G	9123	54168	63291	0.00346
Raoultella	160674	G	2284	1305	3589	0.00020
Enterobacter	547	G	9990	26662	36652	0.00201
Citrobacter	544	G	4523	4368	8891	0.00049
Cronobacter	413496	G	2789	619	3408	0.00019
Kosakonia	1330547	G	2555	390	2945	0.00016
Leclercia	83654	G	2543	1296	3839	0.00021
Salmonella	590	G	2026	39119	41145	0.00225
Pluralibacter	1330546	G	1792	403	2195	0.00012
Escherichia	561	G	1648	27111	28759	0.00157
Cedecea	158483	G	1406	185	1591	0.00009
Serratia	613	G	15139	3576	18715	0.00102
Rahnella	34037	G	1471	341	1812	0.00010
Yersinia	629	G	1446	520	1966	0.00011
Pantoea	53335	G	9648	1649	11297	0.00062
Erwinia	551	G	3524	1132	4656	0.00025
Mixta	2100764	G	1955	507	2462	0.00013
Dickeya	204037	G	4242	907	5149	0.00028
Pectobacterium	122277	G	2550	434	2984	0.00016
Brenneria	71655	G	1482	253	1735	0.00010
Edwardsiella	635	G	2508	843	3351	0.00018
Sodalis	84565	G	1699	102	1801	0.00010
Thioalkalivibrio	106633	G	9372	1392	10764	0.00059
Spiribacter	1335745	G	6283	386	6669	0.00037
Acidihalobacter	1765964	G	4462	318	4780	0.00026
Halorhodospira	85108	G	2002	143	2145	0.00012
Alkalilimnicola	133193	G	1794	194	1988	0.00011
Aquisalimonas	406099	G	1782	105	1887	0.00010
Ectothiorhodospira	1051	G	1531	127	1658	0.00009
Thiodictyon	53392	G	3555	166	3721	0.00020
Allochromatium	85072	G	3416	702	4118	0.00023
Marichromatium	85076	G	3099	527	3626	0.00020
Thioflavicoccus	156885	G	2939	236	3175	0.00017
Thiocapsa	1056	G	2516	119	2635	0.00014
Thiocystis	13724	G	1870	142	2012	0.00011
Thermochromatium	85073	G	1098	235	1333	0.00007
Wenzhouxiangella	1676142	G	3358	142	3500	0.00019
Thiohalobacter	1273155	G	2505	254	2759	0.00015
Guyparkeria	2035712	G	1936	400	2336	0.00013
Sulfurivermis	2034504	G	1768	578	2346	0.00013
Halothiobacillus	109262	G	1272	89	1361	0.00007
Woeseia	1738655	G	1031	15	1046	0.00006
Halomonas	2745	G	36048	4709	40757	0.00223
Cobetia	204286	G	2223	1403	3626	0.00020
Halotalea	376488	G	2064	351	2415	0.00013
Salinicola	404432	G	2003	200	2203	0.00012
Kushneria	504090	G	1514	67	1581	0.00009
Chromohalobacter	42054	G	1293	123	1416	0.00008
Alcanivorax	59753	G	4791	1928	6719	0.00037
Marinobacterium	48075	G	1492	160	1652	0.00009
Hahella	158481	G	1064	37	1101	0.00006
Aeromonas	642	G	21038	14255	35293	0.00193
Zobellella	347533	G	1306	276	1582	0.00009
Methylococcus	413	G	6820	458	7278	0.00040
Methylomonas	416	G	4666	145	4811	0.00026
Methylomagnum	1760987	G	2239	91	2330	0.00013
Methylomicrobium	39773	G	1858	453	2311	0.00013
Methylogaea	1295378	G	1729	124	1853	0.00010
Methylocaldum	73778	G	1676	88	1764	0.00010
Shewanella	22	G	6445	1005	7450	0.00041
Pseudoalteromonas	53246	G	1864	249	2113	0.00012
Solimonas	413435	G	5571	479	6050	0.00033
Flagellatimonas	2893022	G	1768	95	1863	0.00010
Steroidobacter	469322	G	4768	1104	5872	0.00032
Microbulbifer	48073	G	6308	377	6685	0.00037
Kineobactrum	2678529	G	1074	56	1130	0.00006
Cellvibrio	10	G	1204	58	1262	0.00007
Sulfurifustis	1692042	G	6493	369	6862	0.00038
Sulfuricaulis	1744881	G	2962	204	3166	0.00017
Acidiferrobacter	986106	G	2202	39	2241	0.00012
Vibrio	662	G	6309	1205	7514	0.00041
Acinetobacter	469	G	2887	1076	3963	0.00022
Immundisolibacter	1934947	G	3240	518	3758	0.00021
Thiothrix	1030	G	1116	36	1152	0.00006
Legionella	445	G	1696	140	1836	0.00010
Salinisphaera	180541	G	2132	1907	4039	0.00022
Cardiobacterium	2717	G	1210	152	1362	0.00007
Corallococcus	83461	G	38084	3001	41085	0.00225
Myxococcus	32	G	28469	38654	67123	0.00367
Pyxidicoccus	224458	G	13810	552	14362	0.00079
Anaeromyxobacter	161492	G	69132	4511	73643	0.00403
Archangium	47	G	31398	3524	34922	0.00191
Cystobacter	42	G	8624	2323	10947	0.00060
Stigmatella	40	G	8339	622	8961	0.00049
Melittangium	44	G	6501	1583	8084	0.00044
Vulgatibacter	1524214	G	7776	534	8310	0.00045
Sorangium	39643	G	105105	11983	117088	0.00641
Polyangium	55	G	28540	2676	31216	0.00171
Chondromyces	50	G	13726	616	14342	0.00079
Sandaracinus	1055688	G	43169	2146	45315	0.00248
Labilithrix	1524217	G	24018	1031	25049	0.00137
Haliangium	162027	G	18469	874	19343	0.00106
Geomonas	2651583	G	11626	1676	13302	0.00073
Geobacter	28231	G	10074	969	11043	0.00060
Citrifermentans	2883512	G	3548	736	4284	0.00023
Geotalea	2910589	G	1537	90	1627	0.00009
Desulfuromonas	890	G	7838	875	8713	0.00048
Pelobacter	18	G	1190	365	1555	0.00009
Syntrophotalea	2812025	G	1598	165	1763	0.00010
Desulfovibrio	872	G	7648	903	8551	0.00047
Pseudodesulfovibrio	2035811	G	7600	1302	8902	0.00049
Solidesulfovibrio	2910984	G	5151	473	5624	0.00031
Oceanidesulfovibrio	2905722	G	1997	106	2103	0.00012
Desulfocurvibacter	2582840	G	1405	88	1493	0.00008
Desulfolutivibrio	2773294	G	1380	321	1701	0.00009
Megalodesulfovibrio	2910978	G	1259	53	1312	0.00007
Desulfomicrobium	898	G	1540	162	1702	0.00009
Desulfosarcina	2299	G	3428	569	3997	0.00022
Desulfobulbus	893	G	1970	345	2315	0.00013
Persicimonas	2766927	G	6086	168	6254	0.00034
Bradymonas	1779136	G	2104	895	2999	0.00016
Syntrophobacter	29526	G	1318	504	1822	0.00010
Desulfarculus	453229	G	2278	1201	3479	0.00019
Campylobacter	194	G	1312	236	1548	0.00008
Acidithiobacillus	119977	G	2638	231	2869	0.00016
Bdellovibrio	958	G	1011	40	1051	0.00006
Gemmata	113	G	42108	3868	45976	0.00252
Urbifossiella	2807415	G	34743	2872	37615	0.00206
Frigoriglobus	2774146	G	22921	3650	26571	0.00145
Limnoglobus	2731450	G	18374	825	19199	0.00105
Tuwongella	2051044	G	2173	84	2257	0.00012
Telmatocola	1382832	G	1815	16	1831	0.00010
Aquisphaera	1511635	G	26644	3837	30481	0.00167
Tautonia	2680020	G	23521	1750	25271	0.00138
Paludisphaera	1763521	G	19655	3639	23294	0.00128
Singulisphaera	466152	G	16968	2107	19075	0.00104
Isosphaera	127	G	2386	147	2533	0.00014
Stieleria	2795973	G	4929	466	5395	0.00030
Lignipirellula	2795775	G	4823	473	5296	0.00029
Anatilimnocola	2807414	G	4757	437	5194	0.00028
Rosistilla	2795779	G	4476	281	4757	0.00026
Pirellula	123	G	3203	95	3298	0.00018
Bremerella	2714594	G	2829	179	3008	0.00016
Roseimaritima	1579506	G	2678	154	2832	0.00016
Rubripirellula	1579505	G	1297	209	1506	0.00008
Lacipirellula	2691417	G	13257	815	14072	0.00077
Pirellulimonas	2795783	G	6292	613	6905	0.00038
Botrimarina	2795782	G	5184	433	5617	0.00031
Aeoliella	2795781	G	2095	155	2250	0.00012
Adhaeretor	2862451	G	1148	102	1250	0.00007
Bythopirellula	1400386	G	1054	68	1122	0.00006
Planctomyces	118	G	23651	4964	28615	0.00157
Gimesia	1649453	G	7312	334	7646	0.00042
Caulifigura	2795778	G	7066	391	7457	0.00041
Alienimonas	2714737	G	5018	314	5332	0.00029
Maioricimonas	2795777	G	4880	519	5399	0.00030
Symmachiella	2795780	G	2393	119	2512	0.00014
Fuerstiella	1936111	G	1356	20	1376	0.00008
Rubinisphaera	1649490	G	1186	100	1286	0.00007
Crateriforma	2714592	G	1163	198	1361	0.00007
Planctopirus	1649480	G	1115	37	1152	0.00006
Calycomorphotria	2795776	G	1018	32	1050	0.00006
Humisphaera	2807511	G	12641	281	12922	0.00071
Phycisphaera	666508	G	4565	332	4897	0.00027
Mucisphaera	2913022	G	2034	103	2137	0.00012
Opitutus	178440	G	13954	1077	15031	0.00082
Lacunisphaera	1961799	G	4645	592	5237	0.00029
Nibricoccus	2576890	G	3691	151	3842	0.00021
Oleiharenicola	2100741	G	3618	176	3794	0.00021
Ereboglobus	2028344	G	2161	95	2256	0.00012
Ruficoccus	2175957	G	1023	132	1155	0.00006
Verrucomicrobium	2735	G	5812	408	6220	0.00034
Luteolibacter	518753	G	4718	163	4881	0.00027
Roseimicrobium	1348508	G	4041	132	4173	0.00023
Akkermansia	239934	G	1863	116	1979	0.00011
Methylacidimicrobium	1541670	G	1730	138	1868	0.00010
Kiritimatiella	1921784	G	1186	1160	2346	0.00013
Niastella	354354	G	32138	1318	33456	0.00183
Chitinophaga	79328	G	5279	177	5456	0.00030
Flavisolibacter	398041	G	2276	77	2353	0.00013
Paraflavitalea	2698688	G	1889	57	1946	0.00011
Panacibacter	1874621	G	1513	33	1546	0.00008
Flavihumibacter	1004301	G	1263	31	1294	0.00007
Pseudobacter	1860196	G	1139	40	1179	0.00006
Niabella	379899	G	1078	37	1115	0.00006
Pseudocnuella	2812019	G	1045	56	1101	0.00006
Hymenobacter	89966	G	26185	1273	27458	0.00150
Pontibacter	323449	G	2670	325	2995	0.00016
Spirosoma	107	G	5704	264	5968	0.00033
Dyadobacter	120831	G	1682	105	1787	0.00010
Fibrella	861914	G	1497	103	1600	0.00009
Chryseolinea	1433993	G	2850	75	2925	0.00016
Flavobacterium	237	G	4313	1118	5431	0.00030
Chryseobacterium	59732	G	2733	874	3607	0.00020
Alistipes	239759	G	6718	2135	8853	0.00048
Prevotella	838	G	2484	453	2937	0.00016
Bacteroides	816	G	2138	915	3053	0.00017
Mucilaginibacter	423349	G	8049	709	8758	0.00048
Pedobacter	84567	G	2491	138	2629	0.00014
Sphingobacterium	28453	G	1467	634	2101	0.00012
Rhodothermus	29548	G	4612	226	4838	0.00026
Rhodocaloribacter	2893090	G	4483	397	4880	0.00027
Salinibacter	146918	G	3086	45	3131	0.00017
Chlorobaculum	256319	G	2480	224	2704	0.00015
Gemmatirosa	1706036	G	78163	6236	84399	0.00462
Gemmatimonas	173479	G	25182	596	25778	0.00141
Granulicella	940557	G	13607	1314	14921	0.00082
Terriglobus	392733	G	9906	1129	11035	0.00060
Acidobacterium	33973	G	8200	637	8837	0.00048
Candidatus Koribacter	658061	G	8157	264	8421	0.00046
Edaphobacter	388463	G	5901	710	6611	0.00036
Acidisarcina	2608728	G	2932	205	3137	0.00017
Paludibaculum	1649475	G	10843	287	11130	0.00061
Luteitalea	2004797	G	54294	2845	57139	0.00313
Chloracidobacterium	458032	G	4330	120	4450	0.00024
Sulfidibacter	2915177	G	2906	52	2958	0.00016
Nitrospira	1234	G	11866	152	12018	0.00066
Treponema	157	G	1587	364	1951	0.00011
Spirochaeta	146	G	1088	30	1118	0.00006
Fusarium	5506	G	25261	1765	27026	0.00148
Purpureocillium	1052105	G	7613	422	8035	0.00044
Drechmeria	98402	G	2019	71	2090	0.00011
Trichoderma	5543	G	8663	312	8975	0.00049
Metarhizium	5529	G	5097	543	5640	0.00031
Ustilaginoidea	124426	G	1407	59	1466	0.00008
Pochonia	243023	G	1102	58	1160	0.00006
Beauveria	5581	G	4773	154	4927	0.00027
Cordyceps	45234	G	2264	134	2398	0.00013
Clonostachys	110564	G	1377	85	1462	0.00008
Colletotrichum	5455	G	2754	467	3221	0.00018
Thermothielavioides	2609811	G	3205	190	3395	0.00019
Thermothelomyces	1920207	G	2436	105	2541	0.00014
Pyricularia	48558	G	3117	26	3143	0.00017
Neopestalotiopsis	1562158	G	1951	26	1977	0.00011
Aspergillus	5052	G	5202	247	5449	0.00030
Penicillium	5073	G	2592	120	2712	0.00015
Talaromyces	5094	G	1363	84	1447	0.00008
Paraphaeosphaeria	125369	G	1031	315	1346	0.00007
Pseudozyma	63298	G	3669	90	3759	0.00021
Phlebiopsis	82309	G	1213	30	1243	0.00007
Phytophthora	4783	G	9450	1385	10835	0.00059
Pythium	4797	G	1039	13	1052	0.00006
