name	taxonomy_id	taxonomy_lvl	kraken_assigned_reads	added_reads	new_est_reads	fraction_total_reads
Streptomycetaceae	2062	F	2383638	427028	2810666	0.15234
Microbacteriaceae	85023	F	495537	57331	552868	0.02997
Micrococcaceae	1268	F	317537	58226	375763	0.02037
Intrasporangiaceae	85021	F	100799	20602	121401	0.00658
Cellulomonadaceae	85016	F	98756	26587	125343	0.00679
Promicromonosporaceae	85017	F	50238	15896	66134	0.00358
Ornithinimicrobiaceae	2805590	F	39518	6685	46203	0.00250
Dermabacteraceae	85020	F	27406	4223	31629	0.00171
Brevibacteriaceae	85019	F	26134	4311	30445	0.00165
Dermacoccaceae	145357	F	21370	4005	25375	0.00138
Bogoriellaceae	145358	F	19434	4739	24173	0.00131
Ruaniaceae	1331736	F	16320	16432	32752	0.00178
Beutenbergiaceae	125316	F	11107	2867	13974	0.00076
Sanguibacteraceae	145360	F	8031	2031	10062	0.00055
Dermatophilaceae	85018	F	3468	274	3742	0.00020
Kytococcaceae	2805426	F	3421	1505	4926	0.00027
Demequinaceae	1042322	F	1149	74	1223	0.00007
Nocardioidaceae	85015	F	834792	137431	972223	0.05270
Propionibacteriaceae	31957	F	88123	14397	102520	0.00556
Kribbellaceae	2726069	F	77982	9421	87403	0.00474
Actinopolymorphaceae	2805400	F	13330	1209	14539	0.00079
Mycobacteriaceae	1762	F	474363	51945	526308	0.02853
Nocardiaceae	85025	F	297938	50920	348858	0.01891
Corynebacteriaceae	1653	F	69061	14316	83377	0.00452
Gordoniaceae	85026	F	63151	10955	74106	0.00402
Tsukamurellaceae	85028	F	19633	3994	23627	0.00128
Dietziaceae	85029	F	10953	9687	20640	0.00112
Segniliparaceae	316606	F	1493	66	1559	0.00008
Pseudonocardiaceae	2070	F	786925	93656	880581	0.04773
Micromonosporaceae	28056	F	553827	61276	615103	0.03334
Thermomonosporaceae	2012	F	160608	24969	185577	0.01006
Streptosporangiaceae	2004	F	112057	14832	126889	0.00688
Nocardiopsaceae	83676	F	44867	6036	50903	0.00276
Geodermatophilaceae	85030	F	123967	25138	149105	0.00808
Frankiaceae	74712	F	64636	5416	70052	0.00380
Actinomycetaceae	2049	F	44216	5246	49462	0.00268
Jiangellaceae	1217100	F	29714	4201	33915	0.00184
Nakamurellaceae	85031	F	22807	2620	25427	0.00138
Bifidobacteriaceae	31953	F	17047	3330	20377	0.00110
Catenulisporaceae	414877	F	12318	1440	13758	0.00075
Jatrophihabitantaceae	2805416	F	9073	638	9711	0.00053
Glycomycetaceae	85034	F	6482	421	6903	0.00037
Kineosporiaceae	83778	F	5985	1326	7311	0.00040
Sporichthyaceae	85033	F	3590	1374	4964	0.00027
Actinopolysporaceae	622451	F	3013	248	3261	0.00018
Acidothermaceae	85032	F	1848	77	1925	0.00010
Conexibacteraceae	320583	F	162726	19334	182060	0.00987
Miltoncostaeaceae	2843199	F	34000	3571	37571	0.00204
Baekduiaceae	2600303	F	67623	8997	76620	0.00415
Rubrobacteraceae	84997	F	26155	917	27072	0.00147
Iamiaceae	633392	F	53897	5422	59319	0.00322
Ilumatobacteraceae	2448023	F	6300	318	6618	0.00036
Acidimicrobiaceae	84994	F	2075	133	2208	0.00012
Eggerthellaceae	1643826	F	14428	1892	16320	0.00088
Atopobiaceae	1643824	F	7399	1343	8742	0.00047
Coriobacteriaceae	84107	F	3059	594	3653	0.00020
Egibacteraceae	1747769	F	6107	286	6393	0.00035
Euzebyaceae	908622	F	5535	361	5896	0.00032
Egicoccaceae	1755824	F	5510	669	6179	0.00033
Bacillaceae	186817	F	65049	54537	119586	0.00648
Paenibacillaceae	186822	F	61107	4351	65458	0.00355
Alicyclobacillaceae	186823	F	6464	872	7336	0.00040
Planococcaceae	186818	F	3034	765	3799	0.00021
Thermoactinomycetaceae	186824	F	1964	2131	4095	0.00022
Staphylococcaceae	90964	F	1469	2496	3965	0.00021
Lactobacillaceae	33958	F	4516	1454	5970	0.00032
Streptococcaceae	1300	F	1672	1212	2884	0.00016
Oscillospiraceae	216572	F	10443	3250	13693	0.00074
Clostridiales Family XVII. Incertae Sedis	539000	F	7470	1698	9168	0.00050
Lachnospiraceae	186803	F	3398	1073	4471	0.00024
Symbiobacteriaceae	543349	F	3016	207	3223	0.00017
Clostridiaceae	31979	F	2967	563	3530	0.00019
Peptococcaceae	186807	F	1850	145	1995	0.00011
Christensenellaceae	990719	F	1079	396	1475	0.00008
Thermoanaerobacteraceae	186814	F	3606	576	4182	0.00023
Selenomonadaceae	1843491	F	3724	179	3903	0.00021
Veillonellaceae	31977	F	1271	312	1583	0.00009
Limnochordaceae	1676650	F	2921	91	3012	0.00016
Deinococcaceae	183710	F	35767	1722	37489	0.00203
Thermaceae	188786	F	12791	612	13403	0.00073
Trueperaceae	332247	F	2601	108	2709	0.00015
Synechococcaceae	1890426	F	16993	1658	18651	0.00101
Prochlorococcaceae	2881426	F	4121	756	4877	0.00026
Nostocaceae	1162	F	3287	1192	4479	0.00024
Calotrichaceae	2661849	F	1427	163	1590	0.00009
Leptolyngbyaceae	1890438	F	3346	235	3581	0.00019
Gloeobacteraceae	1890422	F	5106	103	5209	0.00028
Coleofasciculaceae	1892251	F	1051	346	1397	0.00008
Sphaerobacteraceae	85002	F	7197	357	7554	0.00041
Thermomicrobiaceae	189777	F	1885	32	1917	0.00010
Roseiflexaceae	1508635	F	5298	253	5551	0.00030
Chloroflexaceae	1106	F	1751	63	1814	0.00010
Tepidiformaceae	2682227	F	4717	159	4876	0.00026
Ardenticatenaceae	1382930	F	4464	71	4535	0.00025
Ktedonosporobacteraceae	2692416	F	2097	54	2151	0.00012
Caldilineaceae	475964	F	2069	112	2181	0.00012
Anaerolineaceae	292628	F	1748	1008	2756	0.00015
Fimbriimonadaceae	1663426	F	2806	12	2818	0.00015
Bradyrhizobiaceae	41294	F	985734	73566	1059300	0.05742
Phyllobacteriaceae	69277	F	336793	44877	381670	0.02069
Rhizobiaceae	82115	F	270862	49949	320811	0.01739
Methylobacteriaceae	119045	F	166476	20471	186947	0.01013
Xanthobacteraceae	335928	F	104258	13431	117689	0.00638
Hyphomicrobiaceae	45401	F	100821	7403	108224	0.00587
Boseaceae	2831100	F	49065	5905	54970	0.00298
Devosiaceae	2831106	F	42710	2889	45599	0.00247
Aurantimonadaceae	255475	F	33724	38297	72021	0.00390
Methylocystaceae	31993	F	25027	1642	26669	0.00145
Phreatobacteraceae	2843305	F	19605	2544	22149	0.00120
Stappiaceae	2821832	F	18921	3255	22176	0.00120
Beijerinckiaceae	45404	F	12205	685	12890	0.00070
Blastochloridaceae	2831090	F	11669	2125	13794	0.00075
Parvibaculaceae	2813035	F	11637	2298	13935	0.00076
Chelatococcaceae	2036754	F	10367	1779	12146	0.00066
Kaistiaceae	2831111	F	7300	1377	8677	0.00047
Brucellaceae	118882	F	6972	3645	10617	0.00058
Amorphaceae	2685818	F	6588	564	7152	0.00039
Lichenihabitantaceae	2723775	F	4101	155	4256	0.00023
Breoghaniaceae	2831104	F	3982	407	4389	0.00024
Pleomorphomonadaceae	2843308	F	3882	527	4409	0.00024
Sphingomonadaceae	41297	F	458109	56471	514580	0.02789
Erythrobacteraceae	335929	F	80792	12790	93582	0.00507
Sphingosinicellaceae	2820280	F	19016	1227	20243	0.00110
Azospirillaceae	2829815	F	103412	9313	112725	0.00611
Acetobacteraceae	433	F	93938	10058	103996	0.00564
Rhodospirillaceae	41295	F	51232	201154	252386	0.01368
Stellaceae	2844601	F	10383	596	10979	0.00060
Elioraeaceae	2690195	F	4883	201	5084	0.00028
Thalassospiraceae	2844866	F	3221	189	3410	0.00018
Rhodobacteraceae	31989	F	110728	12755	123483	0.00669
Roseobacteraceae	2854170	F	77435	7103	84538	0.00458
Caulobacteraceae	76892	F	137594	10659	148253	0.00804
Maricaulaceae	2800061	F	6183	514	6697	0.00036
Hyphomonadaceae	69657	F	5298	175	5473	0.00030
Parvularculaceae	255474	F	1989	112	2101	0.00011
Burkholderiaceae	119060	F	497005	155211	652216	0.03535
Comamonadaceae	80864	F	349675	104452	454127	0.02461
Oxalobacteraceae	75682	F	156617	17988	174605	0.00946
Alcaligenaceae	506	F	122821	150371	273192	0.01481
Sutterellaceae	995019	F	2367	175	2542	0.00014
Zoogloeaceae	2008794	F	42074	15075	57149	0.00310
Rhodocyclaceae	75787	F	31440	8972	40412	0.00219
Azonexaceae	2008795	F	11288	1096	12384	0.00067
Usitatibacteraceae	2803844	F	29899	2076	31975	0.00173
Nitrosomonadaceae	206379	F	14771	476	15247	0.00083
Sterolibacteriaceae	2008793	F	12712	3083	15795	0.00086
Thiobacillaceae	2008790	F	6522	1665	8187	0.00044
Gallionellaceae	90627	F	6512	674	7186	0.00039
Sulfuricellaceae	2772226	F	5485	607	6092	0.00033
Methylophilaceae	32011	F	2839	223	3062	0.00017
Chromobacteriaceae	1499392	F	38123	6763	44886	0.00243
Neisseriaceae	481	F	15816	3089	18905	0.00102
Casimicrobiaceae	2705999	F	2488	1112	3600	0.00020
Xanthomonadaceae	32033	F	292984	52546	345530	0.01873
Rhodanobacteraceae	1775411	F	78477	10902	89379	0.00484
Pseudomonadaceae	135621	F	335006	82071	417077	0.02261
Marinobacteraceae	2887365	F	7565	545	8110	0.00044
Enterobacteriaceae	543	F	51496	150586	202082	0.01095
Yersiniaceae	1903411	F	20678	4327	25005	0.00136
Erwiniaceae	1903409	F	15975	2893	18868	0.00102
Pectobacteriaceae	1903410	F	9648	1475	11123	0.00060
Hafniaceae	1903412	F	2932	848	3780	0.00020
Morganellaceae	1903414	F	2233	1168	3401	0.00018
Bruguierivoracaceae	2812006	F	1699	100	1799	0.00010
Ectothiorhodospiraceae	72276	F	27991	2193	30184	0.00164
Chromatiaceae	1046	F	21390	1276	22666	0.00123
Wenzhouxiangellaceae	1676141	F	3358	2898	6256	0.00034
Thioalkalibacteraceae	2035710	F	1936	395	2331	0.00013
Thioalkalispiraceae	1096778	F	1768	572	2340	0.00013
Halothiobacillaceae	255526	F	1272	88	1360	0.00007
Woeseiaceae	1738654	F	1031	14	1045	0.00006
Halomonadaceae	28256	F	48194	4932	53126	0.00288
Alcanivoracaceae	224372	F	5018	1900	6918	0.00037
Oceanospirillaceae	135620	F	3434	318	3752	0.00020
Saccharospirillaceae	255527	F	1078	46	1124	0.00006
Hahellaceae	224379	F	1064	36	1100	0.00006
Aeromonadaceae	84642	F	23688	14297	37985	0.00206
Methylococcaceae	403	F	21226	809	22035	0.00119
Shewanellaceae	267890	F	6527	946	7473	0.00041
Alteromonadaceae	72275	F	2865	305	3170	0.00017
Pseudoalteromonadaceae	267888	F	1961	224	2185	0.00012
Sinobacteraceae	568386	F	8336	916	9252	0.00050
Steroidobacteraceae	2689614	F	4768	1089	5857	0.00032
Microbulbiferaceae	1706373	F	6308	312	6620	0.00036
Halieaceae	1706372	F	2690	226	2916	0.00016
Cellvibrionaceae	1706371	F	2378	71	2449	0.00013
Spongiibacteraceae	1706375	F	1328	85	1413	0.00008
Acidiferrobacteraceae	1692041	F	11779	484	12263	0.00066
Vibrionaceae	641	F	7873	1298	9171	0.00050
Moraxellaceae	468	F	4049	4254	8303	0.00045
Immundisolibacteraceae	1934946	F	3240	513	3753	0.00020
Piscirickettsiaceae	135616	F	1446	112	1558	0.00008
Thiotrichaceae	135617	F	1212	32	1244	0.00007
Legionellaceae	444	F	1853	99	1952	0.00011
Salinisphaeraceae	742031	F	2132	1904	4036	0.00022
Pasteurellaceae	712	F	1627	530	2157	0.00012
Cardiobacteriaceae	868	F	1362	161	1523	0.00008
Myxococcaceae	31	F	89106	32959	122065	0.00662
Anaeromyxobacteraceae	1524215	F	69132	4418	73550	0.00399
Archangiaceae	39	F	60094	2786	62880	0.00341
Vulgatibacteraceae	1524213	F	7776	521	8297	0.00045
Polyangiaceae	49	F	152236	10534	162770	0.00882
Sandaracinaceae	1055686	F	43169	2125	45294	0.00246
Labilitrichaceae	1524216	F	24018	1025	25043	0.00136
Kofleriaceae	224464	F	18469	837	19306	0.00105
Geobacteraceae	213422	F	29694	2492	32186	0.00174
Desulfuromonadaceae	213421	F	9045	1159	10204	0.00055
Syntrophotaleaceae	2812024	F	1598	155	1753	0.00010
Desulfovibrionaceae	194924	F	28606	2158	30764	0.00167
Desulfomicrobiaceae	213116	F	1540	146	1686	0.00009
Desulfobacteraceae	213119	F	6780	542	7322	0.00040
Desulfobulbaceae	213121	F	2849	328	3177	0.00017
Bradymonadaceae	1779135	F	8275	969	9244	0.00050
Syntrophobacteraceae	213465	F	2328	461	2789	0.00015
Desulfarculaceae	453228	F	2278	1046	3324	0.00018
Syntrophaceae	213468	F	1263	239	1502	0.00008
Campylobacteraceae	72294	F	1312	234	1546	0.00008
Acidithiobacillaceae	225058	F	2638	229	2867	0.00016
Bdellovibrionaceae	213483	F	1097	13	1110	0.00006
Gemmataceae	1914233	F	129804	3615	133419	0.00723
Isosphaeraceae	1763524	F	92342	8262	100604	0.00545
Pirellulaceae	2691357	F	32625	1231	33856	0.00184
Lacipirellulaceae	2691359	F	29892	1295	31187	0.00169
Planctomycetaceae	126	F	58703	5452	64155	0.00348
Tepidisphaeraceae	1771355	F	12641	279	12920	0.00070
Phycisphaeraceae	666507	F	6976	368	7344	0.00040
Opitutaceae	134623	F	29179	970	30149	0.00163
Puniceicoccaceae	415002	F	1346	131	1477	0.00008
Verrucomicrobiaceae	203557	F	15513	483	15996	0.00087
Akkermansiaceae	1647988	F	1863	1980	3843	0.00021
Kiritimatiellaceae	1921783	F	1186	1151	2337	0.00013
Chitinophagaceae	563835	F	52473	506	52979	0.00287
Hymenobacteraceae	1853232	F	30852	1100	31952	0.00173
Cytophagaceae	89373	F	6244	247	6491	0.00035
Spirosomaceae	2896860	F	4451	203	4654	0.00025
Fulvivirgaceae	2762286	F	3303	80	3383	0.00018
Cyclobacteriaceae	563798	F	1319	114	1433	0.00008
Flavobacteriaceae	49546	F	11888	670	12558	0.00068
Weeksellaceae	2762318	F	4260	832	5092	0.00028
Rikenellaceae	171550	F	6718	1707	8425	0.00046
Prevotellaceae	171552	F	2674	449	3123	0.00017
Bacteroidaceae	815	F	2550	853	3403	0.00018
Tannerellaceae	2005525	F	1201	332	1533	0.00008
Muribaculaceae	2005473	F	1039	164	1203	0.00007
Sphingobacteriaceae	84566	F	13105	1077	14182	0.00077
Rhodothermaceae	563843	F	12329	496	12825	0.00070
Chlorobiaceae	191412	F	4862	536	5398	0.00029
Gemmatimonadaceae	219687	F	104883	5215	110098	0.00597
Acidobacteriaceae	204434	F	51919	1035	52954	0.00287
Bryobacteraceae	1962910	F	10843	285	11128	0.00060
Vicinamibacteraceae	2211325	F	54294	7262	61556	0.00334
Acanthopleuribacteraceae	533207	F	2906	52	2958	0.00016
Nitrospiraceae	189779	F	12393	157	12550	0.00068
Treponemataceae	2845253	F	1587	192	1779	0.00010
Spirochaetaceae	137	F	1420	35	1455	0.00008
Leptospiraceae	170	F	1205	11	1216	0.00007
Synergistaceae	649777	F	4238	1103	5341	0.00029
Nectriaceae	110618	F	25261	1725	26986	0.00146
Ophiocordycipitaceae	474942	F	9650	472	10122	0.00055
Hypocreaceae	5129	F	8663	309	8972	0.00049
Clavicipitaceae	34397	F	7685	564	8249	0.00045
Cordycipitaceae	474943	F	7131	193	7324	0.00040
Bionectriaceae	103887	F	1377	84	1461	0.00008
Glomerellaceae	681950	F	2754	451	3205	0.00017
Chaetomiaceae	35718	F	5758	176	5934	0.00032
Pyriculariaceae	2528436	F	3117	26	3143	0.00017
Sporocadaceae	1812776	F	1951	25	1976	0.00011
Aspergillaceae	1131492	F	7860	294	8154	0.00044
Trichocomaceae	28568	F	1363	81	1444	0.00008
Didymosphaeriaceae	221678	F	1031	298	1329	0.00007
Mycosphaerellaceae	93133	F	1258	11	1269	0.00007
Saccharomycetaceae	4893	F	1781	288	2069	0.00011
Ustilaginaceae	5268	F	5203	109	5312	0.00029
Phanerochaetaceae	396331	F	1213	25	1238	0.00007
Peronosporaceae	4777	F	9450	1350	10800	0.00059
Pythiaceae	4782	F	1039	13	1052	0.00006
