name	taxonomy_id	taxonomy_lvl	kraken_assigned_reads	added_reads	new_est_reads	fraction_total_reads
Streptomycetaceae	2062	F	1540319	274863	1815182	0.15669
Microbacteriaceae	85023	F	351695	41819	393514	0.03397
Micrococcaceae	1268	F	199287	39175	238462	0.02058
Cellulomonadaceae	85016	F	66400	18423	84823	0.00732
Intrasporangiaceae	85021	F	60895	12837	73732	0.00636
Promicromonosporaceae	85017	F	31966	10290	42256	0.00365
Ornithinimicrobiaceae	2805590	F	26545	4597	31142	0.00269
Dermabacteraceae	85020	F	18615	2925	21540	0.00186
Brevibacteriaceae	85019	F	17792	3035	20827	0.00180
Dermacoccaceae	145357	F	13839	2657	16496	0.00142
Bogoriellaceae	145358	F	13162	3276	16438	0.00142
Ruaniaceae	1331736	F	10917	11017	21934	0.00189
Beutenbergiaceae	125316	F	7656	2013	9669	0.00083
Sanguibacteraceae	145360	F	5478	1412	6890	0.00059
Dermatophilaceae	85018	F	2363	187	2550	0.00022
Kytococcaceae	2805426	F	2295	1194	3489	0.00030
Nocardioidaceae	85015	F	542253	91773	634026	0.05473
Propionibacteriaceae	31957	F	59113	8980	68093	0.00588
Kribbellaceae	2726069	F	39212	4872	44084	0.00381
Actinopolymorphaceae	2805400	F	10402	978	11380	0.00098
Mycobacteriaceae	1762	F	294319	32045	326364	0.02817
Nocardiaceae	85025	F	186763	32485	219248	0.01893
Corynebacteriaceae	1653	F	47028	9435	56463	0.00487
Gordoniaceae	85026	F	41620	7405	49025	0.00423
Tsukamurellaceae	85028	F	13016	2726	15742	0.00136
Dietziaceae	85029	F	7531	6806	14337	0.00124
Segniliparaceae	316606	F	1122	51	1173	0.00010
Pseudonocardiaceae	2070	F	456020	56666	512686	0.04426
Micromonosporaceae	28056	F	396179	45072	441251	0.03809
Thermomonosporaceae	2012	F	125491	19989	145480	0.01256
Streptosporangiaceae	2004	F	80497	10949	91446	0.00789
Nocardiopsaceae	83676	F	29614	4202	33816	0.00292
Geodermatophilaceae	85030	F	96170	20003	116173	0.01003
Frankiaceae	74712	F	30898	2555	33453	0.00289
Actinomycetaceae	2049	F	30360	3648	34008	0.00294
Jiangellaceae	1217100	F	17445	2533	19978	0.00172
Nakamurellaceae	85031	F	15669	1834	17503	0.00151
Bifidobacteriaceae	31953	F	11478	2621	14099	0.00122
Catenulisporaceae	414877	F	9978	1201	11179	0.00097
Jatrophihabitantaceae	2805416	F	7425	535	7960	0.00069
Glycomycetaceae	85034	F	4321	288	4609	0.00040
Kineosporiaceae	83778	F	4161	950	5111	0.00044
Sporichthyaceae	85033	F	2398	954	3352	0.00029
Actinopolysporaceae	622451	F	2020	170	2190	0.00019
Acidothermaceae	85032	F	1327	55	1382	0.00012
Conexibacteraceae	320583	F	135505	16799	152304	0.01315
Miltoncostaeaceae	2843199	F	28691	3096	31787	0.00274
Baekduiaceae	2600303	F	57335	8035	65370	0.00564
Rubrobacteraceae	84997	F	19910	697	20607	0.00178
Iamiaceae	633392	F	41086	4366	45452	0.00392
Ilumatobacteraceae	2448023	F	4392	231	4623	0.00040
Acidimicrobiaceae	84994	F	1659	110	1769	0.00015
Eggerthellaceae	1643826	F	9955	1348	11303	0.00098
Atopobiaceae	1643824	F	5214	985	6199	0.00054
Coriobacteriaceae	84107	F	2160	438	2598	0.00022
Egibacteraceae	1747769	F	4552	225	4777	0.00041
Egicoccaceae	1755824	F	4022	517	4539	0.00039
Euzebyaceae	908622	F	3890	268	4158	0.00036
Bacillaceae	186817	F	68130	54696	122826	0.01060
Paenibacillaceae	186822	F	44336	3048	47384	0.00409
Alicyclobacillaceae	186823	F	4476	574	5050	0.00044
Planococcaceae	186818	F	2371	578	2949	0.00025
Thermoactinomycetaceae	186824	F	1361	1452	2813	0.00024
Lactobacillaceae	33958	F	2930	849	3779	0.00033
Streptococcaceae	1300	F	1118	574	1692	0.00015
Oscillospiraceae	216572	F	6680	2070	8750	0.00076
Clostridiales Family XVII. Incertae Sedis	539000	F	5232	1146	6378	0.00055
Lachnospiraceae	186803	F	2239	706	2945	0.00025
Symbiobacteriaceae	543349	F	2122	142	2264	0.00020
Clostridiaceae	31979	F	1792	303	2095	0.00018
Peptococcaceae	186807	F	1268	90	1358	0.00012
Thermoanaerobacteraceae	186814	F	2521	385	2906	0.00025
Selenomonadaceae	1843491	F	2579	147	2726	0.00024
Limnochordaceae	1676650	F	1927	59	1986	0.00017
Deinococcaceae	183710	F	23648	1836	25484	0.00220
Thermaceae	188786	F	8845	448	9293	0.00080
Trueperaceae	332247	F	1723	73	1796	0.00016
Synechococcaceae	1890426	F	10852	1109	11961	0.00103
Prochlorococcaceae	2881426	F	2622	502	3124	0.00027
Nostocaceae	1162	F	2138	801	2939	0.00025
Gloeobacteraceae	1890422	F	3297	70	3367	0.00029
Leptolyngbyaceae	1890438	F	2058	170	2228	0.00019
Sphaerobacteraceae	85002	F	5223	250	5473	0.00047
Thermomicrobiaceae	189777	F	1235	20	1255	0.00011
Roseiflexaceae	1508635	F	3133	139	3272	0.00028
Chloroflexaceae	1106	F	1058	35	1093	0.00009
Tepidiformaceae	2682227	F	3138	103	3241	0.00028
Ardenticatenaceae	1382930	F	2815	44	2859	0.00025
Ktedonosporobacteraceae	2692416	F	2231	54	2285	0.00020
Caldilineaceae	475964	F	1355	70	1425	0.00012
Anaerolineaceae	292628	F	1039	654	1693	0.00015
Fimbriimonadaceae	1663426	F	1866	8	1874	0.00016
Bradyrhizobiaceae	41294	F	662407	50104	712511	0.06151
Phyllobacteriaceae	69277	F	140459	18872	159331	0.01375
Rhizobiaceae	82115	F	131271	32828	164099	0.01417
Methylobacteriaceae	119045	F	112611	13850	126461	0.01092
Hyphomicrobiaceae	45401	F	77725	5546	83271	0.00719
Xanthobacteraceae	335928	F	72268	9309	81577	0.00704
Boseaceae	2831100	F	32429	4052	36481	0.00315
Devosiaceae	2831106	F	23306	1619	24925	0.00215
Aurantimonadaceae	255475	F	20566	20889	41455	0.00358
Methylocystaceae	31993	F	15735	1058	16793	0.00145
Phreatobacteraceae	2843305	F	12223	1612	13835	0.00119
Stappiaceae	2821832	F	11782	2103	13885	0.00120
Beijerinckiaceae	45404	F	7720	438	8158	0.00070
Blastochloridaceae	2831090	F	7624	1408	9032	0.00078
Parvibaculaceae	2813035	F	6970	1320	8290	0.00072
Chelatococcaceae	2036754	F	6575	1162	7737	0.00067
Kaistiaceae	2831111	F	4388	847	5235	0.00045
Amorphaceae	2685818	F	4189	361	4550	0.00039
Brucellaceae	118882	F	4109	1790	5899	0.00051
Lichenihabitantaceae	2723775	F	2728	103	2831	0.00024
Breoghaniaceae	2831104	F	2481	258	2739	0.00024
Pleomorphomonadaceae	2843308	F	2465	344	2809	0.00024
Sphingomonadaceae	41297	F	238257	29049	267306	0.02307
Erythrobacteraceae	335929	F	37449	5832	43281	0.00374
Sphingosinicellaceae	2820280	F	10967	680	11647	0.00101
Azospirillaceae	2829815	F	61036	5392	66428	0.00573
Acetobacteraceae	433	F	60545	6149	66694	0.00576
Rhodospirillaceae	41295	F	31392	108880	140272	0.01211
Stellaceae	2844601	F	6280	355	6635	0.00057
Elioraeaceae	2690195	F	3166	128	3294	0.00028
Thalassospiraceae	2844866	F	1850	108	1958	0.00017
Rhodobacteraceae	31989	F	68426	7882	76308	0.00659
Roseobacteraceae	2854170	F	47382	4327	51709	0.00446
Caulobacteraceae	76892	F	64655	5499	70154	0.00606
Maricaulaceae	2800061	F	3618	304	3922	0.00034
Hyphomonadaceae	69657	F	3099	100	3199	0.00028
Parvularculaceae	255474	F	1216	69	1285	0.00011
Burkholderiaceae	119060	F	296240	94256	390496	0.03371
Comamonadaceae	80864	F	187384	51821	239205	0.02065
Oxalobacteraceae	75682	F	92021	10335	102356	0.00884
Alcaligenaceae	506	F	73339	85207	158546	0.01369
Sutterellaceae	995019	F	1323	93	1416	0.00012
Zoogloeaceae	2008794	F	23316	7768	31084	0.00268
Rhodocyclaceae	75787	F	17599	4592	22191	0.00192
Azonexaceae	2008795	F	6383	578	6961	0.00060
Usitatibacteraceae	2803844	F	16928	1105	18033	0.00156
Sterolibacteriaceae	2008793	F	6822	1557	8379	0.00072
Nitrosomonadaceae	206379	F	5970	204	6174	0.00053
Thiobacillaceae	2008790	F	3602	850	4452	0.00038
Gallionellaceae	90627	F	3527	338	3865	0.00033
Sulfuricellaceae	2772226	F	2771	287	3058	0.00026
Methylophilaceae	32011	F	1335	103	1438	0.00012
Chromobacteriaceae	1499392	F	22330	3642	25972	0.00224
Neisseriaceae	481	F	9258	1464	10722	0.00093
Casimicrobiaceae	2705999	F	1254	518	1772	0.00015
Xanthomonadaceae	32033	F	173096	28321	201417	0.01739
Rhodanobacteraceae	1775411	F	54080	6687	60767	0.00525
Pseudomonadaceae	135621	F	207837	62676	270513	0.02335
Marinobacteraceae	2887365	F	4422	270	4692	0.00041
Enterobacteriaceae	543	F	30809	83634	114443	0.00988
Yersiniaceae	1903411	F	12595	2821	15416	0.00133
Erwiniaceae	1903409	F	9919	1414	11333	0.00098
Pectobacteriaceae	1903410	F	5807	4561	10368	0.00090
Hafniaceae	1903412	F	1641	403	2044	0.00018
Morganellaceae	1903414	F	1395	558	1953	0.00017
Bruguierivoracaceae	2812006	F	1087	61	1148	0.00010
Ectothiorhodospiraceae	72276	F	16663	1171	17834	0.00154
Chromatiaceae	1046	F	13056	730	13786	0.00119
Wenzhouxiangellaceae	1676141	F	1972	1592	3564	0.00031
Thioalkalibacteraceae	2035710	F	1082	208	1290	0.00011
Thioalkalispiraceae	1096778	F	1044	308	1352	0.00012
Halomonadaceae	28256	F	29337	3262	32599	0.00281
Alcanivoracaceae	224372	F	2886	1035	3921	0.00034
Oceanospirillaceae	135620	F	1968	169	2137	0.00018
Aeromonadaceae	84642	F	14559	8982	23541	0.00203
Methylococcaceae	403	F	12381	435	12816	0.00111
Shewanellaceae	267890	F	3828	501	4329	0.00037
Alteromonadaceae	72275	F	1696	169	1865	0.00016
Pseudoalteromonadaceae	267888	F	1114	106	1220	0.00011
Microbulbiferaceae	1706373	F	3592	170	3762	0.00032
Halieaceae	1706372	F	1592	127	1719	0.00015
Cellvibrionaceae	1706371	F	1318	36	1354	0.00012
Acidiferrobacteraceae	1692041	F	6717	249	6966	0.00060
Sinobacteraceae	568386	F	4729	479	5208	0.00045
Steroidobacteraceae	2689614	F	1802	363	2165	0.00019
Vibrionaceae	641	F	4546	2445	6991	0.00060
Moraxellaceae	468	F	2335	2370	4705	0.00041
Immundisolibacteraceae	1934946	F	1817	262	2079	0.00018
Legionellaceae	444	F	1002	49	1051	0.00009
Salinisphaeraceae	742031	F	1371	44	1415	0.00012
Myxococcaceae	31	F	83241	31619	114860	0.00992
Anaeromyxobacteraceae	1524215	F	42878	2395	45273	0.00391
Archangiaceae	39	F	41542	1446	42988	0.00371
Vulgatibacteraceae	1524213	F	4663	268	4931	0.00043
Polyangiaceae	49	F	89431	5352	94783	0.00818
Sandaracinaceae	1055686	F	21956	931	22887	0.00198
Labilitrichaceae	1524216	F	15899	570	16469	0.00142
Kofleriaceae	224464	F	8957	340	9297	0.00080
Geobacteraceae	213422	F	18917	1390	20307	0.00175
Desulfuromonadaceae	213421	F	5658	650	6308	0.00054
Syntrophotaleaceae	2812024	F	1058	93	1151	0.00010
Desulfovibrionaceae	194924	F	17986	1217	19203	0.00166
Desulfobacteraceae	213119	F	4185	283	4468	0.00039
Desulfobulbaceae	213121	F	1799	171	1970	0.00017
Bradymonadaceae	1779135	F	5068	572	5640	0.00049
Syntrophobacteraceae	213465	F	1504	237	1741	0.00015
Desulfarculaceae	453228	F	1417	513	1930	0.00017
Acidithiobacillaceae	225058	F	1536	124	1660	0.00014
Gemmataceae	1914233	F	80173	2404	82577	0.00713
Isosphaeraceae	1763524	F	61657	5383	67040	0.00579
Pirellulaceae	2691357	F	19414	714	20128	0.00174
Lacipirellulaceae	2691359	F	16937	734	17671	0.00153
Planctomycetaceae	126	F	34823	3432	38255	0.00330
Tepidisphaeraceae	1771355	F	6804	156	6960	0.00060
Phycisphaeraceae	666507	F	4345	233	4578	0.00040
Opitutaceae	134623	F	13208	523	13731	0.00119
Verrucomicrobiaceae	203557	F	8130	357	8487	0.00073
Akkermansiaceae	1647988	F	1218	1269	2487	0.00021
Hymenobacteraceae	1853232	F	18558	643	19201	0.00166
Cytophagaceae	89373	F	3065	117	3182	0.00027
Spirosomaceae	2896860	F	2289	98	2387	0.00021
Chitinophagaceae	563835	F	10300	102	10402	0.00090
Rikenellaceae	171550	F	4212	944	5156	0.00045
Prevotellaceae	171552	F	1626	176	1802	0.00016
Bacteroidaceae	815	F	1266	358	1624	0.00014
Rhodothermaceae	563843	F	7954	311	8265	0.00071
Flavobacteriaceae	49546	F	4925	317	5242	0.00045
Weeksellaceae	2762318	F	1941	452	2393	0.00021
Sphingobacteriaceae	84566	F	4199	274	4473	0.00039
Chlorobiaceae	191412	F	3220	300	3520	0.00030
Gemmatimonadaceae	219687	F	59828	2918	62746	0.00542
Acidobacteriaceae	204434	F	35508	664	36172	0.00312
Bryobacteraceae	1962910	F	6747	160	6907	0.00060
Vicinamibacteraceae	2211325	F	31760	4438	36198	0.00312
Acanthopleuribacteraceae	533207	F	1727	30	1757	0.00015
Nitrospiraceae	189779	F	7805	99	7904	0.00068
Synergistaceae	649777	F	2825	772	3597	0.00031
Nectriaceae	110618	F	16234	958	17192	0.00148
Hypocreaceae	5129	F	4635	163	4798	0.00041
Cordycipitaceae	474943	F	4261	112	4373	0.00038
Clavicipitaceae	34397	F	4003	317	4320	0.00037
Ophiocordycipitaceae	474942	F	2900	127	3027	0.00026
Glomerellaceae	681950	F	1588	260	1848	0.00016
Chaetomiaceae	35718	F	3173	86	3259	0.00028
Pyriculariaceae	2528436	F	1972	15	1987	0.00017
Sporocadaceae	1812776	F	1148	14	1162	0.00010
Aspergillaceae	1131492	F	4875	219	5094	0.00044
Ustilaginaceae	5268	F	3264	71	3335	0.00029
Peronosporaceae	4777	F	6100	736	6836	0.00059
