name	taxonomy_id	taxonomy_lvl	kraken_assigned_reads	added_reads	new_est_reads	fraction_total_reads
Streptomyces	1883	G	1751716	337807	2089523	0.14320
Kitasatospora	2063	G	30481	8717	39198	0.00269
Yinghuangia	2805681	G	22645	2968	25613	0.00176
Streptacidiphilus	228398	G	17162	4048	21210	0.00145
Microbacterium	33882	G	137220	18864	156084	0.01070
Agromyces	33877	G	43897	8129	52026	0.00357
Curtobacterium	2034	G	29543	4860	34403	0.00236
Rathayibacter	33886	G	25647	4621	30268	0.00207
Leifsonia	110932	G	24098	13660	37758	0.00259
Clavibacter	1573	G	19962	13879	33841	0.00232
Leucobacter	55968	G	19070	2898	21968	0.00151
Agrococcus	46352	G	18267	3882	22149	0.00152
Protaetiibacter	2680004	G	8610	1941	10551	0.00072
Salinibacterium	235888	G	6851	846	7697	0.00053
Cryobacterium	69578	G	6507	727	7234	0.00050
Frondihabitans	447237	G	5743	692	6435	0.00044
Plantibacter	190323	G	5016	495	5511	0.00038
Microterricola	518733	G	4843	914	5757	0.00039
Microcella	337004	G	4342	1174	5516	0.00038
Cnuibacter	1759331	G	3596	593	4189	0.00029
Herbiconiux	881616	G	3462	529	3991	0.00027
Frigoribacterium	96492	G	3333	746	4079	0.00028
Gryllotalpicola	1195526	G	3261	487	3748	0.00026
Mycetocola	76634	G	3050	305	3355	0.00023
Subtercola	120212	G	2897	189	3086	0.00021
Humibacter	427753	G	2678	457	3135	0.00021
Amnibacterium	1029631	G	2453	453	2906	0.00020
Chryseoglobus	1331730	G	2441	397	2838	0.00019
Gulosibacter	256818	G	2007	448	2455	0.00017
Marisediminicola	1230698	G	1952	186	2138	0.00015
Diaminobutyricimonas	1433997	G	1643	237	1880	0.00013
Glaciihabitans	1649454	G	1486	90	1576	0.00011
Agreia	110934	G	1480	138	1618	0.00011
Arthrobacter	1663	G	160232	34473	194705	0.01334
Pseudarthrobacter	1742993	G	23356	7089	30445	0.00209
Kocuria	57493	G	17725	4382	22107	0.00152
Sinomonas	596707	G	12172	2604	14776	0.00101
Micrococcus	1269	G	8622	4661	13283	0.00091
Glutamicibacter	1742989	G	5072	1474	6546	0.00045
Paenarthrobacter	1742992	G	4979	2520	7499	0.00051
Rothia	32207	G	3670	1251	4921	0.00034
Citricoccus	169133	G	2851	594	3445	0.00024
Cellulomonas	1707	G	72101	21060	93161	0.00638
Actinotalea	458839	G	4487	1372	5859	0.00040
Oerskovia	162491	G	3629	985	4614	0.00032
Pseudactinotalea	1926259	G	3053	375	3428	0.00023
Paraoerskovia	665568	G	2426	536	2962	0.00020
Janibacter	53457	G	16635	4217	20852	0.00143
Phycicoccus	367298	G	15967	4033	20000	0.00137
Pedococcus	2805645	G	13163	3548	16711	0.00115
Intrasporangium	53357	G	11916	2690	14606	0.00100
Tetrasphaera	99479	G	9861	2352	12213	0.00084
Arsenicicoccus	267408	G	5180	1702	6882	0.00047
Cellulosimicrobium	157920	G	20440	7232	27672	0.00190
Xylanimonas	186188	G	11082	3039	14121	0.00097
Isoptericola	254250	G	8534	3267	11801	0.00081
Ornithinimicrobium	125287	G	18448	3347	21795	0.00149
Serinicoccus	265976	G	13862	3284	17146	0.00118
Brachybacterium	43668	G	21601	3010	24611	0.00169
Dermabacter	36739	G	1559	742	2301	0.00016
Brevibacterium	1696	G	22263	3755	26018	0.00178
Dermacoccus	57495	G	5933	1763	7696	0.00053
Luteipulveratus	745364	G	4757	569	5326	0.00037
Allobranchiibius	2040262	G	3728	699	4427	0.00030
Yimella	908935	G	2163	371	2534	0.00017
Georgenia	154116	G	16745	4134	20879	0.00143
Ruania	626119	G	13744	1390	15134	0.00104
Pengzhenrongella	2888818	G	5324	1254	6578	0.00045
Luteimicrobium	754249	G	4751	1232	5983	0.00041
Beutenbergia	84756	G	5615	788	6403	0.00044
Miniimonas	947525	G	3947	1723	5670	0.00039
Sanguibacter	60919	G	6930	1763	8693	0.00060
Gephyromycinifex	2885697	G	1554	152	1706	0.00012
Austwickia	1184606	G	1037	67	1104	0.00008
Kytococcus	57499	G	2803	2302	5105	0.00035
Nocardioides	1839	G	619264	115677	734941	0.05037
Aeromicrobium	2040	G	32146	5443	37589	0.00258
Marmoricola	86795	G	10715	3539	14254	0.00098
Friedmanniella	53387	G	8405	1428	9833	0.00067
Pimelobacter	2044	G	8310	2750	11060	0.00076
Mumia	1546255	G	5210	786	5996	0.00041
Micropruina	116071	G	2683	331	3014	0.00021
Microlunatus	29404	G	25019	2444	27463	0.00188
Tessaracoccus	72763	G	17234	3049	20283	0.00139
Brevilactibacter	2717325	G	6898	2326	9224	0.00063
Acidipropionibacterium	1912215	G	6026	1991	8017	0.00055
Propionibacterium	1743	G	5684	1415	7099	0.00049
Auraticoccus	1278221	G	4699	721	5420	0.00037
Raineyella	1911549	G	2766	316	3082	0.00021
Cutibacterium	1912216	G	2588	641	3229	0.00022
Arachnia	2801844	G	2558	161	2719	0.00019
Kribbella	182639	G	50471	6287	56758	0.00389
Actinopolymorpha	117156	G	10995	1037	12032	0.00082
Mycolicibacterium	1866885	G	156750	26155	182905	0.01254
Mycobacterium	1763	G	149514	34508	184022	0.01261
Mycolicibacter	1073531	G	10735	3944	14679	0.00101
Mycobacteroides	670516	G	9262	2448	11710	0.00080
Mycolicibacillus	2126281	G	2215	525	2740	0.00019
Hoyosella	697025	G	1008	46	1054	0.00007
Nocardia	1817	G	121459	17820	139279	0.00955
Rhodococcus	1827	G	100936	21449	122385	0.00839
Corynebacterium	1716	G	58786	14924	73710	0.00505
Gordonia	2053	G	49955	9495	59450	0.00407
Skermania	59613	G	2325	230	2555	0.00018
Tsukamurella	2060	G	16301	3497	19798	0.00136
Dietzia	37914	G	9446	1994	11440	0.00078
Tomitella	741759	G	5736	1005	6741	0.00046
Segniliparus	286801	G	1434	66	1500	0.00010
Amycolatopsis	1813	G	223874	36003	259877	0.01781
Pseudonocardia	1847	G	172889	27026	199915	0.01370
Saccharopolyspora	1835	G	33237	5963	39200	0.00269
Saccharothrix	2071	G	28755	6952	35707	0.00245
Saccharomonospora	1851	G	18548	2895	21443	0.00147
Kutzneria	43356	G	18441	3270	21711	0.00149
Lentzea	165301	G	13542	2445	15987	0.00110
Actinosynnema	40566	G	11052	2861	13913	0.00095
Actinoalloteichus	65496	G	10691	839	11530	0.00079
Kibdelosporangium	2029	G	8160	840	9000	0.00062
Allokutzneria	1137960	G	7768	1586	9354	0.00064
Alloactinosynnema	674734	G	6244	1182	7426	0.00051
Prauserella	142577	G	3748	294	4042	0.00028
Allosaccharopolyspora	2893576	G	3201	596	3797	0.00026
Micromonospora	1873	G	170451	37905	208356	0.01428
Actinoplanes	1865	G	109025	19910	128935	0.00884
Dactylosporangium	35753	G	23936	2247	26183	0.00179
Phytohabitans	907364	G	22016	2472	24488	0.00168
Couchioplanes	56433	G	17515	3764	21279	0.00146
Plantactinospora	673534	G	16407	2531	18938	0.00130
Actinocatenispora	390988	G	15975	1695	17670	0.00121
Catellatospora	53365	G	12596	2342	14938	0.00102
Polymorphospora	338583	G	8195	1530	9725	0.00067
Natronosporangium	2920401	G	4677	269	4946	0.00034
Verrucosispora	84593	G	3878	2545	6423	0.00044
Salinispora	168694	G	2596	370	2966	0.00020
Actinomadura	1988	G	128657	20811	149468	0.01024
Thermomonospora	2019	G	13501	3376	16877	0.00116
Nonomuraea	83681	G	69225	10136	79361	0.00544
Streptosporangium	2000	G	26112	4276	30388	0.00208
Thermobispora	147067	G	5801	1146	6947	0.00048
Nocardiopsis	2013	G	20286	3325	23611	0.00162
Thermobifida	83677	G	8147	1410	9557	0.00065
Streptomonospora	104204	G	4415	743	5158	0.00035
Spiractinospora	2913367	G	3065	171	3236	0.00022
Blastococcus	38501	G	54265	14026	68291	0.00468
Modestobacter	88138	G	38223	10314	48537	0.00333
Geodermatophilus	1860	G	25625	7615	33240	0.00228
Actinomyces	1654	G	27729	3280	31009	0.00213
Schaalia	2529408	G	3571	576	4147	0.00028
Flaviflexus	1522056	G	2027	416	2443	0.00017
Trueperella	1069494	G	1699	446	2145	0.00015
Frankia	1854	G	37555	3139	40694	0.00279
Nakamurella	53460	G	28403	3655	32058	0.00220
Jiangella	281472	G	21793	3171	24964	0.00171
Bifidobacterium	1678	G	14186	3302	17488	0.00120
Catenulispora	414878	G	10331	1251	11582	0.00079
Jatrophihabitans	1434010	G	7835	573	8408	0.00058
Stackebrandtia	283810	G	4526	344	4870	0.00033
Kineococcus	33981	G	5211	1198	6409	0.00044
Epidermidibacterium	2078948	G	2993	1184	4177	0.00029
Actinopolyspora	1849	G	2412	206	2618	0.00018
Acidothermus	28048	G	1634	71	1705	0.00012
Conexibacter	191494	G	163263	20553	183816	0.01260
Miltoncostaea	2843200	G	33516	3694	37210	0.00255
Baekduia	2600304	G	71506	10068	81574	0.00559
Rubrobacter	42255	G	24554	916	25470	0.00175
Aquihabitans	1648491	G	25833	3728	29561	0.00203
Iamia	467975	G	11350	1593	12943	0.00089
Actinomarinicola	2789775	G	11198	1940	13138	0.00090
Ilumatobacter	682522	G	5468	287	5755	0.00039
Acidimicrobium	53634	G	2031	135	2166	0.00015
Eggerthella	84111	G	3705	1064	4769	0.00033
Gordonibacter	644652	G	1904	721	2625	0.00018
Adlercreutzia	447020	G	1642	292	1934	0.00013
Arabiibacter	2005386	G	1609	266	1875	0.00013
Olsenella	133925	G	2515	497	3012	0.00021
Parolsenella	2082587	G	1610	517	2127	0.00015
Collinsella	102106	G	2216	586	2802	0.00019
Egibacter	1747770	G	5470	268	5738	0.00039
Euzebya	908623	G	4999	340	5339	0.00037
Egicoccus	1755825	G	4969	634	5603	0.00038
Priestia	2800373	G	27066	25959	53025	0.00363
Bacillus	1386	G	11603	28846	40449	0.00277
Geobacillus	129337	G	2700	765	3465	0.00024
Hydrogenibacillus	1609627	G	1837	244	2081	0.00014
Peribacillus	2675229	G	1649	641	2290	0.00016
Anoxybacillus	150247	G	1154	264	1418	0.00010
Cytobacillus	2675230	G	1100	452	1552	0.00011
Paenibacillus	44249	G	41546	3836	45382	0.00311
Brevibacillus	55080	G	4030	664	4694	0.00032
Cohnella	329857	G	2997	398	3395	0.00023
Thermobacillus	76632	G	1816	217	2033	0.00014
Saccharibacillus	456492	G	1286	138	1424	0.00010
Alicyclobacillus	29330	G	2799	198	2997	0.00021
Tumebacillus	432330	G	1856	597	2453	0.00017
Planococcus	1372	G	1390	404	1794	0.00012
Exiguobacterium	33986	G	1322	347	1669	0.00011
Streptococcus	1301	G	1146	845	1991	0.00014
Faecalibacterium	216851	G	1966	1604	3570	0.00024
Dysosmobacter	2591381	G	1068	625	1693	0.00012
Thermaerobacter	73918	G	6618	601	7219	0.00049
Symbiobacterium	2733	G	2632	276	2908	0.00020
Clostridium	1485	G	1604	470	2074	0.00014
Moorella	44260	G	1068	127	1195	0.00008
Selenomonas	970	G	3088	201	3289	0.00023
Limnochorda	1676651	G	2583	87	2670	0.00018
Deinococcus	1298	G	30216	2723	32939	0.00226
Thermus	270	G	4584	285	4869	0.00033
Oceanithermus	208447	G	2497	214	2711	0.00019
Meiothermus	65551	G	2405	127	2532	0.00017
Marinithermus	186191	G	1534	216	1750	0.00012
Truepera	332248	G	2299	99	2398	0.00016
Synechococcus	1129	G	14026	1566	15592	0.00107
Cyanobium	167375	G	3069	654	3723	0.00026
Nostoc	1177	G	2169	912	3081	0.00021
Calothrix	1186	G	1149	296	1445	0.00010
Leptolyngbya	47251	G	2085	194	2279	0.00016
Gloeobacter	33071	G	3982	100	4082	0.00028
Sphaerobacter	2056	G	6029	299	6328	0.00043
Thermomicrobium	499	G	1545	27	1572	0.00011
Roseiflexus	120961	G	4171	201	4372	0.00030
Chloroflexus	1107	G	1487	54	1541	0.00011
Candidatus Promineofilum	1988031	G	3573	59	3632	0.00025
Tepidiforma	2682228	G	3488	122	3610	0.00025
Caldilinea	233191	G	1777	94	1871	0.00013
Ktedonosporobacter	2692417	G	1545	38	1583	0.00011
Fimbriimonas	1005038	G	2247	10	2257	0.00015
Bradyrhizobium	374	G	808290	81102	889392	0.06095
Rhodopseudomonas	1073	G	33017	6658	39675	0.00272
Nitrobacter	911	G	19925	1836	21761	0.00149
Tardiphaga	1395974	G	14223	1315	15538	0.00106
Afipia	1033	G	10311	3356	13667	0.00094
Variibacter	1649510	G	6408	364	6772	0.00046
Mesorhizobium	68287	G	162076	22887	184963	0.01268
Aquibium	2911176	G	8441	1524	9965	0.00068
Aminobacter	31988	G	6919	3575	10494	0.00072
Nitratireductor	245876	G	5326	596	5922	0.00041
Phyllobacterium	28100	G	3572	270	3842	0.00026
Roseitalea	1915401	G	2521	317	2838	0.00019
Hoeflea	274591	G	1997	140	2137	0.00015
Oricola	1594166	G	1772	181	1953	0.00013
Rhizobium	379	G	75058	29618	104676	0.00717
Agrobacterium	357	G	16711	4469	21180	0.00145
Neorhizobium	1525371	G	7498	1326	8824	0.00060
Pseudorhizobium	1903858	G	2195	316	2511	0.00017
Sinorhizobium	28105	G	17766	6939	24705	0.00169
Ensifer	106591	G	15573	2316	17889	0.00123
Shinella	323620	G	13659	7833	21492	0.00147
Ciceribacter	1648508	G	1781	263	2044	0.00014
Georhizobium	2661800	G	1618	256	1874	0.00013
Methylobacterium	407	G	92769	13514	106283	0.00728
Microvirga	186650	G	34840	3130	37970	0.00260
Methylorubrum	2282523	G	18992	6317	25309	0.00173
Rhodoplanes	29407	G	60205	4343	64548	0.00442
Hyphomicrobium	81	G	13890	687	14577	0.00100
Methyloceanibacter	1484898	G	4343	227	4570	0.00031
Aquabacter	45402	G	3056	373	3429	0.00024
Methyloligella	1485594	G	2902	270	3172	0.00022
Rhodomicrobium	1068	G	2210	117	2327	0.00016
Caenibius	2827482	G	1637	606	2243	0.00015
Pseudolabrys	556257	G	35398	3943	39341	0.00270
Starkeya	152053	G	12036	2418	14454	0.00099
Xanthobacter	279	G	11345	2108	13453	0.00092
Ancylobacter	99	G	10574	2936	13510	0.00093
Labrys	204476	G	4534	356	4890	0.00034
Azorhizobium	6	G	3678	609	4287	0.00029
Bosea	85413	G	40516	4870	45386	0.00311
Devosia	46913	G	21356	1361	22717	0.00156
Youhaiella	1827478	G	2389	417	2806	0.00019
Paradevosia	1573407	G	2348	703	3051	0.00021
Pelagibacterium	1082930	G	1144	149	1293	0.00009
Aureimonas	414371	G	14733	2288	17021	0.00117
Martelella	293088	G	7675	1065	8740	0.00060
Aurantimonas	182269	G	4018	902	4920	0.00034
Nordella	169055	G	10286	429	10715	0.00073
Pseudorhodoplanes	1734920	G	8582	465	9047	0.00062
Terrihabitans	2874214	G	2382	201	2583	0.00018
Methylocystis	133	G	12706	884	13590	0.00093
Methylosinus	425	G	6710	792	7502	0.00051
Phreatobacter	1632780	G	15855	2024	17879	0.00123
Stappia	152161	G	5809	834	6643	0.00046
Roseibium	150830	G	2906	283	3189	0.00022
Pannonibacter	227873	G	2737	1441	4178	0.00029
Labrenzia	478070	G	2417	160	2577	0.00018
Methylocella	120652	G	4577	323	4900	0.00034
Methylovirgula	1156568	G	3756	235	3991	0.00027
Beijerinckia	532	G	1105	69	1174	0.00008
Blastochloris	59282	G	9313	1686	10999	0.00075
Kaustia	2838250	G	4633	347	4980	0.00034
Parvibaculum	256616	G	2143	1273	3416	0.00023
Pyruvatibacter	1742974	G	1442	153	1595	0.00011
Chelatococcus	28209	G	8627	1465	10092	0.00069
Kaistia	166953	G	5638	1048	6686	0.00046
Acuticoccus	1904377	G	5631	480	6111	0.00042
Brucella	234	G	4426	1353	5779	0.00040
Lichenihabitans	2723776	G	3398	127	3525	0.00024
Hartmannibacter	1572860	G	3196	426	3622	0.00025
Breoghania	1406135	G	3032	305	3337	0.00023
Sphingomonas	13687	G	156619	18676	175295	0.01201
Sphingobium	165695	G	49027	23064	72091	0.00494
Sphingopyxis	165697	G	31740	5255	36995	0.00254
Novosphingobium	165696	G	28145	8025	36170	0.00248
Rhizorhabdus	1649486	G	11476	4124	15600	0.00107
Sphingosinithalassobacter	2676233	G	4001	777	4778	0.00033
Allosphingosinicella	2823232	G	3068	302	3370	0.00023
Parasphingopyxis	1234545	G	2569	103	2672	0.00018
Sphingorhabdus	1434046	G	2459	132	2591	0.00018
Blastomonas	150203	G	2190	339	2529	0.00017
Hankyongella	1763827	G	1718	258	1976	0.00014
Tardibacter	2685927	G	1503	837	2340	0.00016
Citromicrobium	72173	G	1329	490	1819	0.00012
Novosphingopyxis	2709686	G	1141	511	1652	0.00011
Erythrobacter	1041	G	14628	3120	17748	0.00122
Porphyrobacter	1111	G	4759	1057	5816	0.00040
Qipengyuania	1855416	G	9233	2045	11278	0.00077
Croceicoccus	1295327	G	5774	2950	8724	0.00060
Altererythrobacter	361177	G	4961	1062	6023	0.00041
Tsuneonella	2800686	G	4906	827	5733	0.00039
Aurantiacibacter	2800681	G	1061	148	1209	0.00008
Sphingosinicella	335405	G	7987	703	8690	0.00060
Polymorphobacter	1508451	G	4534	150	4684	0.00032
Sandaracinobacter	56358	G	1820	106	1926	0.00013
Azospirillum	191	G	52608	5665	58273	0.00399
Skermanella	204447	G	22349	2674	25023	0.00171
Nitrospirillum	1543705	G	3947	367	4314	0.00030
Indioceanicola	2478349	G	2666	291	2957	0.00020
Niveispirillum	1543704	G	1455	127	1582	0.00011
Roseomonas	125216	G	33967	4249	38216	0.00262
Rhodovastum	504465	G	7377	605	7982	0.00055
Komagataeibacter	1434011	G	4873	1885	6758	0.00046
Acidiphilium	522	G	4485	2250	6735	0.00046
Roseococcus	35812	G	4247	318	4565	0.00031
Sediminicoccus	1706033	G	3450	143	3593	0.00025
Lichenicola	2804525	G	3116	122	3238	0.00022
Acidibrevibacterium	2603324	G	3038	224	3262	0.00022
Acetobacter	434	G	2522	662	3184	0.00022
Gluconobacter	441	G	1921	446	2367	0.00016
Gluconacetobacter	89583	G	1886	316	2202	0.00015
Granulibacter	364409	G	1279	93	1372	0.00009
Hypericibacter	2705399	G	14208	708	14916	0.00102
Magnetospirillum	13134	G	9016	151488	160504	0.01100
Rhodospirillum	1081	G	5448	522	5970	0.00041
Tistrella	171436	G	4022	1572	5594	0.00038
Ferrovibrio	1231242	G	2962	156	3118	0.00021
Defluviicoccus	111830	G	2162	159	2321	0.00016
Pararhodospirillum	1612157	G	1218	76	1294	0.00009
Stella	93	G	8442	486	8928	0.00061
Elioraea	457933	G	4210	176	4386	0.00030
Thalassospira	168934	G	1598	129	1727	0.00012
Paracoccus	265	G	29228	4046	33274	0.00228
Cereibacter	1653176	G	8059	1872	9931	0.00068
Rhodobacter	1060	G	7624	1900	9524	0.00065
Rhodovulum	34008	G	4302	883	5185	0.00036
Polymorphum	991903	G	3449	698	4147	0.00028
Paroceanicella	2683599	G	3237	690	3927	0.00027
Pikeienuella	2831955	G	2382	184	2566	0.00018
Thioclava	285107	G	2313	236	2549	0.00017
Pontivivens	1844015	G	2255	139	2394	0.00016
Pelagovum	2795377	G	1891	190	2081	0.00014
Silicimonas	1955420	G	1877	89	1966	0.00013
Frigidibacter	1775705	G	1580	543	2123	0.00015
Pukyongiella	2831925	G	1486	286	1772	0.00012
Brevirhabdus	1855413	G	1391	532	1923	0.00013
Gymnodinialimonas	2937410	G	1128	87	1215	0.00008
Fuscovulum	2818469	G	1114	109	1223	0.00008
Haematobacter	366614	G	1088	349	1437	0.00010
Pseudopuniceibacterium	2613960	G	1023	64	1087	0.00007
Roseovarius	74030	G	7614	911	8525	0.00058
Sulfitobacter	60136	G	7532	1078	8610	0.00059
Salipiger	263377	G	6005	1505	7510	0.00051
Roseivivax	93682	G	4618	563	5181	0.00036
Celeribacter	875170	G	3372	1001	4373	0.00030
Phaeobacter	302485	G	2845	1193	4038	0.00028
Leisingera	191028	G	2593	273	2866	0.00020
Ruegeria	97050	G	2467	277	2744	0.00019
Pseudosulfitobacter	2854186	G	2207	461	2668	0.00018
Yangia	2919626	G	2112	279	2391	0.00016
Sagittula	58842	G	1979	602	2581	0.00018
Ponticoccus	983507	G	1571	185	1756	0.00012
Mameliella	1434019	G	1435	200	1635	0.00011
Dinoroseobacter	309512	G	1287	352	1639	0.00011
Roseobacter	2433	G	1285	26	1311	0.00009
Ketogulonicigenium	92944	G	1182	118	1300	0.00009
Octadecabacter	53945	G	1098	57	1155	0.00008
Roseibacterium	159345	G	1086	74	1160	0.00008
Actibacterium	1433986	G	1080	405	1485	0.00010
Oceanicola	252301	G	1036	42	1078	0.00007
Caulobacter	75	G	39415	4059	43474	0.00298
Brevundimonas	41275	G	28929	3661	32590	0.00223
Phenylobacterium	20	G	11949	1664	13613	0.00093
Asticcacaulis	76890	G	2518	164	2682	0.00018
Terricaulis	2768684	G	1806	51	1857	0.00013
Marinicauda	1649466	G	2526	360	2886	0.00020
Hyphomonas	85	G	2790	105	2895	0.00020
Candidatus Viadribacter	2892997	G	1106	23	1129	0.00008
Aquisalinus	1795639	G	1029	39	1068	0.00007
Burkholderia	32008	G	148550	87181	235731	0.01616
Paraburkholderia	1822464	G	90039	9017	99056	0.00679
Cupriavidus	106589	G	81624	23988	105612	0.00724
Ralstonia	48736	G	59967	18617	78584	0.00539
Caballeronia	1827195	G	20557	2468	23025	0.00158
Pandoraea	93217	G	19822	2881	22703	0.00156
Polynucleobacter	44013	G	2052	50	2102	0.00014
Lautropia	47670	G	1456	238	1694	0.00012
Chitinimonas	240411	G	1221	88	1309	0.00009
Mycetohabitans	2571159	G	1073	65	1138	0.00008
Variovorax	34072	G	80348	25163	105511	0.00723
Hydrogenophaga	47420	G	29377	11976	41353	0.00283
Acidovorax	12916	G	28900	13850	42750	0.00293
Comamonas	283	G	17197	7096	24293	0.00166
Ramlibacter	174951	G	17113	6109	23222	0.00159
Rhodoferax	28065	G	16762	4096	20858	0.00143
Schlegelella	215579	G	9267	2599	11866	0.00081
Diaphorobacter	238749	G	9158	8929	18087	0.00124
Delftia	80865	G	8788	8473	17261	0.00118
Polaromonas	52972	G	6947	509	7456	0.00051
Kinneretia	683756	G	6380	3516	9896	0.00068
Ottowia	219181	G	4837	779	5616	0.00038
Alicycliphilus	201096	G	4404	6943	11347	0.00078
Melaminivora	1649468	G	3755	3121	6876	0.00047
Serpentinimonas	2490452	G	2630	563	3193	0.00022
Verminephrobacter	364316	G	2208	250	2458	0.00017
Hylemonella	232523	G	1741	230	1971	0.00014
Pulveribacter	2678886	G	1677	803	2480	0.00017
Simplicispira	352450	G	1377	474	1851	0.00013
Massilia	149698	G	73326	11773	85099	0.00583
Duganella	75654	G	6708	2034	8742	0.00060
Janthinobacterium	29580	G	13623	2498	16121	0.00110
Herbaspirillum	963	G	13571	2374	15945	0.00109
Collimonas	202907	G	5760	604	6364	0.00044
Noviherbaspirillum	1344552	G	3265	506	3771	0.00026
Achromobacter	222	G	43646	17083	60729	0.00416
Bordetella	517	G	37016	18760	55776	0.00382
Pigmentiphaga	152267	G	5921	596	6517	0.00045
Orrella	1921582	G	2702	760	3462	0.00024
Castellaniella	359336	G	2543	1589	4132	0.00028
Alcaligenes	507	G	1790	392	2182	0.00015
Pusillimonas (ex Stolz et al. 2005)	305976	G	1277	220	1497	0.00010
Rhizobacter	212743	G	12921	2666	15587	0.00107
Methylibium	316612	G	9149	2851	12000	0.00082
Sphaerotilus	34102	G	8239	3877	12116	0.00083
Rubrivivax	28067	G	6414	1892	8306	0.00057
Aquincola	391952	G	5232	1710	6942	0.00048
Thiomonas	32012	G	5175	303	5478	0.00038
Mitsuaria	65047	G	4755	891	5646	0.00039
Leptothrix	88	G	4516	1354	5870	0.00040
Xylophilus	54066	G	3738	1018	4756	0.00033
Ideonella	36862	G	2636	1488	4124	0.00028
Tepidimonas	114248	G	2288	782	3070	0.00021
Aquabacterium	92793	G	2138	532	2670	0.00018
Roseateles	93681	G	2070	374	2444	0.00017
Inhella	644355	G	1535	230	1765	0.00012
Paucibacter	318147	G	1226	198	1424	0.00010
Sutterella	40544	G	1919	162	2081	0.00014
Thauera	33057	G	15616	9210	24826	0.00170
Azoarcus	12960	G	13378	4016	17394	0.00119
Nitrogeniibacter	2891294	G	4284	629	4913	0.00034
Aromatoleum	551759	G	12521	3407	15928	0.00109
Azospira	146937	G	8660	3721	12381	0.00085
Niveibacterium	1769726	G	2315	308	2623	0.00018
Oryzomicrobium	1911577	G	1643	399	2042	0.00014
Dechloromonas	73029	G	3912	621	4533	0.00031
Ferribacterium	88875	G	3258	506	3764	0.00026
Quatrionicoccus	138117	G	1462	396	1858	0.00013
Usitatibacter	2803845	G	29758	2207	31965	0.00219
Denitratisoma	311181	G	3377	1558	4935	0.00034
Sulfuritalea	1054211	G	2734	399	3133	0.00021
Methyloversatilis	378210	G	2455	314	2769	0.00019
Sterolibacterium	157591	G	1688	448	2136	0.00015
Nitrosospira	35798	G	6511	195	6706	0.00046
Nitrosomonas	914	G	1191	158	1349	0.00009
Thiobacillus	919	G	3763	704	4467	0.00031
Sulfuritortus	1938335	G	2136	870	3006	0.00021
Sideroxydans	314343	G	2340	311	2651	0.00018
Ferrigenium	2249462	G	1518	311	1829	0.00013
Sulfuriferula	1778653	G	1765	278	2043	0.00014
Sulfurimicrobium	2772198	G	1667	226	1893	0.00013
Chromobacterium	535	G	13131	2699	15830	0.00108
Jeongeupia	885864	G	3755	636	4391	0.00030
Paludibacterium	400060	G	3153	488	3641	0.00025
Pseudogulbenkiania	568394	G	2189	661	2850	0.00020
Vogesella	57739	G	1970	442	2412	0.00017
Aquitalea	407217	G	1773	309	2082	0.00014
Microvirgula	57479	G	1560	270	1830	0.00013
Laribacter	168470	G	1068	898	1966	0.00013
Neisseria	482	G	4462	1481	5943	0.00041
Crenobacter	1654931	G	2645	780	3425	0.00023
Chitinolyticbacter	1055692	G	1775	198	1973	0.00014
Casimicrobium	2706000	G	2005	874	2879	0.00020
Pseudomonas	286	G	288998	68128	357126	0.02448
Azotobacter	352	G	5432	7059	12491	0.00086
Halopseudomonas	2901189	G	2754	402	3156	0.00022
Marinobacter	2742	G	5769	406	6175	0.00042
Lysobacter	68	G	81693	11623	93316	0.00640
Stenotrophomonas	40323	G	35844	14019	49863	0.00342
Xanthomonas	338	G	34768	16140	50908	0.00349
Luteimonas	83614	G	20812	3801	24613	0.00169
Pseudoxanthomonas	83618	G	14649	5855	20504	0.00141
Thermomonas	141948	G	9181	2249	11430	0.00078
Arenimonas	490567	G	2327	414	2741	0.00019
Pseudolysobacter	2709666	G	1747	41	1788	0.00012
Luteibacter	242605	G	12758	1240	13998	0.00096
Frateuria	70411	G	10842	2321	13163	0.00090
Rhodanobacter	75309	G	10152	1893	12045	0.00083
Dyella	231454	G	9376	1321	10697	0.00073
Dokdonella	323413	G	4946	760	5706	0.00039
Aerosticca	2707020	G	2363	2751	5114	0.00035
Ahniella	2233801	G	1286	29	1315	0.00009
Klebsiella	570	G	6934	34271	41205	0.00282
Raoultella	160674	G	1856	1110	2966	0.00020
Enterobacter	547	G	7877	11988	19865	0.00136
Citrobacter	544	G	3549	3215	6764	0.00046
Cronobacter	413496	G	2310	447	2757	0.00019
Kosakonia	1330547	G	1946	300	2246	0.00015
Leclercia	83654	G	1946	1140	3086	0.00021
Salmonella	590	G	1679	42746	44425	0.00304
Pluralibacter	1330546	G	1417	326	1743	0.00012
Escherichia	561	G	1194	15681	16875	0.00116
Cedecea	158483	G	1103	148	1251	0.00009
Serratia	613	G	11813	2953	14766	0.00101
Rahnella	34037	G	1226	294	1520	0.00010
Yersinia	629	G	1028	1374	2402	0.00016
Pantoea	53335	G	7557	1357	8914	0.00061
Erwinia	551	G	2897	534	3431	0.00024
Mixta	2100764	G	1740	444	2184	0.00015
Dickeya	204037	G	3417	473	3890	0.00027
Pectobacterium	122277	G	1944	355	2299	0.00016
Brenneria	71655	G	1241	109	1350	0.00009
Edwardsiella	635	G	1906	613	2519	0.00017
Sodalis	84565	G	1400	86	1486	0.00010
Thioalkalivibrio	106633	G	7545	1116	8661	0.00059
Spiribacter	1335745	G	4973	300	5273	0.00036
Acidihalobacter	1765964	G	3407	247	3654	0.00025
Halorhodospira	85108	G	1673	119	1792	0.00012
Alkalilimnicola	133193	G	1436	152	1588	0.00011
Aquisalimonas	406099	G	1387	79	1466	0.00010
Ectothiorhodospira	1051	G	1214	97	1311	0.00009
Thiodictyon	53392	G	2953	144	3097	0.00021
Allochromatium	85072	G	2650	604	3254	0.00022
Marichromatium	85076	G	2498	447	2945	0.00020
Thioflavicoccus	156885	G	2422	203	2625	0.00018
Thiocapsa	1056	G	2033	101	2134	0.00015
Thiocystis	13724	G	1413	115	1528	0.00010
Wenzhouxiangella	1676142	G	2655	112	2767	0.00019
Thiohalobacter	1273155	G	1873	188	2061	0.00014
Guyparkeria	2035712	G	1486	311	1797	0.00012
Sulfurivermis	2034504	G	1397	456	1853	0.00013
Halomonas	2745	G	29019	3675	32694	0.00224
Cobetia	204286	G	1875	1171	3046	0.00021
Halotalea	376488	G	1648	278	1926	0.00013
Salinicola	404432	G	1538	150	1688	0.00012
Kushneria	504090	G	1153	50	1203	0.00008
Chromohalobacter	42054	G	1047	98	1145	0.00008
Alcanivorax	59753	G	3836	1555	5391	0.00037
Marinobacterium	48075	G	1189	134	1323	0.00009
Aeromonas	642	G	17059	11768	28827	0.00198
Zobellella	347533	G	1103	227	1330	0.00009
Methylococcus	413	G	5414	362	5776	0.00040
Methylomonas	416	G	3374	105	3479	0.00024
Methylomagnum	1760987	G	1745	71	1816	0.00012
Methylomicrobium	39773	G	1383	312	1695	0.00012
Methylogaea	1295378	G	1318	94	1412	0.00010
Methylocaldum	73778	G	1295	68	1363	0.00009
Shewanella	22	G	5049	766	5815	0.00040
Pseudoalteromonas	53246	G	1488	184	1672	0.00011
Microbulbifer	48073	G	4661	276	4937	0.00034
Sulfurifustis	1692042	G	5138	288	5426	0.00037
Sulfuricaulis	1744881	G	2278	154	2432	0.00017
Acidiferrobacter	986106	G	1874	32	1906	0.00013
Solimonas	413435	G	4140	365	4505	0.00031
Flagellatimonas	2893022	G	1426	78	1504	0.00010
Steroidobacter	469322	G	2377	542	2919	0.00020
Vibrio	662	G	4797	1584	6381	0.00044
Immundisolibacter	1934947	G	3327	538	3865	0.00026
Acinetobacter	469	G	2238	894	3132	0.00021
Legionella	445	G	1712	148	1860	0.00013
Salinisphaera	180541	G	1730	62	1792	0.00012
Corallococcus	83461	G	31756	2572	34328	0.00235
Myxococcus	32	G	23777	30428	54205	0.00371
Pyxidicoccus	224458	G	21540	887	22427	0.00154
Anaeromyxobacter	161492	G	57623	3803	61426	0.00421
Archangium	47	G	26867	3010	29877	0.00205
Cystobacter	42	G	7249	1936	9185	0.00063
Stigmatella	40	G	7148	541	7689	0.00053
Melittangium	44	G	5392	1303	6695	0.00046
Vulgatibacter	1524214	G	6322	439	6761	0.00046
Sorangium	39643	G	79639	8805	88444	0.00606
Polyangium	55	G	20459	1810	22269	0.00153
Chondromyces	50	G	9734	416	10150	0.00070
Sandaracinus	1055688	G	30212	1493	31705	0.00217
Labilithrix	1524217	G	18646	780	19426	0.00133
Haliangium	162027	G	12881	611	13492	0.00092
Geomonas	2651583	G	9603	1412	11015	0.00075
Geobacter	28231	G	8215	825	9040	0.00062
Citrifermentans	2883512	G	2947	624	3571	0.00024
Geotalea	2910589	G	1241	76	1317	0.00009
Desulfuromonas	890	G	6515	769	7284	0.00050
Syntrophotalea	2812025	G	1390	157	1547	0.00011
Pseudodesulfovibrio	2035811	G	6372	1044	7416	0.00051
Desulfovibrio	872	G	6227	713	6940	0.00048
Solidesulfovibrio	2910984	G	4165	383	4548	0.00031
Oceanidesulfovibrio	2905722	G	1583	82	1665	0.00011
Desulfocurvibacter	2582840	G	1264	79	1343	0.00009
Desulfolutivibrio	2773294	G	1185	264	1449	0.00010
Megalodesulfovibrio	2910978	G	1066	43	1109	0.00008
Desulfomicrobium	898	G	1286	132	1418	0.00010
Desulfosarcina	2299	G	2926	463	3389	0.00023
Desulfobulbus	893	G	1640	275	1915	0.00013
Persicimonas	2766927	G	5010	130	5140	0.00035
Bradymonas	1779136	G	1772	714	2486	0.00017
Syntrophobacter	29526	G	1203	449	1652	0.00011
Desulfarculus	453229	G	1915	996	2911	0.00020
Campylobacter	194	G	1082	238	1320	0.00009
Acidithiobacillus	119977	G	2066	194	2260	0.00015
Gemmata	113	G	33800	3130	36930	0.00253
Urbifossiella	2807415	G	26022	2128	28150	0.00193
Frigoriglobus	2774146	G	18779	2847	21626	0.00148
Limnoglobus	2731450	G	13242	582	13824	0.00095
Tuwongella	2051044	G	1702	66	1768	0.00012
Telmatocola	1382832	G	1362	12	1374	0.00009
Aquisphaera	1511635	G	19082	2883	21965	0.00151
Tautonia	2680020	G	16904	1317	18221	0.00125
Paludisphaera	1763521	G	13297	2587	15884	0.00109
Singulisphaera	466152	G	11073	1447	12520	0.00086
Isosphaera	127	G	1865	121	1986	0.00014
Stieleria	2795973	G	3909	393	4302	0.00029
Lignipirellula	2795775	G	3656	377	4033	0.00028
Rosistilla	2795779	G	3526	235	3761	0.00026
Anatilimnocola	2807414	G	3400	329	3729	0.00026
Pirellula	123	G	2426	76	2502	0.00017
Bremerella	2714594	G	2156	144	2300	0.00016
Roseimaritima	1579506	G	2093	124	2217	0.00015
Lacipirellula	2691417	G	8781	599	9380	0.00064
Pirellulimonas	2795783	G	4866	525	5391	0.00037
Botrimarina	2795782	G	4225	393	4618	0.00032
Aeoliella	2795781	G	1679	141	1820	0.00012
Planctomyces	118	G	17225	3710	20935	0.00143
Gimesia	1649453	G	5545	259	5804	0.00040
Caulifigura	2795778	G	4107	234	4341	0.00030
Alienimonas	2714737	G	3961	256	4217	0.00029
Maioricimonas	2795777	G	3709	404	4113	0.00028
Symmachiella	2795780	G	1807	92	1899	0.00013
Fuerstiella	1936111	G	1070	16	1086	0.00007
Rubinisphaera	1649490	G	1004	87	1091	0.00007
Humisphaera	2807511	G	9083	219	9302	0.00064
Phycisphaera	666508	G	3790	291	4081	0.00028
Mucisphaera	2913022	G	1644	88	1732	0.00012
Opitutus	178440	G	12579	1040	13619	0.00093
Lacunisphaera	1961799	G	4084	525	4609	0.00032
Oleiharenicola	2100741	G	2980	146	3126	0.00021
Nibricoccus	2576890	G	2807	115	2922	0.00020
Ereboglobus	2028344	G	1839	82	1921	0.00013
Verrucomicrobium	2735	G	5206	375	5581	0.00038
Luteolibacter	518753	G	3337	122	3459	0.00024
Roseimicrobium	1348508	G	2346	82	2428	0.00017
Akkermansia	239934	G	1512	97	1609	0.00011
Methylacidimicrobium	1541670	G	1500	122	1622	0.00011
Kiritimatiella	1921784	G	1000	1001	2001	0.00014
Hymenobacter	89966	G	21450	1022	22472	0.00154
Pontibacter	323449	G	1966	238	2204	0.00015
Spirosoma	107	G	4129	183	4312	0.00030
Dyadobacter	120831	G	1622	91	1713	0.00012
Fibrella	861914	G	1189	72	1261	0.00009
Chryseolinea	1433993	G	1139	27	1166	0.00008
Niastella	354354	G	5564	399	5963	0.00041
Chitinophaga	79328	G	2492	112	2604	0.00018
Flavisolibacter	398041	G	1267	64	1331	0.00009
Flavobacterium	237	G	4784	893	5677	0.00039
Chryseobacterium	59732	G	1903	588	2491	0.00017
Alistipes	239759	G	5558	1713	7271	0.00050
Prevotella	838	G	1896	202	2098	0.00014
Bacteroides	816	G	1564	618	2182	0.00015
Rhodocaloribacter	2893090	G	3938	360	4298	0.00029
Rhodothermus	29548	G	3902	191	4093	0.00028
Salinibacter	146918	G	2659	43	2702	0.00019
Mucilaginibacter	423349	G	3313	228	3541	0.00024
Pedobacter	84567	G	1416	91	1507	0.00010
Chlorobaculum	256319	G	2096	204	2300	0.00016
Gemmatirosa	1706036	G	71486	5806	77292	0.00530
Gemmatimonas	173479	G	22049	529	22578	0.00155
Granulicella	940557	G	11132	1040	12172	0.00083
Terriglobus	392733	G	8024	894	8918	0.00061
Candidatus Koribacter	658061	G	6813	215	7028	0.00048
Acidobacterium	33973	G	6791	513	7304	0.00050
Edaphobacter	388463	G	4839	566	5405	0.00037
Acidisarcina	2608728	G	2351	159	2510	0.00017
Paludibaculum	1649475	G	8954	224	9178	0.00063
Luteitalea	2004797	G	49101	2611	51712	0.00354
Chloracidobacterium	458032	G	3723	138	3861	0.00026
Sulfidibacter	2915177	G	2330	42	2372	0.00016
Nitrospira	1234	G	11193	155	11348	0.00078
Treponema	157	G	1237	331	1568	0.00011
Fusarium	5506	G	12678	737	13415	0.00092
Trichoderma	5543	G	5803	224	6027	0.00041
Beauveria	5581	G	3585	115	3700	0.00025
Cordyceps	45234	G	1715	96	1811	0.00012
Metarhizium	5529	G	3415	397	3812	0.00026
Ustilaginoidea	124426	G	1070	47	1117	0.00008
Purpureocillium	1052105	G	1961	116	2077	0.00014
Drechmeria	98402	G	1500	57	1557	0.00011
Colletotrichum	5455	G	2176	376	2552	0.00017
Thermothielavioides	2609811	G	2255	124	2379	0.00016
Thermothelomyces	1920207	G	1668	68	1736	0.00012
Pyricularia	48558	G	2559	16	2575	0.00018
Neopestalotiopsis	1562158	G	1296	16	1312	0.00009
Aspergillus	5052	G	2331	136	2467	0.00017
Penicillium	5073	G	1592	86	1678	0.00012
Pseudozyma	63298	G	3012	72	3084	0.00021
Phlebiopsis	82309	G	1049	13	1062	0.00007
Phytophthora	4783	G	7993	1082	9075	0.00062
