name	taxonomy_id	taxonomy_lvl	kraken_assigned_reads	added_reads	new_est_reads	fraction_total_reads
Bradyrhizobium sp. 200	2782665	S	36411	7936	44347	0.00591
Bradyrhizobium sp. 170	2782641	S	31521	7800	39321	0.00524
Bradyrhizobium sp. CCBAU 53351	1325114	S	17906	7417	25323	0.00337
Bradyrhizobium sp. CCBAU 051011	858422	S	17417	2836	20253	0.00270
Bradyrhizobium sp. 195	2782662	S	12586	4119	16705	0.00223
Bradyrhizobium sp. CCBAU 51753	1325100	S	10556	2019	12575	0.00168
Bradyrhizobium sp. A19	2898149	S	7838	1251	9089	0.00121
Bradyrhizobium sp. 186	2782654	S	7477	1918	9395	0.00125
Bradyrhizobium sp. SK17	2057741	S	7257	2151	9408	0.00125
Bradyrhizobium sp. BTAi1	288000	S	6926	1164	8090	0.00108
Bradyrhizobium sp. 1(2017)	1404888	S	6822	1890	8712	0.00116
Bradyrhizobium sp. ORS 285	115808	S	6715	1417	8132	0.00108
Bradyrhizobium sp. CCBAU 53338	1325111	S	6657	2202	8859	0.00118
Bradyrhizobium sp. ORS 278	114615	S	6614	1419	8033	0.00107
Bradyrhizobium sp. CCBAU 53340	1325112	S	6232	1960	8192	0.00109
Bradyrhizobium sp. CCBAU 53421	1325120	S	5698	1579	7277	0.00097
Bradyrhizobium sp. CCGE-LA001	1223566	S	5644	1797	7441	0.00099
Bradyrhizobium sp. 6(2017)	1197460	S	4369	1731	6100	0.00081
Bradyrhizobium sp. S2-11-2	2840472	S	4002	3314	7316	0.00097
Bradyrhizobium sp. S2-20-1	2840469	S	3507	3121	6628	0.00088
Bradyrhizobium sp. CCBAU 51765	1325102	S	3500	3281	6781	0.00090
Bradyrhizobium sp. I71	2590772	S	3483	3227	6710	0.00089
Bradyrhizobium sp. 41S5	1404443	S	3450	1936	5386	0.00072
Bradyrhizobium sp. S2-11-4	2840473	S	3229	3172	6401	0.00085
Bradyrhizobium sp. 191	2782659	S	3218	3349	6567	0.00087
Bradyrhizobium sp. 192	2782660	S	3122	6217	9339	0.00124
Bradyrhizobium sp.	376	S	2317	5898	8215	0.00109
Bradyrhizobium sp. C-145	574727	S	2055	1579	3634	0.00048
Bradyrhizobium sp. 40	2782674	S	1788	4327	6115	0.00081
Bradyrhizobium sp. 144S4	2823807	S	1644	3422	5066	0.00067
Bradyrhizobium sp. 323S2	1404649	S	1544	3241	4785	0.00064
Bradyrhizobium sp. 4	2782678	S	1535	4203	5738	0.00076
Bradyrhizobium erythrophlei	1437360	S	27873	1917	29790	0.00397
Bradyrhizobium diazoefficiens	1355477	S	25292	30943	56235	0.00749
Bradyrhizobium symbiodeficiens	1404367	S	19229	21682	40911	0.00545
Bradyrhizobium paxllaeri	190148	S	14740	2150	16890	0.00225
Bradyrhizobium icense	1274631	S	13460	1531	14991	0.00200
Bradyrhizobium japonicum	375	S	11093	12207	23300	0.00310
Bradyrhizobium lablabi	722472	S	9022	7592	16614	0.00221
Bradyrhizobium amphicarpaeae	1404768	S	8248	2681	10929	0.00146
Bradyrhizobium canariense	255045	S	8213	9612	17825	0.00237
Bradyrhizobium arachidis	858423	S	7940	1780	9720	0.00129
Bradyrhizobium genosp. L	83637	S	7206	1211	8417	0.00112
Bradyrhizobium cosmicum	1404864	S	6917	1787	8704	0.00116
Bradyrhizobium oligotrophicum	44255	S	6276	933	7209	0.00096
Bradyrhizobium guangdongense	1325090	S	6152	1844	7996	0.00107
Bradyrhizobium guangzhouense	1325095	S	5699	1680	7379	0.00098
Bradyrhizobium guangxiense	1325115	S	5634	1901	7535	0.00100
Bradyrhizobium genosp. B	83627	S	5352	923	6275	0.00084
Bradyrhizobium vignae	1549949	S	4849	917	5766	0.00077
Bradyrhizobium quebecense	2748629	S	4384	1898	6282	0.00084
Bradyrhizobium betae	244734	S	3848	1634	5482	0.00073
Bradyrhizobium septentrionale	1404411	S	3626	1678	5304	0.00071
Bradyrhizobium daqingense	993502	S	3559	1481	5040	0.00067
Bradyrhizobium elkanii	29448	S	1944	4429	6373	0.00085
Bradyrhizobium zhanjiangense	1325107	S	1713	1284	2997	0.00040
Bradyrhizobium ottawaense	931866	S	1253	5705	6958	0.00093
Rhodopseudomonas palustris	1076	S	16590	4962	21552	0.00287
Rhodopseudomonas sp. SK50-23	340268	S	2868	528	3396	0.00045
Rhodopseudomonas boonkerdii	475937	S	2668	586	3254	0.00043
Tardiphaga sp. 37S4	1404741	S	5443	6401	11844	0.00158
Tardiphaga robiniae	943830	S	4989	2130	7119	0.00095
Nitrobacter hamburgensis	912	S	6110	860	6970	0.00093
Nitrobacter winogradskyi	913	S	3593	542	4135	0.00055
Afipia carboxidovorans	40137	S	4135	561	4696	0.00063
Afipia sp. GAS231	1882747	S	3786	1846	5632	0.00075
Variibacter gotjawalensis	1333996	S	4497	321	4818	0.00064
Mesorhizobium sp. B2-8-5	2589903	S	12020	3422	15442	0.00206
Mesorhizobium sp. NZP2298	2483403	S	7660	3931	11591	0.00154
Mesorhizobium sp. J8	2777475	S	6900	1916	8816	0.00117
Mesorhizobium sp. M1B.F.Ca.ET.045.04.1.1	2493673	S	3373	1113	4486	0.00060
Mesorhizobium sp. B2-1-1	2589974	S	3230	631	3861	0.00051
Mesorhizobium sp. M2A.F.Ca.ET.043.05.1.1	2493671	S	3120	2313	5433	0.00072
Mesorhizobium sp. M1E.F.Ca.ET.045.02.1.1	2493672	S	2898	1240	4138	0.00055
Mesorhizobium sp. M1D.F.Ca.ET.043.01.1.1	2493669	S	2878	1486	4364	0.00058
Mesorhizobium sp. B1-1-8	2589976	S	2785	591	3376	0.00045
Mesorhizobium sp. M1A.F.Ca.IN.022.06.1.1	2493680	S	2761	750	3511	0.00047
Mesorhizobium sp. 8	2584466	S	2761	565	3326	0.00044
Mesorhizobium sp. M3A.F.Ca.ET.080.04.2.1	2493676	S	2408	621	3029	0.00040
Mesorhizobium sp. 113-3-9	2744517	S	2335	1500	3835	0.00051
Mesorhizobium sp. 131-2-1	2744518	S	2269	1028	3297	0.00044
Mesorhizobium sp. M4B.F.Ca.ET.058.02.1.1	2493675	S	2089	755	2844	0.00038
Mesorhizobium sp. DCY119	2108445	S	2078	398	2476	0.00033
Mesorhizobium sp. INR15	2654248	S	2022	249	2271	0.00030
Mesorhizobium sp. Pch-S	2082387	S	1941	230	2171	0.00029
Mesorhizobium sp. M7D.F.Ca.US.005.01.1.1	2493678	S	1878	545	2423	0.00032
Mesorhizobium sp. PAMC28654	2880934	S	1819	291	2110	0.00028
Mesorhizobium sp. 113-3-3	2744516	S	1774	829	2603	0.00035
Mesorhizobium sp. B4-1-4	2589888	S	1582	326	1908	0.00025
Mesorhizobium sp. M2A.F.Ca.ET.043.02.1.1	2493670	S	1527	3426	4953	0.00066
Mesorhizobium sp. NZP2077	2483404	S	1507	425	1932	0.00026
Mesorhizobium sp. B2-1-8	2589967	S	1471	384	1855	0.00025
Mesorhizobium sp. M2A.F.Ca.ET.046.03.2.1	2493674	S	1448	3413	4861	0.00065
Mesorhizobium sp. 113-1-2	2744515	S	1426	597	2023	0.00027
Mesorhizobium sp. M9A.F.Ca.ET.002.03.1.2	2493668	S	1407	553	1960	0.00026
Mesorhizobium sp. M8A.F.Ca.ET.057.01.1.1	2493679	S	1389	443	1832	0.00024
Mesorhizobium sp. M6A.T.Cr.TU.016.01.1.1	2493677	S	1331	379	1710	0.00023
Mesorhizobium sp. L-2-11	2744521	S	1257	404	1661	0.00022
Mesorhizobium sp. M7A.F.Ce.TU.012.03.2.1	2493681	S	1155	359	1514	0.00020
Mesorhizobium loti	381	S	2347	15726	18073	0.00241
Mesorhizobium opportunistum	593909	S	1950	695	2645	0.00035
Mesorhizobium terrae	2725666	S	1930	510	2440	0.00033
Mesorhizobium amorphae	71433	S	1758	350	2108	0.00028
Mesorhizobium huakuii	28104	S	1250	1034	2284	0.00030
Mesorhizobium ciceri	39645	S	1157	2512	3669	0.00049
Mesorhizobium japonicum	2066070	S	1142	741	1883	0.00025
Mesorhizobium erdmanii	1777866	S	1092	257	1349	0.00018
Mesorhizobium australicum	536018	S	1080	282	1362	0.00018
Aquibium microcysteis	675281	S	2807	690	3497	0.00047
Aquibium oceanicum	1670800	S	2014	409	2423	0.00032
Aminobacter sp. MSH1	374606	S	1757	2787	4544	0.00061
Nitratireductor sp. SY7	2599600	S	1773	340	2113	0.00028
Roseitalea porphyridii	1852022	S	1524	231	1755	0.00023
Oricola thermophila	2742145	S	1052	131	1183	0.00016
Rhizobium sp. BG4	2613770	S	4116	1148	5264	0.00070
Rhizobium sp. WYJ-E13	2849093	S	2575	543	3118	0.00042
Rhizobium sp. NXC24	2048897	S	1959	530	2489	0.00033
Rhizobium sp. C104	2917727	S	1447	2465	3912	0.00052
Rhizobium sp. NZLR1	2731096	S	1267	1157	2424	0.00032
Rhizobium sp. CIAT894	2020312	S	1205	1608	2813	0.00037
Rhizobium leguminosarum	384	S	15457	25322	40779	0.00543
Rhizobium etli	29449	S	1948	1539	3487	0.00046
Rhizobium jaguaris	1312183	S	1851	218	2069	0.00028
Rhizobium phaseoli	396	S	1236	1466	2702	0.00036
Rhizobium pseudoryzae	379684	S	1175	244	1419	0.00019
Rhizobium indicum	2583231	S	1111	583	1694	0.00023
Rhizobium hidalgonense	1538159	S	1091	1412	2503	0.00033
Rhizobium gallicum	56730	S	1030	791	1821	0.00024
Agrobacterium tumefaciens	358	S	3407	4890	8297	0.00111
Agrobacterium vitis	373	S	1932	257	2189	0.00029
Agrobacterium rhizogenes	359	S	1020	2712	3732	0.00050
Neorhizobium galegae	399	S	12024	3420	15444	0.00206
Neorhizobium sp. NCHU2750	1825976	S	1071	285	1356	0.00018
Sinorhizobium fredii	380	S	3179	4492	7671	0.00102
Sinorhizobium meliloti	382	S	2365	890	3255	0.00043
Sinorhizobium sp. BG8	2613773	S	1086	183	1269	0.00017
Sinorhizobium americanum	194963	S	1139	399	1538	0.00020
Sinorhizobium medicae	110321	S	1018	133	1151	0.00015
Ensifer adhaerens	106592	S	2995	2574	5569	0.00074
Ensifer mexicanus	375549	S	1538	237	1775	0.00024
Ensifer alkalisoli	1752398	S	1046	222	1268	0.00017
Shinella sp. HZN7	879274	S	1907	1713	3620	0.00048
Shinella sp. PSBB067	2715959	S	1463	1147	2610	0.00035
Shinella sp. XGS7	2877941	S	1101	1269	2370	0.00032
Shinella zoogloeoides	352475	S	1525	2226	3751	0.00050
Ciceribacter thiooxidans	1969821	S	1151	228	1379	0.00018
Georhizobium profundi	2341112	S	1044	204	1248	0.00017
Rhodoplanes sp. Z2-YC6860	674703	S	64592	5569	70161	0.00935
Hyphomicrobium denitrificans	53399	S	5580	569	6149	0.00082
Hyphomicrobium sp. MC1	717785	S	4750	318	5068	0.00068
Hyphomicrobium nitrativorans	1427356	S	1882	157	2039	0.00027
Methyloceanibacter sp. wino2	2170729	S	1114	242	1356	0.00018
Methyloceanibacter caenitepidi	1384459	S	1050	214	1264	0.00017
Aquabacter sp. L1I39	2820278	S	1700	248	1948	0.00026
Methyloligella sp. GL2	2742204	S	1600	182	1782	0.00024
Rhodomicrobium vannielii	1069	S	1285	87	1372	0.00018
Methylobacterium sp. WL1	2603276	S	1876	424	2300	0.00031
Methylobacterium sp. 17Sr1-1	2202826	S	1794	965	2759	0.00037
Methylobacterium aquaticum	270351	S	3727	1825	5552	0.00074
Methylobacterium nodulans	114616	S	3650	495	4145	0.00055
Methylobacterium tardum	374432	S	2790	1091	3881	0.00052
Methylobacterium durans	2202825	S	2765	402	3167	0.00042
Methylobacterium oryzae	334852	S	2602	5158	7760	0.00103
Methylobacterium radiodurans	2202828	S	2502	632	3134	0.00042
Methylobacterium currus	2051553	S	2301	1056	3357	0.00045
Methylobacterium mesophilicum	39956	S	2151	486	2637	0.00035
Methylobacterium organophilum	410	S	2142	1875	4017	0.00054
Methylobacterium brachiatum	269660	S	1956	705	2661	0.00035
Methylobacterium terrae	2202827	S	1895	983	2878	0.00038
Methylobacterium indicum	1775910	S	1691	948	2639	0.00035
Methylobacterium phyllosphaerae	418223	S	1069	4426	5495	0.00073
Methylorubrum extorquens	408	S	5937	7634	13571	0.00181
Methylorubrum populi	223967	S	3606	1450	5056	0.00067
Methylorubrum sp. B1-46	2897334	S	1269	431	1700	0.00023
Microvirga sp. VF16	2807101	S	3887	624	4511	0.00060
Microvirga sp. 17 mud 1-3	2082949	S	2082	453	2535	0.00034
Microvirga ossetica	1882682	S	3915	715	4630	0.00062
Microvirga thermotolerans	2651334	S	2348	671	3019	0.00040
Pseudolabrys taiwanensis	331696	S	19792	3072	22864	0.00305
Pseudolabrys sp. FHR47	2562284	S	19649	3216	22865	0.00305
Starkeya sp. ORNL1	2709380	S	8812	1682	10494	0.00140
Starkeya novella	921	S	3413	1205	4618	0.00062
Ancylobacter sp. TS-1	1850374	S	2688	1084	3772	0.00050
Ancylobacter polymorphus	223390	S	2617	1265	3882	0.00052
Ancylobacter pratisalsi	1745854	S	2193	473	2666	0.00036
Xanthobacter dioxanivorans	2528964	S	2941	2549	5490	0.00073
Labrys sp. KNU-23	2789216	S	2956	292	3248	0.00043
Azorhizobium caulinodans	7	S	2217	449	2666	0.00036
Devosia sp. A16	1736675	S	12514	1556	14070	0.00187
Devosia sp. JXJ CY 41	2917991	S	1530	317	1847	0.00025
Devosia sp. SL43	2806348	S	1524	318	1842	0.00025
Devosia sp. 1566	2499144	S	1123	138	1261	0.00017
Devosia ginsengisoli	400770	S	1621	344	1965	0.00026
Devosia beringensis	2657486	S	1381	236	1617	0.00022
Devosia oryziradicis	2801335	S	1357	296	1653	0.00022
Devosia salina	2860336	S	1319	541	1860	0.00025
Devosia rhizoryzae	2774137	S	1087	127	1214	0.00016
Youhaiella tibetensis	1447062	S	2127	486	2613	0.00035
Paradevosia shaoguanensis	1335043	S	2094	815	2909	0.00039
Bosea sp. ANAM02	2020412	S	3918	1258	5176	0.00069
Bosea sp. AS-1	2015316	S	3540	976	4516	0.00060
Bosea sp. Tri-49	1867715	S	3423	695	4118	0.00055
Bosea sp. F3-2	2599640	S	3416	956	4372	0.00058
Bosea sp. RAC05	1842539	S	2829	803	3632	0.00048
Bosea sp. PAMC 26642	1792307	S	2193	411	2604	0.00035
Bosea vaviloviae	1526658	S	2579	561	3140	0.00042
Nordella sp. HKS 07	2712222	S	11264	573	11837	0.00158
Pseudorhodoplanes sinuspersici	1235591	S	6004	390	6394	0.00085
Terrihabitans soli	708113	S	1547	156	1703	0.00023
Aureimonas sp. SA4125	2826993	S	1745	345	2090	0.00028
Aureimonas sp. AU20	1349819	S	1666	284	1950	0.00026
Aureimonas mangrovi	2758041	S	1331	392	1723	0.00023
Aureimonas populi	1701758	S	1276	357	1633	0.00022
Martelella mediterranea	293089	S	1014	946	1960	0.00026
Aurantimonas sp. HBX-1	2906072	S	2171	622	2793	0.00037
Methylocystis parvus	134	S	1434	735	2169	0.00029
Methylocystis bryophila	655015	S	1427	401	1828	0.00024
Methylocystis heyeri	391905	S	1306	459	1765	0.00024
Methylosinus trichosporium	426	S	2008	402	2410	0.00032
Methylosinus sp. C49	2699395	S	1592	312	1904	0.00025
Phreatobacter stygius	1940610	S	3827	538	4365	0.00058
Phreatobacter cathodiphilus	1868589	S	2813	795	3608	0.00048
Phreatobacter sp. NMCR1094	2570229	S	2283	411	2694	0.00036
Stappia indica	538381	S	2229	534	2763	0.00037
Stappia sp. ES.058	1881061	S	1188	157	1345	0.00018
Roseibium aggregatum	187304	S	1372	231	1603	0.00021
Pannonibacter phragmitetus	121719	S	1674	1043	2717	0.00036
Methylocella silvestris	199596	S	1365	165	1530	0.00020
Methylocella tundrae	227605	S	1193	125	1318	0.00018
Methylovirgula ligni	569860	S	1299	152	1451	0.00019
Blastochloris tepida	2233851	S	2775	902	3677	0.00049
Blastochloris viridis	1079	S	2409	652	3061	0.00041
Kaustia mangrovi	2593653	S	2480	248	2728	0.00036
Parvibaculum lavamentivorans	256618	S	1358	1093	2451	0.00033
Kaistia sp. 32K	2795690	S	4957	1147	6104	0.00081
Chelatococcus sp. CO-6	1702325	S	2259	1310	3569	0.00048
Chelatococcus daeguensis	444444	S	1294	764	2058	0.00027
Acuticoccus sp. I52.16.1	2928472	S	2801	316	3117	0.00042
Hartmannibacter diazotrophicus	1482074	S	1983	323	2306	0.00031
Breoghania sp. L-A4	2304600	S	1838	233	2071	0.00028
Sphingomonas sp. DM2-R-LB4	2899123	S	3160	1455	4615	0.00061
Sphingomonas sp. Cra20	1327635	S	2584	494	3078	0.00041
Sphingomonas sp. LM7	1938607	S	2459	651	3110	0.00041
Sphingomonas sp. CL5.1	2653203	S	2385	1022	3407	0.00045
Sphingomonas sp. S8-45	2938948	S	2364	387	2751	0.00037
Sphingomonas sp. AK-PDB1-5	2872652	S	2158	455	2613	0.00035
Sphingomonas sp. AP4-R1	2735134	S	1931	315	2246	0.00030
Sphingomonas sp. AAP5	1523415	S	1912	615	2527	0.00034
Sphingomonas sp. HDW15A	2714942	S	1847	204	2051	0.00027
Sphingomonas sp. MM-1	745310	S	1841	3277	5118	0.00068
Sphingomonas sp. S2-65	2903960	S	1780	463	2243	0.00030
Sphingomonas sp. FARSPH	2219696	S	1614	1747	3361	0.00045
Sphingomonas sp. NBWT7	2596913	S	1556	718	2274	0.00030
Sphingomonas sp. PAMC26645	2565555	S	1426	519	1945	0.00026
Sphingomonas sp. HMP9	1517554	S	1310	636	1946	0.00026
Sphingomonas sp. HMP6	1517551	S	1246	288	1534	0.00020
Sphingomonas sp. KC8	1030157	S	1092	182	1274	0.00017
Sphingomonas sediminicola	386874	S	11167	1524	12691	0.00169
Sphingomonas lutea	1045317	S	6414	1160	7574	0.00101
Sphingomonas daechungensis	1176646	S	5068	697	5765	0.00077
Sphingomonas sabuli	2764186	S	3909	665	4574	0.00061
Sphingomonas alpina	653931	S	3764	441	4205	0.00056
Sphingomonas ginsengisoli An et al. 2013	363835	S	3637	693	4330	0.00058
Sphingomonas sinipercae	2714944	S	3545	665	4210	0.00056
Sphingomonas sanxanigenens	397260	S	2600	1681	4281	0.00057
Sphingomonas piscis	2714943	S	2529	325	2854	0.00038
Sphingomonas rhizophila	2071607	S	2522	920	3442	0.00046
Sphingomonas hengshuiensis	1609977	S	2503	464	2967	0.00040
Sphingomonas profundi	2681549	S	2230	496	2726	0.00036
Sphingomonas panacisoli	1813879	S	2179	418	2597	0.00035
Sphingomonas panacis	1560345	S	2084	435	2519	0.00034
Sphingomonas koreensis	93064	S	1966	2093	4059	0.00054
Sphingomonas taxi	1549858	S	1834	827	2661	0.00035
Sphingomonas xanthus	2594473	S	1723	555	2278	0.00030
Sphingomonas suaedae	2599297	S	1552	285	1837	0.00024
Sphingomonas changnyeongensis	2698679	S	1358	363	1721	0.00023
Sphingomonas radiodurans	2890321	S	1340	251	1591	0.00021
Sphingomonas aliaeris	2759526	S	1305	231	1536	0.00020
Sphingomonas insulae	424800	S	1243	517	1760	0.00023
Sphingomonas paucimobilis	13689	S	1126	1061	2187	0.00029
Sphingobium sp. TKS	1315974	S	2813	5907	8720	0.00116
Sphingobium sp. SYK-6	627192	S	1322	502	1824	0.00024
Sphingobium yanoikuyae	13690	S	1976	6334	8310	0.00111
Sphingobium indicum	332055	S	1257	1612	2869	0.00038
Sphingobium chlorophenolicum	46429	S	1171	737	1908	0.00025
Sphingobium phenoxybenzoativorans	1592790	S	1043	539	1582	0.00021
Sphingopyxis sp. OPL5	2486273	S	2413	675	3088	0.00041
Sphingopyxis sp. QXT-31	1357916	S	1351	551	1902	0.00025
Sphingopyxis sp. YF1	2482763	S	1300	433	1733	0.00023
Sphingopyxis sp. BSN-002	2911495	S	1131	304	1435	0.00019
Sphingopyxis sp. PAMC25046	2565556	S	1080	954	2034	0.00027
Sphingopyxis macrogoltabida	33050	S	2526	2228	4754	0.00063
Sphingopyxis terrae	33052	S	1133	1219	2352	0.00031
Sphingopyxis lindanitolerans	2054227	S	1040	848	1888	0.00025
Sphingopyxis fribergensis	1515612	S	1016	822	1838	0.00024
Novosphingobium sp. Sx8-5	2896849	S	2441	642	3083	0.00041
Novosphingobium sp. EMRT-2	2571749	S	1958	1578	3536	0.00047
Novosphingobium sp. Gsoil 351	2675225	S	1837	220	2057	0.00027
Novosphingobium sp. P6W	1609758	S	1822	468	2290	0.00031
Novosphingobium sp. ES2-1	2780074	S	1039	1021	2060	0.00027
Novosphingobium resinovorum	158500	S	2587	1924	4511	0.00060
Novosphingobium aromaticivorans	48935	S	1587	1350	2937	0.00039
Novosphingobium decolorationis	2698673	S	1463	1141	2604	0.00035
Novosphingobium ginsenosidimutans	1176536	S	1327	195	1522	0.00020
Rhizorhabdus wittichii	160791	S	3315	2528	5843	0.00078
Rhizorhabdus dicambivorans	1850238	S	1998	2056	4054	0.00054
Rhizorhabdus phycosphaerae	2711156	S	1405	216	1621	0.00022
Sphingosinithalassobacter sp. CS137	2762748	S	1463	412	1875	0.00025
Sphingosinithalassobacter tenebrarum	2711215	S	1359	589	1948	0.00026
Allosphingosinicella indica	941907	S	1871	308	2179	0.00029
Parasphingopyxis algicola	2026624	S	1107	91	1198	0.00016
Erythrobacter litoralis	39960	S	1253	1170	2423	0.00032
Porphyrobacter sp. CACIAM 03H1	2003315	S	1032	582	1614	0.00022
Qipengyuania flava	192812	S	1464	1983	3447	0.00046
Croceicoccus marinus	450378	S	1320	1530	2850	0.00038
Sphingosinicella sp. BN140058	1892855	S	2337	292	2629	0.00035
Sphingosinicella microcystinivorans	335406	S	1106	194	1300	0.00017
Azospirillum sp. B510	137722	S	1330	609	1939	0.00026
Azospirillum sp. TSH100	652764	S	1191	684	1875	0.00025
Azospirillum sp. TSA2s	709810	S	1075	1092	2167	0.00029
Azospirillum brasilense	192	S	4296	5178	9474	0.00126
Azospirillum thermophilum	2202148	S	2690	739	3429	0.00046
Azospirillum thiophilum	528244	S	1658	701	2359	0.00031
Azospirillum ramasamyi	682998	S	1061	814	1875	0.00025
Skermanella mucosa	1789672	S	1360	949	2309	0.00031
Skermanella sp. TT6	2775420	S	1262	1309	2571	0.00034
Skermanella rosea	1817965	S	1245	1131	2376	0.00032
Skermanella pratensis	2233999	S	1128	635	1763	0.00023
Nitrospirillum amazonense	28077	S	2004	267	2271	0.00030
Indioceanicola profundi	2220096	S	1409	222	1631	0.00022
Roseomonas sp. S08	1750527	S	3057	337	3394	0.00045
Roseomonas sp. OT10	2897332	S	2751	954	3705	0.00049
Roseomonas gilardii	257708	S	2309	2741	5050	0.00067
Roseomonas haemaphysalidis	2768162	S	1954	384	2338	0.00031
Roseomonas marmotae	2768161	S	1658	354	2012	0.00027
Rhodovastum atsumiense	504468	S	3157	586	3743	0.00050
Roseococcus microcysteis	2771361	S	1784	409	2193	0.00029
Sediminicoccus rosea	1225128	S	1541	201	1742	0.00023
Acidibrevibacterium fodinaquatile	1969806	S	1422	201	1623	0.00022
Lichenicola cladoniae	1484109	S	1408	145	1553	0.00021
Hypericibacter adhaerens	2602016	S	3726	658	4384	0.00058
Hypericibacter terrae	2602015	S	3370	462	3832	0.00051
Magnetospirillum gryphiswaldense	55518	S	1160	109249	110409	0.01471
Rhodospirillum centenum	34018	S	1727	284	2011	0.00027
Rhodospirillum rubrum	1085	S	1016	93	1109	0.00015
Tistrella mobilis	171437	S	1962	1066	3028	0.00040
Ferrovibrio terrae	2594003	S	1639	119	1758	0.00023
Stella humosa	94	S	3969	320	4289	0.00057
Elioraea tepida	2843330	S	1798	110	1908	0.00025
Caulobacter segnis	88688	S	10728	3111	13839	0.00184
Caulobacter sp. S6	2823693	S	5046	599	5645	0.00075
Caulobacter sp. FWC26	69665	S	1606	586	2192	0.00029
Caulobacter soli	2708539	S	5701	1510	7211	0.00096
Caulobacter rhizosphaerae	2010972	S	5442	1325	6767	0.00090
Caulobacter mirabilis	69666	S	4379	838	5217	0.00070
Caulobacter flavus	1679497	S	3777	956	4733	0.00063
Caulobacter vibrioides	155892	S	3517	3062	6579	0.00088
Caulobacter henricii	69395	S	1730	266	1996	0.00027
Brevundimonas sp. M20	2591463	S	1030	579	1609	0.00021
Brevundimonas sp. LM2	1938605	S	1010	1086	2096	0.00028
Brevundimonas naejangsanensis	588932	S	1710	2138	3848	0.00051
Brevundimonas goettingensis	2774190	S	1322	525	1847	0.00025
Brevundimonas albigilva	1312364	S	1161	1699	2860	0.00038
Phenylobacterium zucineum	284016	S	10132	2238	12370	0.00165
Phenylobacterium parvum	2201350	S	2680	327	3007	0.00040
Asticcacaulis excentricus	78587	S	1145	207	1352	0.00018
Asticcacaulis sp. AND118	2840468	S	1028	179	1207	0.00016
Terricaulis silvestris	2686094	S	1130	44	1174	0.00016
Paracoccus sanguinis	1545044	S	1036	2639	3675	0.00049
Rhodobacter capsulatus	1061	S	1038	441	1479	0.00020
Cereibacter sphaeroides	1063	S	2369	3212	5581	0.00074
Polymorphum gilvum	991904	S	1730	536	2266	0.00030
Paroceanicella profunda	2579971	S	1606	1190	2796	0.00037
Pikeienuella piscinae	2748098	S	1086	157	1243	0.00017
Pontivivens ytuae	2789856	S	1034	155	1189	0.00016
Roseovarius indicus	540747	S	1017	1599	2616	0.00035
Salipiger profundus	1229727	S	1145	2003	3148	0.00042
Roseivivax marinus	1379903	S	1082	604	1686	0.00022
Marinicauda algicola	2029849	S	1245	239	1484	0.00020
Xanthomonas fragariae	48664	S	324929	55519	380448	0.05068
Xanthomonas translucens	343	S	3256	5019	8275	0.00110
Xanthomonas campestris	339	S	1738	1173	2911	0.00039
Xanthomonas sacchari	56458	S	1171	408	1579	0.00021
Xanthomonas arboricola	56448	S	1041	1454	2495	0.00033
Lysobacter sp. TY2-98	2290922	S	2050	393	2443	0.00033
Lysobacter sp. KIS68-7	2904252	S	1955	449	2404	0.00032
Lysobacter sp. 5GHs7-4	2904253	S	1526	545	2071	0.00028
Lysobacter sp. S4-A87	2925843	S	1186	468	1654	0.00022
Lysobacter sp. K5869	2820808	S	1129	665	1794	0.00024
Lysobacter sp. CECT 30171	2822368	S	1064	303	1367	0.00018
Lysobacter capsici	435897	S	4869	6384	11253	0.00150
Lysobacter enzymogenes	69	S	4554	1933	6487	0.00086
Lysobacter soli	453783	S	2247	518	2765	0.00037
Lysobacter lycopersici	1324796	S	2046	475	2521	0.00034
Lysobacter antibioticus	84531	S	1756	422	2178	0.00029
Lysobacter solisilvae (ex Woo and Kim 2022)	2865112	S	1611	524	2135	0.00028
Lysobacter solisilvae (ex Kim et al. 2021)	2763317	S	1560	356	1916	0.00026
Lysobacter maris	1605891	S	1390	369	1759	0.00023
Lysobacter arenosi	2795387	S	1168	435	1603	0.00021
Lysobacter alkalisoli	2591633	S	1161	230	1391	0.00019
Lysobacter oculi	2698682	S	1022	290	1312	0.00017
Stenotrophomonas maltophilia	40324	S	5355	11052	16407	0.00219
Stenotrophomonas rhizophila	216778	S	2179	701	2880	0.00038
Stenotrophomonas acidaminiphila	128780	S	1192	3371	4563	0.00061
Luteimonas sp. S4-F44	2925842	S	1282	396	1678	0.00022
Luteimonas sp. D4P002	2901869	S	1270	516	1786	0.00024
Luteimonas sp. MC1750	2799326	S	1208	853	2061	0.00027
Luteimonas granuli	1176533	S	1139	538	1677	0.00022
Pseudoxanthomonas suwonensis	314722	S	2462	1295	3757	0.00050
Pseudoxanthomonas mexicana	128785	S	2174	3277	5451	0.00073
Pseudoxanthomonas sp. X-1	2571115	S	1406	1455	2861	0.00038
Pseudoxanthomonas daejeonensis	266062	S	1088	274	1362	0.00018
Thermomonas brevis	215691	S	1380	651	2031	0.00027
Thermomonas aquatica	2202149	S	1164	723	1887	0.00025
Thermomonas carbonis	1463158	S	1065	241	1306	0.00017
Arenimonas daejeonensis	370777	S	2396	532	2928	0.00039
Pseudolysobacter antarcticus	2511995	S	1888	63	1951	0.00026
Rhodanobacter denitrificans	666685	S	3429	1442	4871	0.00065
Rhodanobacter sp. FDAARGOS 1247	2778082	S	2305	911	3216	0.00043
Rhodanobacter thiooxydans	416169	S	1974	964	2938	0.00039
Rhodanobacter glycinis	582702	S	1361	278	1639	0.00022
Luteibacter sp. 321	2911537	S	1464	532	1996	0.00027
Luteibacter sp. EIF3	2780091	S	1216	246	1462	0.00019
Luteibacter sp. 335	2911538	S	1047	326	1373	0.00018
Luteibacter rhizovicinus	242606	S	1340	232	1572	0.00021
Luteibacter pinisoli	2589080	S	1131	374	1505	0.00020
Dyella thiooxydans	445710	S	2958	1046	4004	0.00053
Dyella japonica	231455	S	1182	426	1608	0.00021
Dyella telluris	2763498	S	1137	361	1498	0.00020
Dokdonella koreensis	323415	S	5398	1093	6491	0.00086
Frateuria sp. 5GH9-34	2898793	S	2051	752	2803	0.00037
Frateuria sp. 5GH9-11	1542730	S	1615	754	2369	0.00032
Aerosticca soli	2010829	S	1634	2627	4261	0.00057
Pseudomonas sp. S34	1573718	S	1438	4790	6228	0.00083
Pseudomonas fluorescens	294	S	3760	4619	8379	0.00112
Pseudomonas aeruginosa	287	S	3210	51511	54721	0.00729
Pseudomonas mendocina	300	S	1201	568	1769	0.00024
Pseudomonas putida	303	S	4673	8308	12981	0.00173
Pseudomonas oryzihabitans	47885	S	1233	335	1568	0.00021
Pseudomonas stutzeri	316	S	4556	3743	8299	0.00111
Pseudomonas syringae	317	S	1112	10870	11982	0.00160
Pseudomonas chlororaphis	587753	S	1981	2831	4812	0.00064
Pseudomonas psychrotolerans	237610	S	1183	331	1514	0.00020
Pseudomonas knackmussii	65741	S	1115	1126	2241	0.00030
Pseudomonas umsongensis	198618	S	1105	233	1338	0.00018
Pseudomonas otitidis	319939	S	1041	291	1332	0.00018
Pantoea agglomerans	549	S	2387	4915	7302	0.00097
Spiribacter sp. E85	2182432	S	1430	392	1822	0.00024
Candidatus Thiodictyon syntrophicum	1166950	S	1320	164	1484	0.00020
Thioflavicoccus mobilis	80679	S	1246	241	1487	0.00020
Marichromatium purpuratum	37487	S	1170	519	1689	0.00023
Solimonas sp. K1W22B-7	2303331	S	2439	310	2749	0.00037
Steroidobacter denitrificans	465721	S	2036	530	2566	0.00034
Sulfurifustis variabilis	1675686	S	2473	191	2664	0.00035
Sulfuricaulis limicola	1620215	S	1184	107	1291	0.00017
Immundisolibacter cernigliae	1810504	S	1297	284	1581	0.00021
Burkholderia multivorans	87883	S	3284	1779	5063	0.00067
Burkholderia ubonensis	101571	S	3077	2399	5476	0.00073
Burkholderia cenocepacia	95486	S	2539	17849	20388	0.00272
Burkholderia cepacia	292	S	2258	2432	4690	0.00062
Burkholderia pyrrocinia	60550	S	1473	1093	2566	0.00034
Burkholderia contaminans	488447	S	1251	990	2241	0.00030
Burkholderia ambifaria	152480	S	1188	1524	2712	0.00036
Burkholderia anthina	179879	S	1119	1409	2528	0.00034
Burkholderia stagnalis	1503054	S	1107	480	1587	0.00021
Burkholderia stabilis	95485	S	1040	947	1987	0.00026
Burkholderia lata	482957	S	1034	1154	2188	0.00029
Burkholderia pseudomallei	28450	S	1421	18811	20232	0.00270
Burkholderia mayonis	1385591	S	1099	308	1407	0.00019
Burkholderia thailandensis	57975	S	1049	4059	5108	0.00068
Burkholderia sp. DHOD12	2571746	S	1674	1160	2834	0.00038
Burkholderia gladioli	28095	S	4004	1621	5625	0.00075
Burkholderia glumae	337	S	1357	656	2013	0.00027
Burkholderia plantarii	41899	S	1136	583	1719	0.00023
Paraburkholderia graminis	60548	S	5898	2048	7946	0.00106
Paraburkholderia caledonica	134536	S	3263	826	4089	0.00054
Paraburkholderia sp. SOS3	1926494	S	1349	307	1656	0.00022
Paraburkholderia aromaticivorans	2026199	S	1840	1139	2979	0.00040
Paraburkholderia pallida	2547399	S	1792	439	2231	0.00030
Paraburkholderia caribensis	75105	S	1639	1819	3458	0.00046
Paraburkholderia acidisoli	2571748	S	1544	370	1914	0.00026
Paraburkholderia tropica	92647	S	1531	460	1991	0.00027
Paraburkholderia edwinii	2861782	S	1380	258	1638	0.00022
Paraburkholderia phytofirmans	261302	S	1341	794	2135	0.00028
Paraburkholderia acidiphila	2571747	S	1287	337	1624	0.00022
Paraburkholderia atlantica	2654982	S	1207	408	1615	0.00022
Paraburkholderia terricola	169427	S	1196	499	1695	0.00023
Paraburkholderia sprentiae	948107	S	1100	335	1435	0.00019
Paraburkholderia megapolitana	420953	S	1065	132	1197	0.00016
Paraburkholderia phymatum	148447	S	1065	393	1458	0.00019
Paraburkholderia phenoliruptrix	252970	S	1006	417	1423	0.00019
Cupriavidus taiwanensis	164546	S	5848	6914	12762	0.00170
Cupriavidus pauculus	82633	S	5232	2832	8064	0.00107
Cupriavidus basilensis	68895	S	3303	2136	5439	0.00072
Cupriavidus necator	106590	S	2554	3400	5954	0.00079
Cupriavidus campinensis	151783	S	2513	1185	3698	0.00049
Cupriavidus sp. EM10	2839983	S	1294	1072	2366	0.00032
Cupriavidus oxalaticus	96344	S	2392	1359	3751	0.00050
Cupriavidus pinatubonensis	248026	S	2242	485	2727	0.00036
Cupriavidus metallidurans	119219	S	1746	24792	26538	0.00354
Ralstonia solanacearum	305	S	3350	28247	31597	0.00421
Caballeronia sp. Lep1P3	2878150	S	1104	1661	2765	0.00037
Caballeronia sp. TF1N1	2878153	S	1005	447	1452	0.00019
Caballeronia zhejiangensis	871203	S	1825	521	2346	0.00031
Caballeronia insecticola	758793	S	1457	372	1829	0.00024
Caballeronia grimmiae	1071679	S	1196	765	1961	0.00026
Pandoraea pnomenusa	93220	S	1209	1714	2923	0.00039
Pandoraea thiooxydans	445709	S	1033	132	1165	0.00016
Variovorax sp. HW608	1034889	S	4422	928	5350	0.00071
Variovorax sp. RA8	662548	S	3315	3345	6660	0.00089
Variovorax sp. RKNM96	2681552	S	3074	1251	4325	0.00058
Variovorax sp. PBS-H4	434008	S	2572	2191	4763	0.00063
Variovorax sp. PAMC 28711	1795631	S	2557	543	3100	0.00041
Variovorax sp. PBL-H6	434009	S	2345	2842	5187	0.00069
Variovorax sp. WDL1	207745	S	2280	4531	6811	0.00091
Variovorax sp. PAMC26660	2762322	S	2059	580	2639	0.00035
Variovorax sp. PAMC28562	2762323	S	1781	194	1975	0.00026
Variovorax sp. SRS16	282217	S	1586	4334	5920	0.00079
Variovorax sp. 38R	2774875	S	1201	1659	2860	0.00038
Variovorax sp. PBL-E5	434014	S	1124	3559	4683	0.00062
Variovorax paradoxus	34073	S	12123	12095	24218	0.00323
Variovorax boronicumulans	436515	S	1475	1074	2549	0.00034
Acidovorax sp. YS12	2738413	S	1010	1386	2396	0.00032
Acidovorax avenae	80867	S	2436	2764	5200	0.00069
Acidovorax antarcticus	2743470	S	1282	1291	2573	0.00034
Acidovorax monticola	1926868	S	1252	693	1945	0.00026
Hydrogenophaga sp. BA0156	2716225	S	1725	1728	3453	0.00046
Hydrogenophaga sp. BPS33	2651974	S	1620	1840	3460	0.00046
Hydrogenophaga sp. YM1	2806262	S	1509	1118	2627	0.00035
Hydrogenophaga sp. PBC	795665	S	1422	2305	3727	0.00050
Hydrogenophaga sp. SL48	2806347	S	1225	753	1978	0.00026
Hydrogenophaga taeniospiralis	65656	S	1024	958	1982	0.00026
Rhodoferax koreense	1842727	S	3550	2459	6009	0.00080
Rhodoferax sp. BAB1	2741720	S	1444	535	1979	0.00026
Rhodoferax sediminis	2509614	S	1462	295	1757	0.00023
Comamonas aquatica	225991	S	1106	2380	3486	0.00046
Comamonas serinivorans	1082851	S	1096	471	1567	0.00021
Ramlibacter tataouinensis	94132	S	7888	4024	11912	0.00159
Polaromonas sp. JS666	296591	S	1557	2359	3916	0.00052
Polaromonas naphthalenivorans	216465	S	1043	201	1244	0.00017
Schlegelella thermodepolymerans	215580	S	2289	1375	3664	0.00049
Schlegelella brevitalea	413882	S	2259	403	2662	0.00035
Hylemonella gracilis	80880	S	4447	832	5279	0.00070
Kinneretia sp. DAIF2	2714952	S	2257	1017	3274	0.00044
Kinneretia sp. XES5	2877940	S	1006	1612	2618	0.00035
Ottowia sp. 27C	2816950	S	1032	270	1302	0.00017
Alicycliphilus denitrificans	179636	S	2030	4725	6755	0.00090
Verminephrobacter eiseniae	364317	S	1061	173	1234	0.00016
Massilia sp. WG5	1707785	S	2589	1881	4470	0.00060
Massilia sp. HC52	2852099	S	1845	1098	2943	0.00039
Massilia sp. LPB0304	2769491	S	1603	1192	2795	0.00037
Massilia sp. DM-R-R2A-13	2899220	S	1422	674	2096	0.00028
Massilia sp. YMA4	1593482	S	1330	1009	2339	0.00031
Massilia sp. NP310	2861282	S	1204	1153	2357	0.00031
Massilia putida	1141883	S	6023	2140	8163	0.00109
Massilia violaceinigra	2045208	S	2443	752	3195	0.00043
Massilia flava	871742	S	1941	545	2486	0.00033
Massilia lutea	321985	S	1456	492	1948	0.00026
Massilia albidiflava	321983	S	1425	609	2034	0.00027
Massilia umbonata	864828	S	1385	604	1989	0.00027
Massilia plicata	321984	S	1230	367	1597	0.00021
Massilia armeniaca	2072590	S	1201	660	1861	0.00025
Massilia oculi	945844	S	1080	710	1790	0.00024
Massilia antarctica	2765360	S	1069	414	1483	0.00020
Duganella sp. GN2-R2	2728020	S	1913	963	2876	0.00038
Duganella sp. AF9R3	2728021	S	1436	358	1794	0.00024
Herbaspirillum hiltneri	341045	S	1572	315	1887	0.00025
Herbaspirillum robiniae	2014887	S	1332	574	1906	0.00025
Herbaspirillum huttiense	863372	S	1240	545	1785	0.00024
Herbaspirillum frisingense	92645	S	1187	404	1591	0.00021
Herbaspirillum seropedicae	964	S	1108	423	1531	0.00020
Herbaspirillum rubrisubalbicans	80842	S	1054	522	1576	0.00021
Janthinobacterium agaricidamnosum	55508	S	1109	2554	3663	0.00049
Collimonas fungivorans	158899	S	1171	499	1670	0.00022
Noviherbaspirillum sp. UKPF54	2601898	S	1761	375	2136	0.00028
Achromobacter xylosoxidans	85698	S	3649	8555	12204	0.00163
Achromobacter sp. AONIH1	1758194	S	1197	2551	3748	0.00050
Achromobacter spanius	217203	S	1967	1114	3081	0.00041
Achromobacter denitrificans	32002	S	1746	1826	3572	0.00048
Achromobacter deleyi	1353891	S	1409	1418	2827	0.00038
Bordetella sp. H567	1697043	S	1246	441	1687	0.00022
Bordetella sp. N	1746199	S	1170	243	1413	0.00019
Bordetella genomosp. 8	1416806	S	1451	635	2086	0.00028
Bordetella bronchialis	463025	S	1448	655	2103	0.00028
Bordetella genomosp. 13	463040	S	1379	1473	2852	0.00038
Bordetella flabilis	463014	S	1192	246	1438	0.00019
Bordetella genomosp. 9	1416803	S	1099	548	1647	0.00022
Bordetella hinzii	103855	S	1027	2003	3030	0.00040
Pigmentiphaga sp. H8	2488560	S	2226	383	2609	0.00035
Orrella dioscoreae	1851544	S	1044	510	1554	0.00021
Castellaniella defragrans	75697	S	1080	968	2048	0.00027
Rhizobacter sp. AJA081-3	2753607	S	3480	1041	4521	0.00060
Rhizobacter gummiphilus	946333	S	3345	800	4145	0.00055
Methylibium sp. Pch-M	2082386	S	2511	1905	4416	0.00059
Methylibium petroleiphilum	105560	S	2461	2268	4729	0.00063
Sphaerotilus sp. FB-5	2914710	S	1944	1562	3506	0.00047
Sphaerotilus natans	34103	S	1823	863	2686	0.00036
Rubrivivax gelatinosus	28068	S	3083	1168	4251	0.00057
Aquincola tertiaricarbonis	391953	S	2686	1130	3816	0.00051
Mitsuaria sp. 7	1658665	S	2451	583	3034	0.00040
Leptothrix cholodnii	34029	S	2153	808	2961	0.00039
Xylophilus rhododendri	2697032	S	1894	662	2556	0.00034
Ideonella dechloratans	36863	S	1288	925	2213	0.00029
Roseateles depolymerans	76731	S	1049	242	1291	0.00017
Aquabacterium olei	1296669	S	1018	328	1346	0.00018
Thauera sp. MZ1T	85643	S	1588	2380	3968	0.00053
Thauera sp. K11	2005884	S	1548	1280	2828	0.00038
Thauera humireducens	1134435	S	1040	944	1984	0.00026
Azoarcus sp. KH32C	748247	S	1863	445	2308	0.00031
Azoarcus sp. DD4	2027405	S	1360	1093	2453	0.00033
Azoarcus olearius	418699	S	1458	677	2135	0.00028
Azoarcus communis	41977	S	1169	583	1752	0.00023
Nitrogeniibacter mangrovi	2016596	S	1281	371	1652	0.00022
Aromatoleum petrolei	76116	S	1611	511	2122	0.00028
Aromatoleum aromaticum	551760	S	1271	1030	2301	0.00031
Aromatoleum bremense	76115	S	1107	733	1840	0.00025
Aromatoleum pumilum	2067960	S	1041	525	1566	0.00021
Azospira restricta	404405	S	2511	2293	4804	0.00064
Niveibacterium microcysteis	2811415	S	1082	217	1299	0.00017
Dechloromonas denitrificans	281362	S	1223	451	1674	0.00022
Ferribacterium limneticum	76259	S	1671	411	2082	0.00028
Usitatibacter rugosus	2732067	S	4809	735	5544	0.00074
Usitatibacter palustris	2732487	S	3897	627	4524	0.00060
Nitrosospira lacus	1288494	S	2372	538	2910	0.00039
Nitrosospira multiformis	1231	S	1015	195	1210	0.00016
Denitratisoma sp. DHT3	1981880	S	1000	1013	2013	0.00027
Sulfuritalea hydrogenivorans	748811	S	1207	257	1464	0.00020
Methyloversatilis sp. RAC08	1842540	S	1116	214	1330	0.00018
Thiobacillus denitrificans	36861	S	1535	440	1975	0.00026
Jeongeupia sp. USM3	1906741	S	1147	523	1670	0.00022
Pseudogulbenkiania sp. NH8B	748280	S	1003	806	1809	0.00024
Crenobacter cavernae	2290923	S	1209	1004	2213	0.00029
Casimicrobium huifangae	2591109	S	1010	614	1624	0.00022
Sorangium cellulosum	56	S	56398	8233	64631	0.00861
Polyangium aurulentum	2567896	S	16229	1781	18010	0.00240
Chondromyces crocatus	52	S	7188	392	7580	0.00101
Sandaracinus amylolyticus	927083	S	17578	1263	18841	0.00251
Labilithrix luteola	1391654	S	9750	503	10253	0.00137
Myxococcus xanthus	34	S	4107	17685	21792	0.00290
Myxococcus hansupus	1297742	S	2316	270	2586	0.00034
Myxococcus stipitatus	83455	S	2058	322	2380	0.00032
Myxococcus sp. SCHIC003	2813577	S	1837	286	2123	0.00028
Corallococcus coralloides	184914	S	4359	1929	6288	0.00084
Corallococcus macrosporus	35	S	2523	578	3101	0.00041
Corallococcus sp. EGB	1521117	S	2483	1004	3487	0.00046
Pyxidicoccus sp. SCPEA002	2813578	S	10511	691	11202	0.00149
Archangium violaceum	83451	S	9493	2163	11656	0.00155
Archangium gephyra	48	S	4781	1253	6034	0.00080
Stigmatella aurantiaca	41	S	5865	628	6493	0.00087
Cystobacter fuscus	43	S	4092	1240	5332	0.00071
Melittangium boletus	83453	S	3035	849	3884	0.00052
Anaeromyxobacter sp. Red232	2918170	S	6452	894	7346	0.00098
Anaeromyxobacter sp. Red630	2918171	S	5123	937	6060	0.00081
Anaeromyxobacter sp. Fw109-5	404589	S	5008	843	5851	0.00078
Anaeromyxobacter sp. K	447217	S	1155	2476	3631	0.00048
Anaeromyxobacter dehalogenans	161493	S	3976	3185	7161	0.00095
Vulgatibacter incomptus	1391653	S	3303	384	3687	0.00049
Haliangium ochraceum	80816	S	6964	623	7587	0.00101
Desulfuromonas versatilis	2802975	S	1120	701	1821	0.00024
Persicimonas caeni	2292766	S	2453	124	2577	0.00034
Streptomyces sp. GQFP	2907545	S	58272	13603	71875	0.00958
Streptomyces sp. CdTB01	1725411	S	19699	7680	27379	0.00365
Streptomyces sp. A2-16	2781734	S	17101	7481	24582	0.00327
Streptomyces sp. 3214.6	1882757	S	13972	5679	19651	0.00262
Streptomyces sp. ZYC-3	2797636	S	13361	3667	17028	0.00227
Streptomyces sp. P3	2135430	S	9917	3426	13343	0.00178
Streptomyces sp. BH-MK-02	2880933	S	8931	2541	11472	0.00153
Streptomyces sp. So13.3	2136173	S	7895	1834	9729	0.00130
Streptomyces sp. ST1015	1848900	S	7764	2183	9947	0.00133
Streptomyces sp. LRE541	2931983	S	7206	2290	9496	0.00127
Streptomyces sp. SN-593	659352	S	7031	1996	9027	0.00120
Streptomyces sp. Z423-1	2730915	S	6759	2706	9465	0.00126
Streptomyces sp. RPA4-2	2721244	S	6166	2549	8715	0.00116
Streptomyces sp. MG62	2838015	S	5387	2837	8224	0.00110
Streptomyces sp. S1D4-11	2721246	S	5383	6336	11719	0.00156
Streptomyces sp. MG28	2865673	S	5354	2845	8199	0.00109
Streptomyces sp. AMCC400023	2056258	S	5319	3271	8590	0.00114
Streptomyces sp. SAT1	1849967	S	5254	2571	7825	0.00104
Streptomyces sp. CB01881	2078691	S	5162	1109	6271	0.00084
Streptomyces sp. HM190	2695266	S	4557	1970	6527	0.00087
Streptomyces sp. Go 40/10	2825844	S	4427	2786	7213	0.00096
Streptomyces sp. NEAU-sy36	2751189	S	4380	2207	6587	0.00088
Streptomyces sp. SCSIO 64649	2878388	S	4308	911	5219	0.00070
Streptomyces sp. Go-475	2072505	S	4255	2762	7017	0.00093
Streptomyces sp. JB150	2714844	S	4230	1895	6125	0.00082
Streptomyces sp. DSM 40868	2721173	S	4173	2092	6265	0.00083
Streptomyces sp. WAC 01438	2203204	S	4005	1832	5837	0.00078
Streptomyces sp. GMY02	1333528	S	3710	842	4552	0.00061
Streptomyces sp. NA02950	2742137	S	3645	937	4582	0.00061
Streptomyces sp. MBT27	1488356	S	3631	1390	5021	0.00067
Streptomyces sp. S4.7	2705439	S	3526	1605	5131	0.00068
Streptomyces sp. SCUT-3	2684469	S	3480	1617	5097	0.00068
Streptomyces sp. MA3_2.13	2867410	S	3411	518	3929	0.00052
Streptomyces sp. NHF165	2175864	S	3399	721	4120	0.00055
Streptomyces sp. HP-A2021	2927875	S	3354	2678	6032	0.00080
Streptomyces sp. YIM 121038	2136401	S	3268	1315	4583	0.00061
Streptomyces sp. RTd22	1841249	S	3204	2262	5466	0.00073
Streptomyces sp. NA04227	2742136	S	3200	931	4131	0.00055
Streptomyces sp. BJ20	2930049	S	3155	1727	4882	0.00065
Streptomyces sp. 891-h	2720714	S	2874	660	3534	0.00047
Streptomyces sp. GS7	2692234	S	2794	991	3785	0.00050
Streptomyces sp. 3025	2923272	S	2769	611	3380	0.00045
Streptomyces sp. jing01	2726118	S	2714	2115	4829	0.00064
Streptomyces sp. Rer75	2750011	S	2684	2090	4774	0.00064
Streptomyces sp. MST-110588	2833628	S	2663	825	3488	0.00046
Streptomyces sp. 135	2838850	S	2626	1190	3816	0.00051
Streptomyces sp. W1SF4	2305220	S	2607	1218	3825	0.00051
Streptomyces sp. QHH-9511	2684468	S	2606	933	3539	0.00047
Streptomyces sp. SYP-A7193	2662065	S	2525	2307	4832	0.00064
Streptomyces sp. C8S0	2585716	S	2507	895	3402	0.00045
Streptomyces sp. SM18	1736046	S	2502	938	3440	0.00046
Streptomyces sp. CMB-StM0423	2059884	S	2476	2003	4479	0.00060
Streptomyces sp. WAC 01529	2203205	S	2431	1188	3619	0.00048
Streptomyces sp. SirexAA-E	862751	S	2420	979	3399	0.00045
Streptomyces sp. BHT-5-2	2866715	S	2304	963	3267	0.00044
Streptomyces sp. CB09001	2083284	S	2187	2098	4285	0.00057
Streptomyces sp. SUK 48	2582831	S	2167	1975	4142	0.00055
Streptomyces sp. Tu 2975	2676871	S	2143	902	3045	0.00041
Streptomyces sp. HSG2	2797167	S	2137	598	2735	0.00036
Streptomyces sp. RLB1-33	2721243	S	2089	9650	11739	0.00156
Streptomyces sp. HF10	2692233	S	1891	1948	3839	0.00051
Streptomyces sp. fd1-xmd	1812480	S	1831	1177	3008	0.00040
Streptomyces sp. M2	646637	S	1824	20984	22808	0.00304
Streptomyces sp. INR7	2607753	S	1769	1371	3140	0.00042
Streptomyces sp. CCM_MD2014	1561022	S	1724	2539	4263	0.00057
Streptomyces sp. TN58	234612	S	1635	1114	2749	0.00037
Streptomyces sp. WY228	2855836	S	1501	1105	2606	0.00035
Streptomyces sp. WAC 06738	2203210	S	1440	2654	4094	0.00055
Streptomyces sp. CRSS-Y-16	2906474	S	1424	17331	18755	0.00250
Streptomyces sp. CNQ-509	444103	S	1362	2450	3812	0.00051
Streptomyces sp. AgN23	1188315	S	1344	1719	3063	0.00041
Streptomyces sp. 2323.1	1938841	S	1312	1107	2419	0.00032
Streptomyces sp. ADI95-16	1522758	S	1302	2023	3325	0.00044
Streptomyces sp. YPW6	2840373	S	1296	920	2216	0.00030
Streptomyces sp. EAS-AB2608	2779671	S	1276	3774	5050	0.00067
Streptomyces sp. MOE7	1961713	S	1246	2104	3350	0.00045
Streptomyces sp. PBH53	1577075	S	1169	3317	4486	0.00060
Streptomyces sp. RPA4-5	2721245	S	1140	1035	2175	0.00029
Streptomyces sp. 769	1262452	S	1138	1237	2375	0.00032
Streptomyces sp. Mg1	465541	S	1091	1804	2895	0.00039
Streptomyces aurantiacus	47760	S	5618	1641	7259	0.00097
Streptomyces cadmiisoli	2184053	S	4901	1461	6362	0.00085
Streptomyces qaidamensis	1783515	S	2947	1570	4517	0.00060
Streptomyces alboniger	132473	S	1810	840	2650	0.00035
Streptomyces koyangensis	188770	S	1178	1550	2728	0.00036
Streptomyces asoensis	249586	S	16041	5778	21819	0.00291
Streptomyces hygroscopicus	1912	S	5889	11721	17610	0.00235
Streptomyces rapamycinicus	1226757	S	5791	1648	7439	0.00099
Streptomyces violaceusniger	68280	S	1782	1517	3299	0.00044
Streptomyces yatensis	155177	S	1425	1347	2772	0.00037
Streptomyces venezuelae	54571	S	15268	7593	22861	0.00305
Streptomyces griseorubiginosus	67304	S	15184	6137	21321	0.00284
Streptomyces aquilus	2548456	S	12795	4618	17413	0.00232
Streptomyces chartreusis	1969	S	10776	5567	16343	0.00218
Streptomyces lincolnensis	1915	S	10613	3738	14351	0.00191
Streptomyces avermitilis	33903	S	7571	2606	10177	0.00136
Streptomyces phaeolivaceus	2653200	S	7432	2582	10014	0.00133
Streptomyces lydicus	47763	S	7398	6604	14002	0.00187
Streptomyces cyaneochromogenes	2496836	S	7272	2618	9890	0.00132
Streptomyces griseoviridis	45398	S	6889	2632	9521	0.00127
Streptomyces bingchenggensis	379067	S	6888	1466	8354	0.00111
Streptomyces davaonensis	348043	S	6866	2332	9198	0.00123
Streptomyces antibioticus	1890	S	6705	2854	9559	0.00127
Streptomyces niveus	193462	S	6610	3574	10184	0.00136
Streptomyces griseochromogenes	68214	S	6574	2213	8787	0.00117
Streptomyces ferrugineus	1413221	S	6387	2489	8876	0.00118
Streptomyces capitiformicae	2014920	S	6185	1168	7353	0.00098
Streptomyces galilaeus	33899	S	6106	2470	8576	0.00114
Streptomyces seoulensis	73044	S	5982	2652	8634	0.00115
Streptomyces griseus	1911	S	2344	2507	4851	0.00065
Streptomyces anulatus	1892	S	1659	2316	3975	0.00053
Streptomyces dengpaensis	2049881	S	5838	1952	7790	0.00104
Streptomyces albus	1888	S	5822	3700	9522	0.00127
Streptomyces roseirectus	2768066	S	5645	1628	7273	0.00097
Streptomyces collinus	42684	S	5577	4236	9813	0.00131
Streptomyces formicae	1616117	S	5191	2009	7200	0.00096
Streptomyces actuosus	1885	S	4846	2438	7284	0.00097
Streptomyces broussonetiae	2686304	S	4780	1747	6527	0.00087
Streptomyces bathyalis	2710756	S	4750	870	5620	0.00075
Streptomyces tsukubensis	83656	S	4509	1357	5866	0.00078
Streptomyces fodineus	1904616	S	4216	1835	6051	0.00081
Streptomyces nodosus	40318	S	4206	1263	5469	0.00073
Streptomyces roseochromogenus	285450	S	4203	1623	5826	0.00078
Streptomyces spectabilis	68270	S	4197	1675	5872	0.00078
Streptomyces deccanensis	424188	S	4197	2263	6460	0.00086
Streptomyces buecherae	2763006	S	4141	1165	5306	0.00071
Streptomyces cattleya	29303	S	4057	1281	5338	0.00071
Streptomyces durmitorensis	319947	S	4035	1038	5073	0.00068
Streptomyces nigra	1827580	S	4021	1871	5892	0.00078
Streptomyces incarnatus	665007	S	3994	1413	5407	0.00072
Streptomyces fagopyri	2662397	S	3821	1635	5456	0.00073
Streptomyces lunaelactis	1535768	S	3797	910	4707	0.00063
Streptomyces paludis	2282738	S	3766	941	4707	0.00063
Streptomyces armeniacus	83291	S	3739	564	4303	0.00057
Streptomyces xanthii	2768069	S	3702	1286	4988	0.00066
Streptomyces chromofuscus	42881	S	3554	1642	5196	0.00069
Streptomyces glaucescens	1907	S	3430	1758	5188	0.00069
Streptomyces dangxiongensis	1442032	S	3359	1394	4753	0.00063
Streptomyces liangshanensis	2717324	S	3266	944	4210	0.00056
Streptomyces ambofaciens	1889	S	3168	2221	5389	0.00072
Streptomyces rimosus	1927	S	3155	5341	8496	0.00113
Streptomyces cyanogenus	80860	S	3102	1700	4802	0.00064
Streptomyces coeruleorubidus	116188	S	3093	1901	4994	0.00067
Streptomyces aureoverticillatus	66871	S	3091	994	4085	0.00054
Streptomyces alboflavus	67267	S	3037	1003	4040	0.00054
Streptomyces pluripotens	1355015	S	3028	827	3855	0.00051
Streptomyces calvus	67282	S	2985	1374	4359	0.00058
Streptomyces prasinus	67345	S	2982	1131	4113	0.00055
Streptomyces xinghaiensis	1038928	S	2949	989	3938	0.00052
Streptomyces hawaiiensis	67305	S	2936	1631	4567	0.00061
Streptomyces atratus	1893	S	2888	674	3562	0.00047
Streptomyces vietnamensis	362257	S	2852	1134	3986	0.00053
Streptomyces parvulus	146923	S	2848	1525	4373	0.00058
Streptomyces pactum	68249	S	2785	1376	4161	0.00055
Streptomyces albulus	68570	S	2777	988	3765	0.00050
Streptomyces clavuligerus	1901	S	2755	770	3525	0.00047
Streptomyces genisteinicus	2768068	S	2730	970	3700	0.00049
Streptomyces viridosporus	67581	S	2714	1290	4004	0.00053
Streptomyces griseocarneus	51201	S	2673	1059	3732	0.00050
Streptomyces olivoreticuli	68246	S	2656	851	3507	0.00047
Streptomyces globosus	68209	S	2548	1063	3611	0.00048
Streptomyces rectiverticillatus	173860	S	2540	922	3462	0.00046
Streptomyces tendae	1932	S	2519	1251	3770	0.00050
Streptomyces hundungensis	1077946	S	2517	929	3446	0.00046
Streptomyces luteoverticillatus	66425	S	2512	944	3456	0.00046
Streptomyces tuirus	68278	S	2504	1580	4084	0.00054
Streptomyces exfoliatus	1905	S	2448	981	3429	0.00046
Streptomyces pratensis	1169025	S	2437	705	3142	0.00042
Streptomyces ficellus	1977088	S	2437	999	3436	0.00046
Streptomyces peucetius	1950	S	2419	764	3183	0.00042
Streptomyces kanamyceticus	1967	S	2392	1027	3419	0.00046
Streptomyces gilvosporeus	553510	S	2349	884	3233	0.00043
Streptomyces katrae	68223	S	2268	991	3259	0.00043
Streptomyces inhibens	2293571	S	2202	803	3005	0.00040
Streptomyces lavendulae	1914	S	2187	894	3081	0.00041
Streptomyces vinaceus	1960	S	2147	912	3059	0.00041
Streptomyces subrutilus	36818	S	2121	922	3043	0.00041
Streptomyces finlayi	67296	S	2099	556	2655	0.00035
Streptomyces gardneri	66892	S	2052	1045	3097	0.00041
Streptomyces harbinensis	1176198	S	2048	608	2656	0.00035
Streptomyces pristinaespiralis	38300	S	2025	886	2911	0.00039
Streptomyces nitrosporeus	28894	S	1978	645	2623	0.00035
Streptomyces angustmyceticus	285578	S	1955	955	2910	0.00039
Streptomyces huasconensis	1854574	S	1843	890	2733	0.00036
Streptomyces qinzhouensis	2599401	S	1839	527	2366	0.00032
Streptomyces tirandamycinicus	2174846	S	1836	717	2553	0.00034
Streptomyces spongiicola	1690221	S	1784	908	2692	0.00036
Streptomyces nojiriensis	66374	S	1762	947	2709	0.00036
Streptomyces mobaraensis	35621	S	1674	93069	94743	0.01262
Streptomyces gobiensis	2875706	S	1625	346	1971	0.00026
Streptomyces rutgersensis	53451	S	1619	954	2573	0.00034
Streptomyces leeuwenhoekii	1437453	S	1538	1382	2920	0.00039
Streptomyces cyaneogriseus	68192	S	1464	1460	2924	0.00039
Streptomyces antimycoticus	68175	S	1079	1543	2622	0.00035
Streptomyces auratus	114687	S	1050	915	1965	0.00026
Streptomyces decoyicus	249567	S	1030	748	1778	0.00024
Kitasatospora sp. MMS16-BH015	2018025	S	3965	1432	5397	0.00072
Kitasatospora sp. NA04385	2742135	S	2934	1691	4625	0.00062
Kitasatospora setae	2066	S	2863	1578	4441	0.00059
Kitasatospora aureofaciens	1894	S	2594	1149	3743	0.00050
Yinghuangia sp. ASG 101	2896848	S	10010	1737	11747	0.00156
Streptacidiphilus sp. P02-A3a	2704468	S	3068	997	4065	0.00054
Streptacidiphilus sp. PB12-B1b	2705012	S	2673	1120	3793	0.00051
Streptacidiphilus bronchialis	2126346	S	2473	860	3333	0.00044
Microbacterium sp. 4R-513	2567934	S	2092	628	2720	0.00036
Microbacterium sp. No. 7	1714373	S	2065	1242	3307	0.00044
Microbacterium sp. 10M-3C3	2483401	S	1505	1868	3373	0.00045
Microbacterium sp. JZ31	1906274	S	1426	588	2014	0.00027
Microbacterium sp. SSW1-51	2851650	S	1172	906	2078	0.00028
Microbacterium sp. BH-3-3-3	1906742	S	1163	441	1604	0.00021
Microbacterium sp. ABRD_28	2268461	S	1130	244	1374	0.00018
Microbacterium sp. YJN-G	2763257	S	1090	769	1859	0.00025
Microbacterium sp. SSW1-36	2851648	S	1072	617	1689	0.00023
Microbacterium foliorum	104336	S	2240	591	2831	0.00038
Microbacterium hominis	162426	S	2078	9119	11197	0.00149
Microbacterium cremeum	2782169	S	2050	498	2548	0.00034
Microbacterium oleivorans	273677	S	1798	407	2205	0.00029
Microbacterium atlanticum	2782168	S	1764	447	2211	0.00029
Microbacterium lemovicicum	1072463	S	1474	382	1856	0.00025
Microbacterium pygmaeum	370764	S	1429	202	1631	0.00022
Microbacterium resistens	156977	S	1309	274	1583	0.00021
Microbacterium sediminis	904291	S	1261	643	1904	0.00025
Microbacterium testaceum	2033	S	1228	260	1488	0.00020
Microbacterium oryzae	743009	S	1154	386	1540	0.00021
Microbacterium caowuchunii	2614638	S	1091	234	1325	0.00018
Microbacterium aurum	36805	S	1087	390	1477	0.00020
Microbacterium luteum	2782167	S	1053	484	1537	0.00020
Microbacterium wangchenii	2541726	S	1033	288	1321	0.00018
Microbacterium chocolatum	84292	S	1009	253	1262	0.00017
Agromyces sp. H17E-10	2932244	S	2071	771	2842	0.00038
Agromyces sp. LHK192	2498704	S	1760	579	2339	0.00031
Agromyces sp. CFWR-12	2929802	S	1350	835	2185	0.00029
Agromyces flavus	589382	S	1767	634	2401	0.00032
Agromyces aureus	453304	S	1715	561	2276	0.00030
Agromyces soli	659012	S	1691	706	2397	0.00032
Agromyces protaetiae	2509455	S	1460	483	1943	0.00026
Agromyces archimandritae	2781962	S	1363	451	1814	0.00024
Agromyces marinus	1389020	S	1296	538	1834	0.00024
Agromyces intestinalis	2592652	S	1270	746	2016	0.00027
Agromyces laixinhei	2585717	S	1140	299	1439	0.00019
Agromyces badenianii	2080742	S	1127	423	1550	0.00021
Leifsonia sp. 21MFCrub1.1	1798223	S	2674	3144	5818	0.00078
Leifsonia sp. ZF2019	2781978	S	1883	574	2457	0.00033
Leifsonia sp. PS1209	2724914	S	1861	572	2433	0.00032
Leifsonia shinshuensis	150026	S	3084	999	4083	0.00054
Leifsonia xyli	1575	S	1079	177	1256	0.00017
Curtobacterium sp. BH-2-1-1	1905847	S	1219	3205	4424	0.00059
Curtobacterium flaccumfaciens	2035	S	1765	1189	2954	0.00039
Curtobacterium luteum	33881	S	1044	509	1553	0.00021
Rathayibacter sp. VKM Ac-2759	2609252	S	1552	953	2505	0.00033
Rathayibacter sp. VKM Ac-2760	2609253	S	1297	1600	2897	0.00039
Rathayibacter festucae	110937	S	1446	2083	3529	0.00047
Clavibacter michiganensis	28447	S	6057	7010	13067	0.00174
Leucobacter sp. H25R-14	2932245	S	1000	1379	2379	0.00032
Leucobacter muris	1935379	S	1028	551	1579	0.00021
Agrococcus sp. SGAir0287	2070347	S	1502	515	2017	0.00027
Agrococcus sp. Marseille-Q4369	2810513	S	1401	556	1957	0.00026
Agrococcus sp. SCSIO52902	2933290	S	1332	741	2073	0.00028
Agrococcus jejuensis	399736	S	1699	611	2310	0.00031
Agrococcus carbonis	684552	S	1519	792	2311	0.00031
Protaetiibacter intestinalis	2419774	S	2079	928	3007	0.00040
Protaetiibacter sp. SSC-01	2759943	S	1981	911	2892	0.00039
Protaetiibacter larvae	2592654	S	1581	620	2201	0.00029
Salinibacterium sp. ZJ70	2708084	S	1220	396	1616	0.00022
Salinibacterium sp. ZJ450	2708338	S	1024	208	1232	0.00016
Frondihabitans sp. PAMC 28766	1795630	S	1509	245	1754	0.00023
Frondihabitans sp. 762G35	1446794	S	1201	308	1509	0.00020
Microterricola viridarii	412690	S	2214	669	2883	0.00038
Microcella flavibacter	1804990	S	1274	724	1998	0.00027
Herbiconiux sp. SALV-R1	2735133	S	1794	439	2233	0.00030
Cnuibacter physcomitrellae	1619308	S	1683	444	2127	0.00028
Gryllotalpicola protaetiae	2419771	S	1574	369	1943	0.00026
Frigoribacterium sp. NBH87	2596916	S	1453	521	1974	0.00026
Humibacter sp. WJ7-1	2599293	S	1388	365	1753	0.00023
Amnibacterium sp. L3-i23	2905871	S	1268	368	1636	0.00022
Marisediminicola antarctica	674079	S	1051	160	1211	0.00016
Arthrobacter sp. NicSoilC5	2831000	S	5879	3586	9465	0.00126
Arthrobacter sp. FW305-BF8	2879617	S	2528	877	3405	0.00045
Arthrobacter sp. QXT-31	1357915	S	2465	881	3346	0.00045
Arthrobacter sp. KBS0702	2578107	S	2314	1128	3442	0.00046
Arthrobacter sp. StoSoilB19	2830994	S	1570	6372	7942	0.00106
Arthrobacter sp. NicSoilB11	2830999	S	1521	5356	6877	0.00092
Arthrobacter sp. UKPF54-2	2600159	S	1193	617	1810	0.00024
Arthrobacter sp. PM3	2017685	S	1140	212	1352	0.00018
Arthrobacter sp. NicSoilB8	2830998	S	1129	366	1495	0.00020
Arthrobacter sp. QL17	2895818	S	1007	404	1411	0.00019
Arthrobacter agilis	37921	S	1602	412	2014	0.00027
Arthrobacter crystallopoietes	37928	S	1400	377	1777	0.00024
Sinomonas atrocyanea	37927	S	5494	1830	7324	0.00098
Sinomonas sp. R1AF57	2020377	S	1973	456	2429	0.00032
Kocuria rosea	1275	S	1357	830	2187	0.00029
Kocuria flava	446860	S	1203	887	2090	0.00028
Kocuria turfanensis	388357	S	1147	845	1992	0.00027
Micrococcus luteus	1270	S	1704	3315	5019	0.00067
Citricoccus sp. SGAir0253	2567881	S	1174	345	1519	0.00020
Cellulomonas sp. Y8	2591145	S	2366	1162	3528	0.00047
Cellulomonas sp. H30R-01	2704467	S	2135	947	3082	0.00041
Cellulomonas sp. zg-ZUI188	2819978	S	1804	569	2373	0.00032
Cellulomonas sp. C5510	2871170	S	1789	820	2609	0.00035
Cellulomonas sp. JZ18	2654191	S	1772	860	2632	0.00035
Cellulomonas sp. zg-ZUI157	2819979	S	1553	605	2158	0.00029
Cellulomonas sp. zg-ZUI222	2816956	S	1532	653	2185	0.00029
Cellulomonas sp. EW123	2608402	S	1452	955	2407	0.00032
Cellulomonas sp. PSBB021	2003551	S	1325	1181	2506	0.00033
Cellulomonas fimi	1708	S	1975	1693	3668	0.00049
Cellulomonas iranensis	76862	S	1808	955	2763	0.00037
Cellulomonas shaoxiangyii	2566013	S	1676	786	2462	0.00033
Cellulomonas flavigena	1711	S	1550	659	2209	0.00029
Cellulomonas gilvus	11	S	1503	748	2251	0.00030
Cellulomonas taurus	2729175	S	1145	418	1563	0.00021
Actinotalea sp. JY-7876	2758442	S	1789	727	2516	0.00034
Oerskovia sp. KBS0722	1179673	S	1467	539	2006	0.00027
Pseudactinotalea sp. HY158	2654547	S	1196	199	1395	0.00019
Janibacter melonis	262209	S	2052	1145	3197	0.00043
Janibacter limosus	53458	S	1361	1325	2686	0.00036
Phycicoccus sp. HDW14	2714941	S	2904	1041	3945	0.00053
Phycicoccus endophyticus	1690220	S	2133	681	2814	0.00037
Pedococcus dokdonensis	443156	S	3772	1239	5011	0.00067
Intrasporangium calvum	53358	S	3515	1019	4534	0.00060
Tetrasphaera sp. HKS02	1813880	S	3057	894	3951	0.00053
Arsenicicoccus sp. oral taxon 190	1658671	S	1817	776	2593	0.00035
Cellulosimicrobium cellulans	1710	S	3488	4998	8486	0.00113
Cellulosimicrobium sp. BI34T	2587808	S	1446	964	2410	0.00032
Xylanimonas protaetiae	2509457	S	1528	752	2280	0.00030
Xylanimonas allomyrinae	2509459	S	1377	491	1868	0.00025
Xylanimonas cellulosilytica	186189	S	1374	554	1928	0.00026
Isoptericola variabilis	139208	S	1748	1046	2794	0.00037
Isoptericola dokdonensis	372663	S	1598	708	2306	0.00031
Ornithinimicrobium avium	2283195	S	1750	525	2275	0.00030
Ornithinimicrobium sp. HY006	2508882	S	1201	490	1691	0.00023
Ornithinimicrobium flavum	1288636	S	1358	502	1860	0.00025
Ornithinimicrobium ciconiae	2594265	S	1061	190	1251	0.00017
Serinicoccus chungangensis	767452	S	1364	527	1891	0.00025
Serinicoccus hydrothermalis	1758689	S	1188	645	1833	0.00024
Serinicoccus profundi	1078471	S	1184	476	1660	0.00022
Brachybacterium sp. CBA3105	2887346	S	1359	354	1713	0.00023
Brachybacterium sp. SGAir0954	2571029	S	1301	418	1719	0.00023
Brachybacterium sp. P6-10-X1	1903186	S	1052	221	1273	0.00017
Brachybacterium ginsengisoli	1331682	S	1140	431	1571	0.00021
Brachybacterium saurashtrense	556288	S	1056	380	1436	0.00019
Brachybacterium faecium	43669	S	1024	400	1424	0.00019
Brevibacterium sp. CS2	2575923	S	1166	552	1718	0.00023
Brevibacterium casei	33889	S	1243	2552	3795	0.00051
Dermacoccus nishinomiyaensis	1274	S	1378	656	2034	0.00027
Dermacoccus sp. PAMC28757	2762331	S	1018	407	1425	0.00019
Luteipulveratus mongoliensis	571913	S	1825	287	2112	0.00028
Allobranchiibius sp. GilTou73	2904523	S	1445	356	1801	0.00024
Georgenia sp. TF02-10	2917725	S	1765	713	2478	0.00033
Georgenia yuyongxinii	2589797	S	1683	462	2145	0.00029
Georgenia wutianyii	2585135	S	1636	632	2268	0.00030
Georgenia faecalis	2483799	S	1452	442	1894	0.00025
Haloactinobacterium kanbiaonis	2675754	S	1891	330	2221	0.00030
Ruania sp. LR1S40	2897774	S	1005	303	1308	0.00017
Ruania zhangjianzhongii	2603206	S	1166	146	1312	0.00017
Pengzhenrongella sicca	2819238	S	2138	687	2825	0.00038
Luteimicrobium xylanilyticum	1133546	S	1977	694	2671	0.00036
Beutenbergia cavernae	84757	S	2267	421	2688	0.00036
Miniimonas sp. S16	2171623	S	1597	937	2534	0.00034
Sanguibacter keddieii	60920	S	1474	503	1977	0.00026
Sanguibacter sp. HDW7	2714931	S	1295	464	1759	0.00023
Kytococcus sedentarius	1276	S	1121	452	1573	0.00021
Mycolicibacterium fluoranthenivorans	258505	S	7053	1275	8328	0.00111
Mycolicibacterium litorale	758802	S	2761	1221	3982	0.00053
Mycolicibacterium helvum	1534349	S	2475	462	2937	0.00039
Mycolicibacterium sp. YH-1	2908837	S	1495	983	2478	0.00033
Mycolicibacterium smegmatis	1772	S	2201	2017	4218	0.00056
Mycolicibacterium arabiense	1286181	S	1992	413	2405	0.00032
Mycolicibacterium madagascariense	212765	S	1945	389	2334	0.00031
Mycolicibacterium neoaurum	1795	S	1922	859	2781	0.00037
Mycolicibacterium sediminis	1286180	S	1863	478	2341	0.00031
Mycolicibacterium aichiense	1799	S	1746	442	2188	0.00029
Mycolicibacterium rutilum	370526	S	1693	789	2482	0.00033
Mycolicibacterium chitae	1792	S	1669	576	2245	0.00030
Mycolicibacterium mageritense	53462	S	1637	433	2070	0.00028
Mycolicibacterium phlei	1771	S	1618	813	2431	0.00032
Mycolicibacterium chubuense	1800	S	1610	548	2158	0.00029
Mycolicibacterium parafortuitum	39692	S	1605	464	2069	0.00028
Mycolicibacterium phocaicum	319706	S	1538	1707	3245	0.00043
Mycolicibacterium rhodesiae	36814	S	1515	399	1914	0.00026
Mycolicibacterium hassiacum	46351	S	1514	646	2160	0.00029
Mycolicibacterium vaccae	1810	S	1511	442	1953	0.00026
Mycolicibacterium psychrotolerans	216929	S	1502	495	1997	0.00027
Mycolicibacterium moriokaense	39691	S	1435	254	1689	0.00023
Mycolicibacterium gadium	1794	S	1397	315	1712	0.00023
Mycolicibacterium duvalii	39688	S	1392	417	1809	0.00024
Mycolicibacterium fortuitum	1766	S	1382	884	2266	0.00030
Mycolicibacterium sarraceniae	1534348	S	1365	279	1644	0.00022
Mycolicibacterium monacense	85693	S	1347	777	2124	0.00028
Mycolicibacterium pulveris	36813	S	1344	333	1677	0.00022
Mycolicibacterium aurum	1791	S	1335	245	1580	0.00021
Mycolicibacterium tokaiense	39695	S	1331	296	1627	0.00022
Mycolicibacterium thermoresistibile	1797	S	1321	439	1760	0.00023
Mycolicibacterium baixiangningiae	2761578	S	1319	332	1651	0.00022
Mycolicibacterium poriferae	39694	S	1288	430	1718	0.00023
Mycolicibacterium fallax	1793	S	1243	697	1940	0.00026
Mycolicibacterium gilvum	1804	S	1207	775	1982	0.00026
Mycolicibacterium confluentis	28047	S	1182	244	1426	0.00019
Mycolicibacterium anyangense	1431246	S	1152	264	1416	0.00019
Mycolicibacterium insubricum	444597	S	1123	451	1574	0.00021
Mycolicibacterium boenickei	146017	S	1107	3965	5072	0.00068
Mycolicibacterium celeriflavum	1249101	S	1073	315	1388	0.00018
Mycolicibacterium mengxianglii	2736649	S	1038	152	1190	0.00016
Mycobacterium sp. JS623	212767	S	3824	698	4522	0.00060
Mycobacterium sp. YC-RL4	1682113	S	1977	1456	3433	0.00046
Mycobacterium sp. EPa45	1545728	S	1773	1094	2867	0.00038
Mycobacterium sp. DL592	2675524	S	1226	472	1698	0.00023
Mycobacterium sp. IDR2000157661	2867005	S	1196	532	1728	0.00023
Mycobacterium sp. MS1601	1936029	S	1066	288	1354	0.00018
Mycobacterium saskatchewanense	220927	S	1381	819	2200	0.00029
Mycobacterium parmense	185642	S	1227	1310	2537	0.00034
Mycobacterium kubicae	120959	S	1041	1156	2197	0.00029
Mycobacterium avium	1764	S	1924	5819	7743	0.00103
Mycobacterium marseillense	701042	S	1009	1332	2341	0.00031
Mycobacterium frederiksbergense	117567	S	4758	2999	7757	0.00103
Mycobacterium grossiae	1552759	S	1864	827	2691	0.00036
Mycobacterium diernhoferi	1801	S	1761	575	2336	0.00031
Mycobacterium rufum	318424	S	1670	780	2450	0.00033
Mycobacterium dioxanotrophicus	482462	S	1420	559	1979	0.00026
Mycobacterium holsaticum	152142	S	1266	325	1591	0.00021
Mycobacterium goodii	134601	S	1238	737	1975	0.00026
Mycobacterium conspicuum	44010	S	1233	631	1864	0.00025
Mycobacterium branderi	43348	S	1204	359	1563	0.00021
Mycobacterium paragordonae	1389713	S	1125	574	1699	0.00023
Mycobacterium cookii	1775	S	1009	187	1196	0.00016
Mycobacteroides abscessus	36809	S	1333	1976	3309	0.00044
Mycolicibacillus parakoreensis	1069221	S	1011	428	1439	0.00019
Nocardia asteroides	1824	S	7803	3010	10813	0.00144
Nocardia brasiliensis	37326	S	4642	1441	6083	0.00081
Nocardia terpenica	455432	S	3071	632	3703	0.00049
Nocardia cyriacigeorgica	135487	S	3061	1503	4564	0.00061
Nocardia farcinica	37329	S	2277	1577	3854	0.00051
Nocardia arthritidis	228602	S	2001	292	2293	0.00031
Nocardia nova	37330	S	1954	325	2279	0.00030
Nocardia wallacei	480035	S	1934	617	2551	0.00034
Nocardia gipuzkoensis	2749991	S	1647	664	2311	0.00031
Nocardia huaxiensis	2755382	S	1623	366	1989	0.00027
Nocardia sp. CS682	1047172	S	1606	430	2036	0.00027
Nocardia tengchongensis	2055889	S	1564	442	2006	0.00027
Nocardia yamanashiensis	209247	S	1549	352	1901	0.00025
Nocardia yunnanensis	2382165	S	1506	412	1918	0.00026
Nocardia otitidiscaviarum	1823	S	1502	343	1845	0.00025
Nocardia iowensis	204891	S	1490	362	1852	0.00025
Nocardia seriolae	37332	S	1486	448	1934	0.00026
Nocardia mangyaensis	2213200	S	1474	440	1914	0.00026
Rhodococcus sp. X156	2499145	S	1659	676	2335	0.00031
Rhodococcus sp. MTM3W5.2	1805827	S	1557	817	2374	0.00032
Rhodococcus sp. SGAir0479	2567884	S	1335	1198	2533	0.00034
Rhodococcus sp. W8901	2742603	S	1273	1413	2686	0.00036
Rhodococcus sp. PBTS 1	1653478	S	1197	479	1676	0.00022
Rhodococcus opacus	37919	S	3862	12020	15882	0.00212
Rhodococcus equi	43767	S	2042	976	3018	0.00040
Rhodococcus fascians	1828	S	1986	643	2629	0.00035
Rhodococcus rhodochrous	1829	S	1237	1719	2956	0.00039
Rhodococcus triatomae	300028	S	1062	385	1447	0.00019
Corynebacterium cyclohexanicum	322009	S	1775	3371	5146	0.00069
Gordonia sp. PP30	2935861	S	1181	539	1720	0.00023
Gordonia polyisoprenivorans	84595	S	2022	755	2777	0.00037
Gordonia terrae	2055	S	1301	3328	4629	0.00062
Gordonia insulae	2420509	S	1269	408	1677	0.00022
Gordonia phthalatica	1136941	S	1081	616	1697	0.00023
Gordonia amarae	36821	S	1035	312	1347	0.00018
Gordonia bronchialis	2054	S	1031	516	1547	0.00021
Gordonia jinghuaiqii	2758710	S	1001	329	1330	0.00018
Skermania piniformis	39122	S	1078	155	1233	0.00016
Tsukamurella paurometabola	2061	S	1964	1092	3056	0.00041
Tsukamurella tyrosinosolvens	57704	S	1790	891	2681	0.00036
Tsukamurella pulmonis	47312	S	1196	493	1689	0.00023
Tsukamurella sp. PLM1	2929795	S	1183	442	1625	0.00022
Tomitella gaofuii	2760083	S	1135	393	1528	0.00020
Tomitella fengzijianii	2597660	S	1050	391	1441	0.00019
Actinoplanes sp. L3-i22	2836373	S	14694	9591	24285	0.00324
Actinoplanes sp. N902-109	649831	S	11893	3568	15461	0.00206
Actinoplanes sp. OR16	946334	S	9355	4308	13663	0.00182
Actinoplanes friuliensis	196914	S	12779	2212	14991	0.00200
Actinoplanes ianthinogenes	122358	S	9640	4096	13736	0.00183
Actinoplanes missouriensis	1866	S	7943	2766	10709	0.00143
Actinoplanes derwentensis	113562	S	7732	1276	9008	0.00120
Actinoplanes teichomyceticus	1867	S	7421	3322	10743	0.00143
Micromonospora sp. WMMC415	2675222	S	2804	1072	3876	0.00052
Micromonospora sp. HM134	2583243	S	2467	1131	3598	0.00048
Micromonospora sp. WMMA2032	2039870	S	2421	1610	4031	0.00054
Micromonospora sp. B006	2201999	S	1958	1550	3508	0.00047
Micromonospora terminaliae	1914461	S	3784	1951	5735	0.00076
Micromonospora carbonacea	47853	S	3505	1596	5101	0.00068
Micromonospora echinofusca	47858	S	3482	1607	5089	0.00068
Micromonospora echinaurantiaca	47857	S	3445	1690	5135	0.00068
Micromonospora krabiensis	307121	S	3421	1199	4620	0.00062
Micromonospora coriariae	285665	S	3376	1230	4606	0.00061
Micromonospora inositola	47865	S	3169	1591	4760	0.00063
Micromonospora auratinigra	261654	S	2734	1472	4206	0.00056
Micromonospora ferruginea	2749844	S	2731	1610	4341	0.00058
Micromonospora purpureochromogenes	47872	S	2728	1480	4208	0.00056
Micromonospora viridifaciens	1881	S	2679	1190	3869	0.00052
Micromonospora zamorensis	709883	S	2619	859	3478	0.00046
Micromonospora siamensis	299152	S	2605	1279	3884	0.00052
Micromonospora chokoriensis	356851	S	2563	849	3412	0.00045
Micromonospora coxensis	356852	S	2496	1410	3906	0.00052
Micromonospora echinospora	1877	S	2438	867	3305	0.00044
Micromonospora sagamiensis	47875	S	2341	914	3255	0.00043
Micromonospora narathiwatensis	299146	S	2339	1127	3466	0.00046
Micromonospora maris	1003110	S	2320	722	3042	0.00041
Micromonospora rifamycinica	291594	S	2269	1049	3318	0.00044
Micromonospora endophytica (Xie et al. 2001) Li et al. 2019	515350	S	2236	700	2936	0.00039
Micromonospora craniellae	2294034	S	1756	1129	2885	0.00038
Micromonospora tulbaghiae	479978	S	1346	1497	2843	0.00038
Micromonospora aurantiaca	47850	S	1036	7294	8330	0.00111
Couchioplanes caeruleus	56438	S	13967	3768	17735	0.00236
Dactylosporangium vinaceum	53362	S	13755	1651	15406	0.00205
Phytohabitans suffuscus	624315	S	6500	1659	8159	0.00109
Phytohabitans flavus	1076124	S	5255	1034	6289	0.00084
Plantactinospora sp. KBS50	2024580	S	3834	4702	8536	0.00114
Actinocatenispora thailandica	227318	S	3418	962	4380	0.00058
Actinocatenispora sera	390989	S	3333	987	4320	0.00058
Catellatospora sp. IY07-71	2728827	S	7450	1776	9226	0.00123
Polymorphospora rubra	338584	S	4358	1030	5388	0.00072
Natronosporangium hydrolyticum	2811111	S	2233	168	2401	0.00032
Verrucosispora sp. NA02020	2742132	S	1768	1418	3186	0.00042
Salinispora tropica	168695	S	1375	251	1626	0.00022
Nocardioides sp. G188	2849501	S	23051	7674	30725	0.00409
Nocardioides sp. LMS-CY	2840457	S	5756	2027	7783	0.00104
Nocardioides sp. JS614	196162	S	5407	1729	7136	0.00095
Nocardioides sp. W7	2931390	S	4129	1515	5644	0.00075
Nocardioides sp. HDW12B	2714939	S	4046	1437	5483	0.00073
Nocardioides sp. TF02-7	2917724	S	3928	1367	5295	0.00071
Nocardioides sp. zg-579	2663857	S	3741	2036	5777	0.00077
Nocardioides sp. cx-173	2898796	S	3654	1355	5009	0.00067
Nocardioides sp. S-1144	2582905	S	3591	1496	5087	0.00068
Nocardioides sp. InS609-2	2760705	S	3181	800	3981	0.00053
Nocardioides sp. 603	2483798	S	3062	1521	4583	0.00061
Nocardioides sp. zg-1228	2763008	S	3034	1444	4478	0.00060
Nocardioides sp. S5	2017486	S	2934	1579	4513	0.00060
Nocardioides sp. SCSIO 67246	2872154	S	2857	821	3678	0.00049
Nocardioides sp. CF8	110319	S	2668	1182	3850	0.00051
Nocardioides sp. MC1495	2736757	S	2591	1002	3593	0.00048
Nocardioides sp. zg-536	2803858	S	2478	1159	3637	0.00048
Nocardioides sp. JQ2195	2592334	S	2454	558	3012	0.00040
Nocardioides sp. WS12	2486272	S	2358	456	2814	0.00037
Nocardioides sp. Kera G14	2884264	S	2100	490	2590	0.00035
Nocardioides sp. dk884	2662361	S	2076	2300	4376	0.00058
Nocardioides sp. ZJ1313	2685869	S	2074	2316	4390	0.00058
Nocardioides ungokensis	1643322	S	9894	3750	13644	0.00182
Nocardioides mesophilus	433659	S	6924	2282	9206	0.00123
Nocardioides cynanchi	2558918	S	6619	1733	8352	0.00111
Nocardioides anomalus	2712223	S	5407	1779	7186	0.00096
Nocardioides humi	449461	S	3692	1321	5013	0.00067
Nocardioides okcheonensis	2894081	S	3368	1692	5060	0.00067
Nocardioides aromaticivorans	200618	S	3365	1382	4747	0.00063
Nocardioides euryhalodurans	2518370	S	3363	1119	4482	0.00060
Nocardioides dongkuii	2760089	S	3291	1771	5062	0.00067
Nocardioides aquaticus	160826	S	3005	1005	4010	0.00053
Nocardioides rotundus	1774216	S	2728	1123	3851	0.00051
Nocardioides marinisabuli	419476	S	2728	1652	4380	0.00058
Nocardioides dokdonensis	450734	S	2466	1243	3709	0.00049
Nocardioides sambongensis	2589074	S	2444	765	3209	0.00043
Nocardioides panacisoli	627624	S	2116	574	2690	0.00036
Nocardioides seonyuensis	2518371	S	2081	610	2691	0.00036
Nocardioides houyundeii	2045452	S	2046	686	2732	0.00036
Nocardioides piscis	2714938	S	1799	737	2536	0.00034
Nocardioides daphniae	402297	S	1528	756	2284	0.00030
Nocardioides jishulii	2575440	S	1390	550	1940	0.00026
Nocardioides baekrokdamisoli	1804624	S	1167	167	1334	0.00018
Nocardioides yefusunii	2500546	S	1035	340	1375	0.00018
Aeromicrobium sp. Leaf245	1736306	S	1747	563	2310	0.00031
Aeromicrobium sp. A1-2	2107713	S	1602	241	1843	0.00025
Aeromicrobium sp. zg-629	2663859	S	1360	468	1828	0.00024
Aeromicrobium chenweiae	2079793	S	1945	675	2620	0.00035
Aeromicrobium erythreum	2041	S	1935	609	2544	0.00034
Aeromicrobium yanjiei	2662028	S	1781	575	2356	0.00031
Aeromicrobium choanae	1736691	S	1695	538	2233	0.00030
Aeromicrobium marinum	219314	S	1391	321	1712	0.00023
Marmoricola scoriae	642780	S	3407	1379	4786	0.00064
Pimelobacter simplex	2045	S	3254	1290	4544	0.00061
Friedmanniella luteola	546871	S	2670	569	3239	0.00043
Mumia sp. ZJ1417	2708082	S	2041	391	2432	0.00032
Micropruina glycogenica	75385	S	1081	170	1251	0.00017
Microlunatus sagamiharensis	546874	S	2649	660	3309	0.00044
Microlunatus soli	630515	S	1819	187	2006	0.00027
Microlunatus elymi	2596828	S	1565	176	1741	0.00023
Microlunatus phosphovorus	29405	S	1477	185	1662	0.00022
Microlunatus sp. Gsoil 973	2672569	S	1370	111	1481	0.00020
Tessaracoccus defluvii	1285901	S	1067	1257	2324	0.00031
Tessaracoccus aquimaris	1332264	S	1035	802	1837	0.00024
Brevilactibacter coleopterorum	2714937	S	1545	854	2399	0.00032
Brevilactibacter sp. MC1595	2819349	S	1311	625	1936	0.00026
Auraticoccus monumenti	675864	S	1774	363	2137	0.00028
Raineyella fluvialis	2662261	S	1028	165	1193	0.00016
Kribbella flavida	182640	S	11055	2588	13643	0.00182
Kribbella qitaiheensis	1544730	S	10049	1603	11652	0.00155
Actinopolymorpha singaporensis	117157	S	5013	601	5614	0.00075
Amycolatopsis sp. WQ 127309	2932773	S	10126	2677	12803	0.00171
Amycolatopsis sp. Hca4	2742131	S	8848	2918	11766	0.00157
Amycolatopsis sp. DSM 110486	2865832	S	6844	1375	8219	0.00110
Amycolatopsis sp. FDAARGOS 1241	2778070	S	4664	1035	5699	0.00076
Amycolatopsis sp. CA-230715	2745196	S	4057	620	4677	0.00062
Amycolatopsis sp. YIM 10	2653857	S	3748	1010	4758	0.00063
Amycolatopsis sp. FU40	2914159	S	2645	1170	3815	0.00051
Amycolatopsis sp. AA4	1896961	S	2522	1296	3818	0.00051
Amycolatopsis sp. BJA-103	1911175	S	2167	765	2932	0.00039
Amycolatopsis sp. TNS106	2861750	S	1600	810	2410	0.00032
Amycolatopsis sp. EV170708-02-1	2919322	S	1273	1005	2278	0.00030
Amycolatopsis pretoriensis	218821	S	12970	3716	16686	0.00222
Amycolatopsis mediterranei	33910	S	9402	12234	21636	0.00288
Amycolatopsis acidiphila	715473	S	4951	1043	5994	0.00080
Amycolatopsis keratiniphila	129921	S	1934	1294	3228	0.00043
Amycolatopsis japonica	208439	S	1060	816	1876	0.00025
Amycolatopsis thermalba	944492	S	3178	1218	4396	0.00059
Amycolatopsis albispora	1804986	S	3154	1672	4826	0.00064
Amycolatopsis methanolica	1814	S	3133	1129	4262	0.00057
Amycolatopsis aidingensis	2842453	S	2551	299	2850	0.00038
Amycolatopsis orientalis	31958	S	2204	627	2831	0.00038
Pseudonocardia sp. DSM 110487	2865833	S	15669	2327	17996	0.00240
Pseudonocardia sp. CGMCC 4.1532	2761535	S	4687	2782	7469	0.00100
Pseudonocardia sp. HH130630-07	1690815	S	3444	2621	6065	0.00081
Pseudonocardia sp. AL041005-10	445576	S	2941	2196	5137	0.00068
Pseudonocardia sp. HH130629-09	1641402	S	2397	3033	5430	0.00072
Pseudonocardia dioxanivorans	240495	S	6924	1892	8816	0.00117
Pseudonocardia broussonetiae	2736640	S	6788	2327	9115	0.00121
Pseudonocardia autotrophica	2074	S	3880	1087	4967	0.00066
Pseudonocardia abyssalis	2792008	S	3761	1971	5732	0.00076
Allokutzneria albata	211114	S	21259	5203	26462	0.00353
Saccharothrix syringae	103733	S	4904	1729	6633	0.00088
Saccharothrix sp. 6-C	2781735	S	4163	1439	5602	0.00075
Saccharothrix espanaensis	103731	S	3723	1116	4839	0.00064
Saccharopolyspora erythraea	1836	S	5151	1665	6816	0.00091
Saccharopolyspora gregorii	33914	S	2142	449	2591	0.00035
Saccharopolyspora spinosa	60894	S	1328	1010	2338	0.00031
Saccharopolyspora pogona	333966	S	1138	1614	2752	0.00037
Kutzneria sp. CA-103260	2802641	S	5692	1252	6944	0.00093
Kutzneria albida	43357	S	3789	883	4672	0.00062
Saccharomonospora marina	632569	S	1948	448	2396	0.00032
Saccharomonospora azurea	40988	S	1389	451	1840	0.00025
Saccharomonospora cyanea	40989	S	1228	473	1701	0.00023
Saccharomonospora xinjiangensis	75294	S	1107	199	1306	0.00017
Saccharomonospora glauca	40990	S	1014	398	1412	0.00019
Actinoalloteichus hymeniacidonis	340345	S	2166	689	2855	0.00038
Actinoalloteichus hoggarensis	1470176	S	1572	1434	3006	0.00040
Actinosynnema pretiosum	42197	S	1581	4183	5764	0.00077
Kibdelosporangium phytohabitans	860235	S	4345	529	4874	0.00065
Lentzea guizhouensis	1586287	S	4325	929	5254	0.00070
Alloactinosynnema sp. L-07	1653480	S	3193	719	3912	0.00052
Prauserella marina	530584	S	1709	159	1868	0.00025
Allosaccharopolyspora coralli	2665642	S	1429	314	1743	0.00023
Actinomadura sp. WMMA1423	2591108	S	13908	4223	18131	0.00242
Actinomadura sp. NAK00032	2742128	S	10318	3731	14049	0.00187
Actinomadura sp. WMMB 499	1219491	S	7261	1810	9071	0.00121
Actinomadura verrucosospora	46165	S	26836	8194	35030	0.00467
Actinomadura madurae	1993	S	15133	4527	19660	0.00262
Actinomadura graeca	2750812	S	6035	1440	7475	0.00100
Thermomonospora amylolytica	1411117	S	5351	2170	7521	0.00100
Thermomonospora curvata	2020	S	3411	1142	4553	0.00061
Nonomuraea nitratireducens	2656914	S	6802	1601	8403	0.00112
Nonomuraea sp. ATCC 55076	1909395	S	6706	2346	9052	0.00121
Nonomuraea gerenzanensis	93944	S	5662	2073	7735	0.00103
Nonomuraea coxensis	404386	S	5601	1761	7362	0.00098
Streptosporangium sp. 'caverna'	2202249	S	7205	1643	8848	0.00118
Streptosporangium roseum	2001	S	6238	1799	8037	0.00107
Thermobispora bispora	2006	S	2922	755	3677	0.00049
Nocardiopsis sp. MT53	2865672	S	2275	600	2875	0.00038
Nocardiopsis gilva	280236	S	1865	408	2273	0.00030
Nocardiopsis dassonvillei	2014	S	1268	1831	3099	0.00041
Nocardiopsis alba	53437	S	1218	244	1462	0.00019
Thermobifida halotolerans	483545	S	1445	517	1962	0.00026
Thermobifida alba	53522	S	1276	564	1840	0.00025
Streptomonospora litoralis	2498135	S	2049	437	2486	0.00033
Spiractinospora alimapuensis	2820884	S	1318	93	1411	0.00019
Blastococcus sp. PRF04-17	2933797	S	10683	3954	14637	0.00195
Blastococcus saxobsidens	138336	S	8320	2750	11070	0.00147
Modestobacter marinus	477641	S	7949	2968	10917	0.00145
Modestobacter sp. L9-4	2851567	S	4837	1995	6832	0.00091
Geodermatophilus obscurus	1861	S	8577	3086	11663	0.00155
Frankia inefficax	298654	S	21387	2808	24195	0.00322
Frankia sp. QA3	710111	S	2465	976	3441	0.00046
Frankia sp. ArI3	1858	S	1938	1209	3147	0.00042
Candidatus Frankia datiscae	2716812	S	2231	440	2671	0.00036
Frankia casuarinae	106370	S	2145	245	2390	0.00032
Frankia alni	1859	S	2135	1427	3562	0.00047
Jiangella sp. DSM 45060	1798224	S	5286	1500	6786	0.00090
Jiangella alkaliphila	419479	S	4236	1155	5391	0.00072
Nakamurella multipartita	53461	S	5110	1008	6118	0.00082
Nakamurella panacisegetis	1090615	S	1631	219	1850	0.00025
Nakamurella sp. PAMC28650	2762325	S	1526	156	1682	0.00022
Catenulispora acidiphila	304895	S	4806	747	5553	0.00074
Jatrophihabitans sp. GAS493	1907575	S	1765	186	1951	0.00026
Jatrophihabitans telluris	2038343	S	1755	170	1925	0.00026
Stackebrandtia nassauensis	283811	S	2155	208	2363	0.00031
Kineococcus radiotolerans	131568	S	2048	609	2657	0.00035
Epidermidibacterium keratini	1891644	S	1316	636	1952	0.00026
Actinopolyspora erythraea	414996	S	1062	117	1179	0.00016
Conexibacter sp. SYSU D00693	2812560	S	26325	7184	33509	0.00446
Conexibacter sp. S30A1	2937800	S	6640	804	7444	0.00099
Conexibacter sp. DBS9H8	2937801	S	6487	696	7183	0.00096
Conexibacter woesei	191495	S	28022	5758	33780	0.00450
Miltoncostaea oceani	2843216	S	7375	1261	8636	0.00115
Miltoncostaea marina	2843215	S	7260	2095	9355	0.00125
Baekduia soli	496014	S	28243	5251	33494	0.00446
Rubrobacter xylanophilus	49319	S	3546	546	4092	0.00055
Rubrobacter marinus	2653852	S	2522	238	2760	0.00037
Rubrobacter tropicus	2653851	S	2002	161	2163	0.00029
Rubrobacter radiotolerans	42256	S	1180	162	1342	0.00018
Aquihabitans sp. Kera 3	2884263	S	6069	1077	7146	0.00095
Aquihabitans sp. G128	2849779	S	5615	1235	6850	0.00091
Iamia sp. SCSIO 61187	2722752	S	5351	924	6275	0.00084
Actinomarinicola tropica	2789776	S	5043	1090	6133	0.00082
Ilumatobacter coccineus	467094	S	2302	167	2469	0.00033
Egibacter rhizosphaerae	1670831	S	2435	154	2589	0.00035
Egicoccus halophilus	1670830	S	2212	366	2578	0.00034
Euzebya pacifica	1608957	S	2057	180	2237	0.00030
Priestia megaterium	1404	S	6144	10929	17073	0.00227
Thermaerobacter sp. FW80	2546351	S	1013	966	1979	0.00026
Symbiobacterium thermophilum	2734	S	1088	577	1665	0.00022
Limnochorda pilosa	1555112	S	1135	118	1253	0.00017
Oceanithermus profundus	187137	S	1085	415	1500	0.00020
Sphaerobacter thermophilus	2057	S	2640	246	2886	0.00038
Tepidiforma bonchosmolovskayae	2601677	S	1696	106	1802	0.00024
Candidatus Promineofilum breve	1806508	S	1624	47	1671	0.00022
Ktedonosporobacter rubrisoli	2509675	S	1052	57	1109	0.00015
Fimbriimonas ginsengisoli	1005039	S	1254	10	1264	0.00017
Gemmata obscuriglobus	114	S	6660	1475	8135	0.00108
Gemmata massiliana	1210884	S	3168	1221	4389	0.00058
Gemmata sp. SH-PL17	1630693	S	2957	1283	4240	0.00056
Urbifossiella limnaea	2528023	S	12183	1105	13288	0.00177
Frigoriglobus tundricola	2774151	S	7977	1191	9168	0.00122
Limnoglobus roseus	2598579	S	6016	277	6293	0.00084
Lacipirellula parvula	2650471	S	8968	792	9760	0.00130
Lacipirellula limnantheis	2528024	S	8166	818	8984	0.00120
Pirellulimonas nuda	2528009	S	2356	232	2588	0.00034
Botrimarina mediterranea	2528022	S	2239	186	2425	0.00032
Anatilimnocola aggregata	2528021	S	2266	306	2572	0.00034
Lignipirellula cremea	2528010	S	1830	252	2082	0.00028
Bremerella volcania	2527984	S	1129	91	1220	0.00016
Aquisphaera giovannonii	406548	S	7942	1397	9339	0.00124
Tautonia plasticadhaerens	2527974	S	6953	653	7606	0.00101
Paludisphaera borealis	1387353	S	6134	1318	7452	0.00099
Singulisphaera acidiphila	466153	S	4447	635	5082	0.00068
Planctomyces sp. SH-PL62	1636152	S	4703	1657	6360	0.00085
Planctomyces sp. SH-PL14	1632864	S	3297	265	3562	0.00047
Caulifigura coniformis	2527983	S	2721	238	2959	0.00039
Maioricimonas rarisocia	2528026	S	1765	307	2072	0.00028
Alienimonas californiensis	2527989	S	1701	165	1866	0.00025
Humisphaera borealis	2807512	S	4286	135	4421	0.00059
Phycisphaera mikurensis	547188	S	1742	180	1922	0.00026
Opitutus sp. GAS368	1882749	S	11632	1516	13148	0.00175
Opitutus terrae	107709	S	3635	160	3795	0.00051
Lacunisphaera limnophila	1838286	S	6429	800	7229	0.00096
Nibricoccus aquaticus	2576891	S	6319	251	6570	0.00088
Oleiharenicola sp. KSB-15	2862869	S	1942	97	2039	0.00027
Ereboglobus luteus	1796921	S	1137	57	1194	0.00016
Roseimicrobium sp. ORNL1	2711231	S	3126	106	3232	0.00043
Verrucomicrobium spinosum	2736	S	1413	81	1494	0.00020
Verrucomicrobium sp. GAS474	1882831	S	1398	162	1560	0.00021
Luteolibacter luteus	2728835	S	1095	52	1147	0.00015
Luteolibacter ambystomatis	2824561	S	1088	81	1169	0.00016
Niastella koreensis	354356	S	40753	3052	43805	0.00584
Paraflavitalea soli	2315862	S	1212	86	1298	0.00017
Chryseolinea soli	2321403	S	4650	1084	5734	0.00076
Rhodothermus marinus	29549	S	1748	196	1944	0.00026
Rhodocaloribacter litoris	2558931	S	1695	369	2064	0.00028
Salinibacter ruber	146919	S	1157	48	1205	0.00016
Gemmatirosa kalamazoonesis	861299	S	34742	4184	38926	0.00519
Gemmatimonas groenlandica	2732249	S	4426	564	4990	0.00066
Gemmatimonas aurantiaca	173480	S	3167	363	3530	0.00047
Gemmatimonas phototrophica	1379270	S	2611	400	3011	0.00040
Granulicella sp. WH15	2602070	S	1642	328	1970	0.00026
Granulicella sp. 5B5	1617967	S	1293	235	1528	0.00020
Granulicella mallensis	940614	S	1334	181	1515	0.00020
Granulicella tundricola	940615	S	1085	161	1246	0.00017
Terriglobus roseus	392734	S	1877	483	2360	0.00031
Terriglobus albidus	1592106	S	1339	158	1497	0.00020
Candidatus Koribacter versatilis	658062	S	3915	163	4078	0.00054
Acidobacterium sp. 4Y35	2763107	S	1745	143	1888	0.00025
Acidobacterium capsulatum	33075	S	1662	246	1908	0.00025
Edaphobacter sp. 12200R-103	2703788	S	1407	303	1710	0.00023
Acidisarcina polymorpha	2211140	S	1183	104	1287	0.00017
Paludibaculum fermentans	1473598	S	4055	131	4186	0.00056
Luteitalea sp. TBR-22	2802971	S	9814	2012	11826	0.00158
Luteitalea pratensis	1855912	S	8359	1061	9420	0.00125
Nitrospira moscoviensis	42253	S	2087	215	2302	0.00031
Nitrospira japonica	1325564	S	1106	151	1257	0.00017
Fusarium acuminatum	5515	S	3120	1590	4710	0.00063
Pseudozyma flocculosa	84751	S	1169	281	1450	0.00019
