name	taxonomy_id	taxonomy_lvl	kraken_assigned_reads	added_reads	new_est_reads	fraction_total_reads
Streptomyces sp. CdTB01	1725411	S	12802	5141	17943	0.00282
Streptomyces sp. BH-MK-02	2880933	S	12668	3815	16483	0.00259
Streptomyces sp. A2-16	2781734	S	9577	4250	13827	0.00217
Streptomyces sp. So13.3	2136173	S	9409	2351	11760	0.00185
Streptomyces sp. SN-593	659352	S	7821	2392	10213	0.00160
Streptomyces sp. 3214.6	1882757	S	6959	2898	9857	0.00155
Streptomyces sp. ZYC-3	2797636	S	6261	1752	8013	0.00126
Streptomyces sp. P3	2135430	S	5559	1968	7527	0.00118
Streptomyces sp. GQFP	2907545	S	5189	1250	6439	0.00101
Streptomyces sp. CB01881	2078691	S	5123	1158	6281	0.00099
Streptomyces sp. ST1015	1848900	S	4684	1376	6060	0.00095
Streptomyces sp. SCSIO 64649	2878388	S	4533	1016	5549	0.00087
Streptomyces sp. RPA4-2	2721244	S	4502	1883	6385	0.00100
Streptomyces sp. LRE541	2931983	S	4378	1432	5810	0.00091
Streptomyces sp. Z423-1	2730915	S	4250	1737	5987	0.00094
Streptomyces sp. SCUT-3	2684469	S	4015	2002	6017	0.00094
Streptomyces sp. NHF165	2175864	S	4009	901	4910	0.00077
Streptomyces sp. NA02950	2742137	S	3942	1063	5005	0.00079
Streptomyces sp. SAT1	1849967	S	3799	1940	5739	0.00090
Streptomyces sp. WAC 01438	2203204	S	3705	1751	5456	0.00086
Streptomyces sp. MA3_2.13	2867410	S	3636	588	4224	0.00066
Streptomyces sp. NEAU-sy36	2751189	S	3533	1820	5353	0.00084
Streptomyces sp. CMB-StM0423	2059884	S	3454	2467	5921	0.00093
Streptomyces sp. GMY02	1333528	S	3429	831	4260	0.00067
Streptomyces sp. Go 40/10	2825844	S	3427	2162	5589	0.00088
Streptomyces sp. MG28	2865673	S	3378	1770	5148	0.00081
Streptomyces sp. 3025	2923272	S	3326	773	4099	0.00064
Streptomyces sp. 891-h	2720714	S	3308	805	4113	0.00065
Streptomyces sp. RTd22	1841249	S	3277	2072	5349	0.00084
Streptomyces sp. HM190	2695266	S	3258	1457	4715	0.00074
Streptomyces sp. DSM 40868	2721173	S	3252	1662	4914	0.00077
Streptomyces sp. AMCC400023	2056258	S	3218	1922	5140	0.00081
Streptomyces sp. MBT27	1488356	S	3164	1292	4456	0.00070
Streptomyces sp. MG62	2838015	S	3157	1686	4843	0.00076
Streptomyces sp. JB150	2714844	S	3100	1378	4478	0.00070
Streptomyces sp. GS7	2692234	S	3086	1125	4211	0.00066
Streptomyces sp. SM18	1736046	S	3065	1173	4238	0.00066
Streptomyces sp. Go-475	2072505	S	3054	1989	5043	0.00079
Streptomyces sp. SirexAA-E	862751	S	3014	1238	4252	0.00067
Streptomyces sp. NA04227	2742136	S	2998	934	3932	0.00062
Streptomyces sp. YIM 121038	2136401	S	2965	1223	4188	0.00066
Streptomyces sp. MST-110588	2833628	S	2949	973	3922	0.00062
Streptomyces sp. S1D4-11	2721246	S	2937	3175	6112	0.00096
Streptomyces sp. Rer75	2750011	S	2797	1939	4736	0.00074
Streptomyces sp. BJ20	2930049	S	2753	1556	4309	0.00068
Streptomyces sp. W1SF4	2305220	S	2743	1322	4065	0.00064
Streptomyces sp. C8S0	2585716	S	2670	1006	3676	0.00058
Streptomyces sp. S4.7	2705439	S	2668	1239	3907	0.00061
Streptomyces sp. QHH-9511	2684468	S	2569	959	3528	0.00055
Streptomyces sp. SYP-A7193	2662065	S	2423	2102	4525	0.00071
Streptomyces sp. BHT-5-2	2866715	S	2418	1027	3445	0.00054
Streptomyces sp. MOE7	1961713	S	2388	3931	6319	0.00099
Streptomyces sp. CB09001	2083284	S	2376	2211	4587	0.00072
Streptomyces sp. HP-A2021	2927875	S	2360	1890	4250	0.00067
Streptomyces sp. 135	2838850	S	2351	1071	3422	0.00054
Streptomyces sp. Tu 2975	2676871	S	2325	1012	3337	0.00052
Streptomyces sp. jing01	2726118	S	2299	1794	4093	0.00064
Streptomyces sp. HSG2	2797167	S	2155	660	2815	0.00044
Streptomyces sp. WAC 01529	2203205	S	2064	1022	3086	0.00048
Streptomyces sp. WY228	2855836	S	1945	1403	3348	0.00053
Streptomyces sp. WAC 06738	2203210	S	1914	2985	4899	0.00077
Streptomyces sp. INR7	2607753	S	1844	1354	3198	0.00050
Streptomyces sp. fd1-xmd	1812480	S	1813	1129	2942	0.00046
Streptomyces sp. TN58	234612	S	1722	1130	2852	0.00045
Streptomyces sp. CNQ-509	444103	S	1653	2520	4173	0.00065
Streptomyces sp. CCM_MD2014	1561022	S	1606	2151	3757	0.00059
Streptomyces sp. SUK 48	2582831	S	1601	1416	3017	0.00047
Streptomyces sp. 2323.1	1938841	S	1579	1311	2890	0.00045
Streptomyces sp. AgN23	1188315	S	1576	1939	3515	0.00055
Streptomyces sp. M2	646637	S	1553	14929	16482	0.00259
Streptomyces sp. HF10	2692233	S	1461	1453	2914	0.00046
Streptomyces sp. PAMC 26508	1265601	S	1457	9287	10744	0.00169
Streptomyces sp. CRSS-Y-16	2906474	S	1445	14698	16143	0.00253
Streptomyces sp. S501	2420135	S	1410	9712	11122	0.00175
Streptomyces sp. RLB1-33	2721243	S	1389	5975	7364	0.00116
Streptomyces sp. ADI95-16	1522758	S	1310	1783	3093	0.00049
Streptomyces sp. YPW6	2840373	S	1267	885	2152	0.00034
Streptomyces sp. RPA4-5	2721245	S	1191	1055	2246	0.00035
Streptomyces sp. Mg1	465541	S	1184	1718	2902	0.00046
Streptomyces sp. 769	1262452	S	1141	1193	2334	0.00037
Streptomyces sp. EAS-AB2608	2779671	S	1081	2779	3860	0.00061
Streptomyces sp. XC 2026	2782004	S	1021	1191	2212	0.00035
Streptomyces rapamycinicus	1226757	S	8579	2397	10976	0.00172
Streptomyces hygroscopicus	1912	S	5733	10396	16129	0.00253
Streptomyces violaceusniger	68280	S	1699	1426	3125	0.00049
Streptomyces yatensis	155177	S	1564	1458	3022	0.00047
Streptomyces venezuelae	54571	S	14848	7097	21945	0.00344
Streptomyces aurantiacus	47760	S	3695	1140	4835	0.00076
Streptomyces cadmiisoli	2184053	S	3535	1114	4649	0.00073
Streptomyces qaidamensis	1783515	S	2172	1178	3350	0.00053
Streptomyces alboniger	132473	S	1778	848	2626	0.00041
Streptomyces koyangensis	188770	S	1229	1624	2853	0.00045
Streptomyces lydicus	47763	S	11487	10171	21658	0.00340
Streptomyces bathyalis	2710756	S	9233	1843	11076	0.00174
Streptomyces aquilus	2548456	S	8309	3146	11455	0.00180
Streptomyces griseorubiginosus	67304	S	8269	3487	11756	0.00184
Streptomyces chartreusis	1969	S	7202	3992	11194	0.00176
Streptomyces asoensis	249586	S	6492	2453	8945	0.00140
Streptomyces griseus	1911	S	2319	2522	4841	0.00076
Streptomyces anulatus	1892	S	1851	2525	4376	0.00069
Streptomyces bingchenggensis	379067	S	5890	1332	7222	0.00113
Streptomyces albus	1888	S	5819	3748	9567	0.00150
Streptomyces niveus	193462	S	5667	3240	8907	0.00140
Streptomyces pratensis	1169025	S	5612	1708	7320	0.00115
Streptomyces durmitorensis	319947	S	5448	1493	6941	0.00109
Streptomyces armeniacus	83291	S	5416	863	6279	0.00099
Streptomyces formicae	1616117	S	5242	2108	7350	0.00115
Streptomyces lincolnensis	1915	S	5111	1888	6999	0.00110
Streptomyces griseochromogenes	68214	S	5052	1782	6834	0.00107
Streptomyces collinus	42684	S	4972	4000	8972	0.00141
Streptomyces capitiformicae	2014920	S	4825	908	5733	0.00090
Streptomyces lunaelactis	1535768	S	4717	1196	5913	0.00093
Streptomyces cattleya	29303	S	4655	1586	6241	0.00098
Streptomyces seoulensis	73044	S	4631	2177	6808	0.00107
Streptomyces dengpaensis	2049881	S	4559	1622	6181	0.00097
Streptomyces buecherae	2763006	S	4465	1356	5821	0.00091
Streptomyces tsukubensis	83656	S	4379	1606	5985	0.00094
Streptomyces avermitilis	33903	S	4321	1570	5891	0.00092
Streptomyces cyaneochromogenes	2496836	S	4306	1614	5920	0.00093
Streptomyces davaonensis	348043	S	4014	1438	5452	0.00086
Streptomyces ferrugineus	1413221	S	4007	1618	5625	0.00088
Streptomyces griseoviridis	45398	S	3859	1574	5433	0.00085
Streptomyces spectabilis	68270	S	3765	1560	5325	0.00084
Streptomyces xanthii	2768069	S	3752	1393	5145	0.00081
Streptomyces roseirectus	2768066	S	3695	1133	4828	0.00076
Streptomyces antibioticus	1890	S	3614	1626	5240	0.00082
Streptomyces broussonetiae	2686304	S	3556	1361	4917	0.00077
Streptomyces phaeolivaceus	2653200	S	3473	1248	4721	0.00074
Streptomyces actuosus	1885	S	3454	1833	5287	0.00083
Streptomyces rimosus	1927	S	3437	15180	18617	0.00292
Streptomyces fodineus	1904616	S	3302	1492	4794	0.00075
Streptomyces atratus	1893	S	3281	817	4098	0.00064
Streptomyces incarnatus	665007	S	3255	1135	4390	0.00069
Streptomyces roseochromogenus	285450	S	3198	1292	4490	0.00070
Streptomyces xinghaiensis	1038928	S	3165	1146	4311	0.00068
Streptomyces paludis	2282738	S	3124	840	3964	0.00062
Streptomyces calvus	67282	S	3106	1464	4570	0.00072
Streptomyces galilaeus	33899	S	3105	1334	4439	0.00070
Streptomyces liangshanensis	2717324	S	3014	942	3956	0.00062
Streptomyces nodosus	40318	S	2988	970	3958	0.00062
Streptomyces nigra	1827580	S	2961	1453	4414	0.00069
Streptomyces genisteinicus	2768068	S	2933	1114	4047	0.00064
Streptomyces inhibens	2293571	S	2915	1101	4016	0.00063
Streptomyces ambofaciens	1889	S	2911	2176	5087	0.00080
Streptomyces olivoreticuli	68246	S	2876	985	3861	0.00061
Streptomyces aureoverticillatus	66871	S	2871	968	3839	0.00060
Streptomyces harbinensis	1176198	S	2857	897	3754	0.00059
Streptomyces pactum	68249	S	2855	1467	4322	0.00068
Streptomyces dangxiongensis	1442032	S	2817	1222	4039	0.00063
Streptomyces rectiverticillatus	173860	S	2813	1095	3908	0.00061
Streptomyces alboflavus	67267	S	2811	977	3788	0.00059
Streptomyces griseocarneus	51201	S	2803	1193	3996	0.00063
Streptomyces vietnamensis	362257	S	2743	1138	3881	0.00061
Streptomyces albulus	68570	S	2730	1016	3746	0.00059
Streptomyces deccanensis	424188	S	2640	1440	4080	0.00064
Streptomyces prasinus	67345	S	2633	1052	3685	0.00058
Streptomyces clavuligerus	1901	S	2618	800	3418	0.00054
Streptomyces glaucescens	1907	S	2600	1404	4004	0.00063
Streptomyces peucetius	1950	S	2587	869	3456	0.00054
Streptomyces luteoverticillatus	66425	S	2576	1041	3617	0.00057
Streptomyces angustmyceticus	285578	S	2560	1292	3852	0.00060
Streptomyces globosus	68209	S	2550	1138	3688	0.00058
Streptomyces pluripotens	1355015	S	2530	743	3273	0.00051
Streptomyces parvulus	146923	S	2529	1418	3947	0.00062
Streptomyces viridosporus	67581	S	2524	1237	3761	0.00059
Streptomyces cyanogenus	80860	S	2520	1426	3946	0.00062
Streptomyces gilvosporeus	553510	S	2474	997	3471	0.00054
Streptomyces chromofuscus	42881	S	2474	1199	3673	0.00058
Streptomyces ficellus	1977088	S	2442	1068	3510	0.00055
Streptomyces hundungensis	1077946	S	2428	965	3393	0.00053
Streptomyces fagopyri	2662397	S	2420	1074	3494	0.00055
Streptomyces exfoliatus	1905	S	2385	1007	3392	0.00053
Streptomyces lavendulae	1914	S	2316	994	3310	0.00052
Streptomyces subrutilus	36818	S	2300	1059	3359	0.00053
Streptomyces vinaceus	1960	S	2291	1025	3316	0.00052
Streptomyces finlayi	67296	S	2291	650	2941	0.00046
Streptomyces pristinaespiralis	38300	S	2254	1147	3401	0.00053
Streptomyces katrae	68223	S	2249	1035	3284	0.00052
Streptomyces coeruleorubidus	116188	S	2249	1398	3647	0.00057
Streptomyces nitrosporeus	28894	S	2233	774	3007	0.00047
Streptomyces tendae	1932	S	2227	1158	3385	0.00053
Streptomyces hawaiiensis	67305	S	2219	1256	3475	0.00055
Streptomyces kanamyceticus	1967	S	2137	939	3076	0.00048
Streptomyces gardneri	66892	S	1934	1001	2935	0.00046
Streptomyces tirandamycinicus	2174846	S	1932	790	2722	0.00043
Streptomyces tuirus	68278	S	1911	1247	3158	0.00050
Streptomyces mobaraensis	35621	S	1890	100705	102595	0.01610
Streptomyces gobiensis	2875706	S	1814	424	2238	0.00035
Streptomyces qinzhouensis	2599401	S	1803	549	2352	0.00037
Streptomyces spongiicola	1690221	S	1796	1000	2796	0.00044
Streptomyces huasconensis	1854574	S	1744	871	2615	0.00041
Streptomyces nojiriensis	66374	S	1733	950	2683	0.00042
Streptomyces rutgersensis	53451	S	1678	1042	2720	0.00043
Streptomyces decoyicus	249567	S	1393	1006	2399	0.00038
Streptomyces leeuwenhoekii	1437453	S	1342	1207	2549	0.00040
Streptomyces antimycoticus	68175	S	1285	1773	3058	0.00048
Streptomyces cyaneogriseus	68192	S	1275	1277	2552	0.00040
Streptomyces platensis	58346	S	1239	1223	2462	0.00039
Streptomyces auratus	114687	S	1234	1064	2298	0.00036
Streptomyces xiamenensis	408015	S	1161	1291	2452	0.00038
Streptomyces lydicamycinicus	1546107	S	1006	784	1790	0.00028
Kitasatospora sp. MMS16-BH015	2018025	S	3627	1437	5064	0.00079
Kitasatospora sp. NA04385	2742135	S	2864	1762	4626	0.00073
Kitasatospora setae	2066	S	2780	1636	4416	0.00069
Kitasatospora aureofaciens	1894	S	2517	1219	3736	0.00059
Streptacidiphilus sp. P02-A3a	2704468	S	2940	1037	3977	0.00062
Streptacidiphilus sp. PB12-B1b	2705012	S	2888	1317	4205	0.00066
Streptacidiphilus bronchialis	2126346	S	2476	940	3416	0.00054
Yinghuangia sp. ASG 101	2896848	S	7535	1418	8953	0.00140
Microbacterium sp. No. 7	1714373	S	1953	1240	3193	0.00050
Microbacterium sp. 4R-513	2567934	S	1511	487	1998	0.00031
Microbacterium sp. JZ31	1906274	S	1394	616	2010	0.00032
Microbacterium sp. 10M-3C3	2483401	S	1360	1924	3284	0.00052
Microbacterium sp. SSW1-51	2851650	S	1141	995	2136	0.00034
Microbacterium sp. BH-3-3-3	1906742	S	1102	450	1552	0.00024
Microbacterium sp. YJN-G	2763257	S	1040	810	1850	0.00029
Microbacterium foliorum	104336	S	2098	580	2678	0.00042
Microbacterium hominis	162426	S	1834	8615	10449	0.00164
Microbacterium oleivorans	273677	S	1768	416	2184	0.00034
Microbacterium cremeum	2782169	S	1530	384	1914	0.00030
Microbacterium atlanticum	2782168	S	1427	374	1801	0.00028
Microbacterium resistens	156977	S	1303	284	1587	0.00025
Microbacterium lemovicicum	1072463	S	1288	345	1633	0.00026
Microbacterium sediminis	904291	S	1239	652	1891	0.00030
Microbacterium oryzae	743009	S	1062	369	1431	0.00022
Microbacterium pygmaeum	370764	S	1051	153	1204	0.00019
Microbacterium testaceum	2033	S	1047	228	1275	0.00020
Microbacterium wangchenii	2541726	S	1011	295	1306	0.00021
Agromyces sp. H17E-10	2932244	S	2139	790	2929	0.00046
Agromyces sp. LHK192	2498704	S	1740	572	2312	0.00036
Agromyces sp. CFWR-12	2929802	S	1364	814	2178	0.00034
Agromyces flavus	589382	S	2063	737	2800	0.00044
Agromyces soli	659012	S	1810	751	2561	0.00040
Agromyces aureus	453304	S	1786	581	2367	0.00037
Agromyces protaetiae	2509455	S	1470	487	1957	0.00031
Agromyces marinus	1389020	S	1404	584	1988	0.00031
Agromyces intestinalis	2592652	S	1307	736	2043	0.00032
Agromyces archimandritae	2781962	S	1252	420	1672	0.00026
Agromyces badenianii	2080742	S	1201	448	1649	0.00026
Agromyces laixinhei	2585717	S	1193	312	1505	0.00024
Curtobacterium sp. BH-2-1-1	1905847	S	1113	2160	3273	0.00051
Curtobacterium sp. L6-1	2841594	S	1063	1291	2354	0.00037
Curtobacterium flaccumfaciens	2035	S	1780	1169	2949	0.00046
Curtobacterium luteum	33881	S	1035	492	1527	0.00024
Rathayibacter sp. VKM Ac-2759	2609252	S	1350	847	2197	0.00034
Rathayibacter sp. VKM Ac-2760	2609253	S	1251	1586	2837	0.00045
Rathayibacter festucae	110937	S	1393	2009	3402	0.00053
Leifsonia sp. 21MFCrub1.1	1798223	S	1650	2106	3756	0.00059
Leifsonia sp. ZF2019	2781978	S	1584	493	2077	0.00033
Leifsonia sp. PS1209	2724914	S	1520	476	1996	0.00031
Leifsonia shinshuensis	150026	S	2350	755	3105	0.00049
Leifsonia xyli	1575	S	1040	170	1210	0.00019
Leucobacter muris	1935379	S	1076	649	1725	0.00027
Clavibacter michiganensis	28447	S	6000	10950	16950	0.00266
Agrococcus sp. SGAir0287	2070347	S	1541	544	2085	0.00033
Agrococcus sp. Marseille-Q4369	2810513	S	1424	571	1995	0.00031
Agrococcus sp. SCSIO52902	2933290	S	1407	795	2202	0.00035
Agrococcus jejuensis	399736	S	1733	642	2375	0.00037
Agrococcus carbonis	684552	S	1457	785	2242	0.00035
Protaetiibacter sp. SSC-01	2759943	S	1433	631	2064	0.00032
Protaetiibacter intestinalis	2419774	S	1295	550	1845	0.00029
Protaetiibacter larvae	2592654	S	1031	388	1419	0.00022
Frondihabitans sp. PAMC 28766	1795630	S	1411	230	1641	0.00026
Frondihabitans sp. 762G35	1446794	S	1208	307	1515	0.00024
Microterricola viridarii	412690	S	2231	681	2912	0.00046
Microcella flavibacter	1804990	S	1191	688	1879	0.00029
Cnuibacter physcomitrellae	1619308	S	1615	426	2041	0.00032
Gryllotalpicola protaetiae	2419771	S	1563	372	1935	0.00030
Frigoribacterium sp. NBH87	2596916	S	1500	539	2039	0.00032
Herbiconiux sp. SALV-R1	2735133	S	1447	355	1802	0.00028
Humibacter sp. WJ7-1	2599293	S	1271	338	1609	0.00025
Amnibacterium sp. L3-i23	2905871	S	1165	341	1506	0.00024
Arthrobacter sp. FW305-BF8	2879617	S	8537	3207	11744	0.00184
Arthrobacter sp. NicSoilC5	2831000	S	8238	5312	13550	0.00213
Arthrobacter sp. QXT-31	1357915	S	6422	2492	8914	0.00140
Arthrobacter sp. NicSoilB8	2830998	S	1906	666	2572	0.00040
Arthrobacter sp. PM3	2017685	S	1710	322	2032	0.00032
Arthrobacter sp. KBS0702	2578107	S	1435	762	2197	0.00034
Arthrobacter sp. UKPF54-2	2600159	S	1428	803	2231	0.00035
Arthrobacter sp. 24S4-2	2575374	S	1286	390	1676	0.00026
Arthrobacter sp. NtRootA1	2830983	S	1260	475	1735	0.00027
Arthrobacter sp. NicSoilB4	2830997	S	1227	518	1745	0.00027
Arthrobacter sp. StoSoilB19	2830994	S	1216	6094	7310	0.00115
Arthrobacter sp. U41	1849032	S	1214	455	1669	0.00026
Arthrobacter sp. PAMC25564	2565366	S	1199	442	1641	0.00026
Arthrobacter sp. FB24	290399	S	1196	469	1665	0.00026
Arthrobacter sp. NicSoilB11	2830999	S	1187	5180	6367	0.00100
Arthrobacter sp. PGP41	2079227	S	1177	484	1661	0.00026
Arthrobacter sp. QL17	2895818	S	1081	402	1483	0.00023
Arthrobacter agilis	37921	S	1728	398	2126	0.00033
Arthrobacter crystallopoietes	37928	S	1294	347	1641	0.00026
Kocuria rosea	1275	S	1486	931	2417	0.00038
Kocuria flava	446860	S	1260	956	2216	0.00035
Kocuria turfanensis	388357	S	1189	892	2081	0.00033
Sinomonas atrocyanea	37927	S	3460	1204	4664	0.00073
Sinomonas sp. R1AF57	2020377	S	1934	460	2394	0.00038
Micrococcus luteus	1270	S	1745	3061	4806	0.00075
Citricoccus sp. SGAir0253	2567881	S	1232	383	1615	0.00025
Janibacter melonis	262209	S	2849	1161	4010	0.00063
Janibacter limosus	53458	S	1931	627	2558	0.00040
Janibacter indicus	857417	S	1040	2416	3456	0.00054
Phycicoccus sp. HDW14	2714941	S	4188	1645	5833	0.00092
Phycicoccus endophyticus	1690220	S	2897	1019	3916	0.00061
Pedococcus dokdonensis	443156	S	6988	2484	9472	0.00149
Intrasporangium calvum	53358	S	6305	1916	8221	0.00129
Tetrasphaera sp. HKS02	1813880	S	5516	1748	7264	0.00114
Arsenicicoccus sp. oral taxon 190	1658671	S	2354	1067	3421	0.00054
Cellulomonas sp. Y8	2591145	S	2534	1304	3838	0.00060
Cellulomonas sp. H30R-01	2704467	S	2480	1151	3631	0.00057
Cellulomonas sp. JZ18	2654191	S	2036	1033	3069	0.00048
Cellulomonas sp. zg-ZUI188	2819978	S	2012	664	2676	0.00042
Cellulomonas sp. C5510	2871170	S	1953	933	2886	0.00045
Cellulomonas sp. zg-ZUI222	2816956	S	1757	781	2538	0.00040
Cellulomonas sp. zg-ZUI157	2819979	S	1684	681	2365	0.00037
Cellulomonas sp. EW123	2608402	S	1607	1074	2681	0.00042
Cellulomonas sp. PSBB021	2003551	S	1462	1326	2788	0.00044
Cellulomonas fimi	1708	S	2228	2136	4364	0.00068
Cellulomonas iranensis	76862	S	1986	1100	3086	0.00048
Cellulomonas shaoxiangyii	2566013	S	1767	868	2635	0.00041
Cellulomonas flavigena	1711	S	1712	760	2472	0.00039
Cellulomonas gilvus	11	S	1607	836	2443	0.00038
Cellulomonas taurus	2729175	S	1198	463	1661	0.00026
Actinotalea sp. JY-7876	2758442	S	2001	847	2848	0.00045
Oerskovia sp. KBS0722	1179673	S	1884	725	2609	0.00041
Pseudactinotalea sp. HY158	2654547	S	1356	238	1594	0.00025
Paraoerskovia marina	545619	S	1035	325	1360	0.00021
Cellulosimicrobium cellulans	1710	S	3860	5539	9399	0.00147
Cellulosimicrobium sp. BI34T	2587808	S	1546	1065	2611	0.00041
Xylanimonas protaetiae	2509457	S	1660	865	2525	0.00040
Xylanimonas cellulosilytica	186189	S	1512	646	2158	0.00034
Xylanimonas allomyrinae	2509459	S	1475	557	2032	0.00032
Isoptericola variabilis	139208	S	1976	1245	3221	0.00051
Isoptericola dokdonensis	372663	S	1777	832	2609	0.00041
Ornithinimicrobium avium	2283195	S	2176	666	2842	0.00045
Ornithinimicrobium sp. HY006	2508882	S	1473	568	2041	0.00032
Ornithinimicrobium flavum	1288636	S	1585	579	2164	0.00034
Ornithinimicrobium ciconiae	2594265	S	1404	262	1666	0.00026
Ornithinimicrobium pratense	2593973	S	1029	340	1369	0.00021
Serinicoccus chungangensis	767452	S	1548	582	2130	0.00033
Serinicoccus hydrothermalis	1758689	S	1490	719	2209	0.00035
Serinicoccus profundi	1078471	S	1386	554	1940	0.00030
Serinicoccus marinus	247333	S	1250	631	1881	0.00030
Brachybacterium sp. CBA3105	2887346	S	1534	422	1956	0.00031
Brachybacterium sp. SGAir0954	2571029	S	1364	462	1826	0.00029
Brachybacterium sp. P6-10-X1	1903186	S	1244	278	1522	0.00024
Brachybacterium ginsengisoli	1331682	S	1200	485	1685	0.00026
Brachybacterium saurashtrense	556288	S	1113	428	1541	0.00024
Brachybacterium faecium	43669	S	1045	437	1482	0.00023
Brevibacterium sp. CS2	2575923	S	1188	589	1777	0.00028
Brevibacterium casei	33889	S	1386	2714	4100	0.00064
Dermacoccus nishinomiyaensis	1274	S	1510	765	2275	0.00036
Dermacoccus sp. PAMC28757	2762331	S	1070	461	1531	0.00024
Luteipulveratus mongoliensis	571913	S	2360	396	2756	0.00043
Allobranchiibius sp. GilTou73	2904523	S	1771	465	2236	0.00035
Yimella sp. cx-51	2770551	S	1015	248	1263	0.00020
Georgenia sp. TF02-10	2917725	S	1959	826	2785	0.00044
Georgenia yuyongxinii	2589797	S	1955	566	2521	0.00040
Georgenia wutianyii	2585135	S	1741	706	2447	0.00038
Georgenia faecalis	2483799	S	1651	524	2175	0.00034
Haloactinobacterium kanbiaonis	2675754	S	2239	406	2645	0.00042
Ruania sp. LR1S40	2897774	S	1187	369	1556	0.00024
Ruania zhangjianzhongii	2603206	S	1203	155	1358	0.00021
Pengzhenrongella sicca	2819238	S	2360	806	3166	0.00050
Luteimicrobium xylanilyticum	1133546	S	2122	784	2906	0.00046
Beutenbergia cavernae	84757	S	2567	504	3071	0.00048
Miniimonas sp. S16	2171623	S	1658	1015	2673	0.00042
Sanguibacter keddieii	60920	S	1632	588	2220	0.00035
Sanguibacter sp. HDW7	2714931	S	1461	552	2013	0.00032
Kytococcus sedentarius	1276	S	1237	525	1762	0.00028
Nocardioides sp. G188	2849501	S	52696	18355	71051	0.01115
Nocardioides sp. JS614	196162	S	7623	2555	10178	0.00160
Nocardioides sp. LMS-CY	2840457	S	7433	2736	10169	0.00160
Nocardioides sp. HDW12B	2714939	S	6192	2305	8497	0.00133
Nocardioides sp. S5	2017486	S	5942	3331	9273	0.00146
Nocardioides sp. zg-1228	2763008	S	5440	2713	8153	0.00128
Nocardioides sp. W7	2931390	S	5370	2063	7433	0.00117
Nocardioides sp. TF02-7	2917724	S	5302	1924	7226	0.00113
Nocardioides sp. zg-579	2663857	S	5185	2949	8134	0.00128
Nocardioides sp. cx-173	2898796	S	4886	1900	6786	0.00106
Nocardioides sp. S-1144	2582905	S	4790	2089	6879	0.00108
Nocardioides sp. InS609-2	2760705	S	4705	1242	5947	0.00093
Nocardioides sp. SCSIO 67246	2872154	S	4196	1260	5456	0.00086
Nocardioides sp. 603	2483798	S	4082	2122	6204	0.00097
Nocardioides sp. CF8	110319	S	3982	1824	5806	0.00091
Nocardioides sp. MC1495	2736757	S	3557	1440	4997	0.00078
Nocardioides sp. JQ2195	2592334	S	3555	847	4402	0.00069
Nocardioides sp. zg-536	2803858	S	3097	1512	4609	0.00072
Nocardioides sp. dk884	2662361	S	2834	3373	6207	0.00097
Nocardioides sp. WS12	2486272	S	2820	573	3393	0.00053
Nocardioides sp. ZJ1313	2685869	S	2706	3248	5954	0.00093
Nocardioides sp. Kera G14	2884264	S	2444	605	3049	0.00048
Nocardioides ungokensis	1643322	S	19957	7786	27743	0.00435
Nocardioides mesophilus	433659	S	13775	4722	18497	0.00290
Nocardioides anomalus	2712223	S	7078	2406	9484	0.00149
Nocardioides cynanchi	2558918	S	6844	1870	8714	0.00137
Nocardioides okcheonensis	2894081	S	5996	3111	9107	0.00143
Nocardioides euryhalodurans	2518370	S	5013	1722	6735	0.00106
Nocardioides dongkuii	2760089	S	4563	2523	7086	0.00111
Nocardioides humi	449461	S	4503	1642	6145	0.00096
Nocardioides aromaticivorans	200618	S	4174	1754	5928	0.00093
Nocardioides aquaticus	160826	S	3928	1357	5285	0.00083
Nocardioides rotundus	1774216	S	3861	1632	5493	0.00086
Nocardioides marinisabuli	419476	S	3700	2303	6003	0.00094
Nocardioides dokdonensis	450734	S	3281	1687	4968	0.00078
Nocardioides sambongensis	2589074	S	3138	1017	4155	0.00065
Nocardioides seonyuensis	2518371	S	2961	894	3855	0.00060
Nocardioides piscis	2714938	S	2622	1091	3713	0.00058
Nocardioides houyundeii	2045452	S	2603	906	3509	0.00055
Nocardioides panacisoli	627624	S	2585	731	3316	0.00052
Nocardioides daphniae	402297	S	1981	1007	2988	0.00047
Nocardioides jishulii	2575440	S	1685	685	2370	0.00037
Nocardioides baekrokdamisoli	1804624	S	1275	193	1468	0.00023
Nocardioides yefusunii	2500546	S	1269	438	1707	0.00027
Aeromicrobium sp. Leaf245	1736306	S	1943	657	2600	0.00041
Aeromicrobium sp. A1-2	2107713	S	1591	252	1843	0.00029
Aeromicrobium sp. zg-629	2663859	S	1540	556	2096	0.00033
Aeromicrobium erythreum	2041	S	2137	699	2836	0.00045
Aeromicrobium chenweiae	2079793	S	2060	739	2799	0.00044
Aeromicrobium yanjiei	2662028	S	1960	655	2615	0.00041
Aeromicrobium choanae	1736691	S	1918	636	2554	0.00040
Aeromicrobium marinum	219314	S	1574	377	1951	0.00031
Marmoricola scoriae	642780	S	4916	2036	6952	0.00109
Pimelobacter simplex	2045	S	3753	1495	5248	0.00082
Friedmanniella luteola	546871	S	3433	748	4181	0.00066
Mumia sp. ZJ1417	2708082	S	2359	474	2833	0.00044
Micropruina glycogenica	75385	S	1216	199	1415	0.00022
Microlunatus sagamiharensis	546874	S	3200	831	4031	0.00063
Microlunatus soli	630515	S	2264	251	2515	0.00039
Microlunatus phosphovorus	29405	S	2033	269	2302	0.00036
Microlunatus elymi	2596828	S	1831	226	2057	0.00032
Microlunatus sp. Gsoil 973	2672569	S	1660	148	1808	0.00028
Tessaracoccus sp. J1M15	2829499	S	1105	493	1598	0.00025
Tessaracoccus aquimaris	1332264	S	1213	885	2098	0.00033
Tessaracoccus defluvii	1285901	S	1189	1237	2426	0.00038
Brevilactibacter coleopterorum	2714937	S	1511	879	2390	0.00038
Brevilactibacter sp. MC1595	2819349	S	1444	724	2168	0.00034
Auraticoccus monumenti	675864	S	2063	443	2506	0.00039
Raineyella fluvialis	2662261	S	1260	217	1477	0.00023
Kribbella flavida	182640	S	17615	4263	21878	0.00343
Kribbella qitaiheensis	1544730	S	15082	2504	17586	0.00276
Actinopolymorpha singaporensis	117157	S	6880	863	7743	0.00121
Mycolicibacterium litorale	758802	S	2723	1270	3993	0.00063
Mycolicibacterium smegmatis	1772	S	2248	1520	3768	0.00059
Mycolicibacterium sp. YH-1	2908837	S	1483	858	2341	0.00037
Mycolicibacterium sediminis	1286180	S	1835	498	2333	0.00037
Mycolicibacterium madagascariense	212765	S	1809	386	2195	0.00034
Mycolicibacterium mageritense	53462	S	1721	484	2205	0.00035
Mycolicibacterium arabiense	1286181	S	1697	374	2071	0.00033
Mycolicibacterium phlei	1771	S	1694	902	2596	0.00041
Mycolicibacterium rutilum	370526	S	1673	826	2499	0.00039
Mycolicibacterium neoaurum	1795	S	1655	992	2647	0.00042
Mycolicibacterium chubuense	1800	S	1618	588	2206	0.00035
Mycolicibacterium fortuitum	1766	S	1583	1058	2641	0.00041
Mycolicibacterium rhodesiae	36814	S	1519	423	1942	0.00030
Mycolicibacterium vaccae	1810	S	1508	466	1974	0.00031
Mycolicibacterium hassiacum	46351	S	1507	677	2184	0.00034
Mycolicibacterium parafortuitum	39692	S	1505	459	1964	0.00031
Mycolicibacterium chitae	1792	S	1491	546	2037	0.00032
Mycolicibacterium moriokaense	39691	S	1442	272	1714	0.00027
Mycolicibacterium psychrotolerans	216929	S	1431	502	1933	0.00030
Mycolicibacterium thermoresistibile	1797	S	1379	483	1862	0.00029
Mycolicibacterium gadium	1794	S	1363	325	1688	0.00026
Mycolicibacterium duvalii	39688	S	1328	419	1747	0.00027
Mycolicibacterium poriferae	39694	S	1328	470	1798	0.00028
Mycolicibacterium monacense	85693	S	1328	803	2131	0.00033
Mycolicibacterium pulveris	36813	S	1326	349	1675	0.00026
Mycolicibacterium fluoranthenivorans	258505	S	1322	254	1576	0.00025
Mycolicibacterium phocaicum	319706	S	1308	1499	2807	0.00044
Mycolicibacterium gilvum	1804	S	1299	883	2182	0.00034
Mycolicibacterium tokaiense	39695	S	1258	299	1557	0.00024
Mycolicibacterium boenickei	146017	S	1247	4540	5787	0.00091
Mycolicibacterium aurum	1791	S	1245	243	1488	0.00023
Mycolicibacterium baixiangningiae	2761578	S	1201	318	1519	0.00024
Mycolicibacterium confluentis	28047	S	1185	261	1446	0.00023
Mycolicibacterium fallax	1793	S	1133	677	1810	0.00028
Mycolicibacterium celeriflavum	1249101	S	1123	353	1476	0.00023
Mycolicibacterium aichiense	1799	S	1093	295	1388	0.00022
Mycolicibacterium insubricum	444597	S	1082	465	1547	0.00024
Mycolicibacterium helvum	1534349	S	1001	197	1198	0.00019
Mycobacterium sp. JS623	212767	S	4256	778	5034	0.00079
Mycobacterium sp. IDR2000157661	2867005	S	1289	557	1846	0.00029
Mycobacterium sp. YC-RL4	1682113	S	1088	722	1810	0.00028
Mycobacterium sp. DL440	2675523	S	1080	502	1582	0.00025
Mycobacterium sp. EPa45	1545728	S	1070	536	1606	0.00025
Mycobacterium sp. DL592	2675524	S	1063	409	1472	0.00023
Mycobacterium sp. MS1601	1936029	S	1041	267	1308	0.00021
Mycobacterium saskatchewanense	220927	S	1356	595	1951	0.00031
Mycobacterium parmense	185642	S	1340	400	1740	0.00027
Mycobacterium kubicae	120959	S	1164	311	1475	0.00023
Mycobacterium avium	1764	S	1870	1970	3840	0.00060
Mycobacterium marseillense	701042	S	1168	410	1578	0.00025
Mycobacterium intracellulare	1767	S	1092	12294	13386	0.00210
Mycobacterium colombiense	339268	S	1030	249	1279	0.00020
Mycobacterium grossiae	1552759	S	1919	820	2739	0.00043
Mycobacterium rufum	318424	S	1665	745	2410	0.00038
Mycobacterium dioxanotrophicus	482462	S	1506	579	2085	0.00033
Mycobacterium frederiksbergense	117567	S	1379	683	2062	0.00032
Mycobacterium conspicuum	44010	S	1353	231	1584	0.00025
Mycobacterium holsaticum	152142	S	1332	304	1636	0.00026
Mycobacterium branderi	43348	S	1249	219	1468	0.00023
Mycobacterium diernhoferi	1801	S	1217	342	1559	0.00024
Mycobacterium paragordonae	1389713	S	1184	212	1396	0.00022
Mycobacterium goodii	134601	S	1130	691	1821	0.00029
Mycobacterium gordonae	1778	S	1077	136	1213	0.00019
Mycobacterium cookii	1775	S	1045	140	1185	0.00019
Mycobacteroides abscessus	36809	S	1220	1869	3089	0.00048
Mycolicibacillus parakoreensis	1069221	S	1055	483	1538	0.00024
Nocardia asteroides	1824	S	8050	3292	11342	0.00178
Nocardia brasiliensis	37326	S	4945	1643	6588	0.00103
Nocardia cyriacigeorgica	135487	S	3316	1705	5021	0.00079
Nocardia terpenica	455432	S	3201	701	3902	0.00061
Nocardia farcinica	37329	S	2625	1971	4596	0.00072
Nocardia nova	37330	S	2488	441	2929	0.00046
Nocardia wallacei	480035	S	2057	695	2752	0.00043
Nocardia arthritidis	228602	S	2050	318	2368	0.00037
Nocardia yamanashiensis	209247	S	1794	434	2228	0.00035
Nocardia sp. CS682	1047172	S	1789	506	2295	0.00036
Nocardia huaxiensis	2755382	S	1666	401	2067	0.00032
Nocardia gipuzkoensis	2749991	S	1644	700	2344	0.00037
Nocardia tengchongensis	2055889	S	1632	490	2122	0.00033
Nocardia otitidiscaviarum	1823	S	1618	393	2011	0.00032
Nocardia iowensis	204891	S	1553	400	1953	0.00031
Nocardia yunnanensis	2382165	S	1525	442	1967	0.00031
Nocardia seriolae	37332	S	1419	454	1873	0.00029
Nocardia mangyaensis	2213200	S	1410	446	1856	0.00029
Rhodococcus sp. X156	2499145	S	1761	760	2521	0.00040
Rhodococcus sp. MTM3W5.2	1805827	S	1712	927	2639	0.00041
Rhodococcus sp. SGAir0479	2567884	S	1419	1299	2718	0.00043
Rhodococcus sp. W8901	2742603	S	1352	1522	2874	0.00045
Rhodococcus sp. PBTS 1	1653478	S	1220	510	1730	0.00027
Rhodococcus opacus	37919	S	4269	12822	17091	0.00268
Rhodococcus equi	43767	S	2258	1101	3359	0.00053
Rhodococcus fascians	1828	S	1896	625	2521	0.00040
Rhodococcus rhodochrous	1829	S	1285	1750	3035	0.00048
Rhodococcus triatomae	300028	S	1114	429	1543	0.00024
Rhodococcus koreensis	99653	S	1086	838	1924	0.00030
Corynebacterium cyclohexanicum	322009	S	1625	3420	5045	0.00079
Gordonia sp. PP30	2935861	S	1297	617	1914	0.00030
Gordonia polyisoprenivorans	84595	S	2091	795	2886	0.00045
Gordonia terrae	2055	S	1398	3486	4884	0.00077
Gordonia insulae	2420509	S	1279	414	1693	0.00027
Gordonia phthalatica	1136941	S	1136	671	1807	0.00028
Gordonia amarae	36821	S	1079	339	1418	0.00022
Gordonia bronchialis	2054	S	1032	521	1553	0.00024
Gordonia jinghuaiqii	2758710	S	1016	347	1363	0.00021
Skermania piniformis	39122	S	1137	183	1320	0.00021
Tsukamurella paurometabola	2061	S	2141	1229	3370	0.00053
Tsukamurella tyrosinosolvens	57704	S	1827	941	2768	0.00043
Tsukamurella pulmonis	47312	S	1326	570	1896	0.00030
Tsukamurella sp. PLM1	2929795	S	1285	501	1786	0.00028
Tomitella gaofuii	2760083	S	1198	450	1648	0.00026
Tomitella fengzijianii	2597660	S	1136	459	1595	0.00025
Amycolatopsis sp. WQ 127309	2932773	S	12440	3545	15985	0.00251
Amycolatopsis sp. Hca4	2742131	S	10395	3733	14128	0.00222
Amycolatopsis sp. DSM 110486	2865832	S	8610	1841	10451	0.00164
Amycolatopsis sp. FDAARGOS 1241	2778070	S	5166	1224	6390	0.00100
Amycolatopsis sp. CA-230715	2745196	S	4389	718	5107	0.00080
Amycolatopsis sp. YIM 10	2653857	S	4275	1256	5531	0.00087
Amycolatopsis sp. FU40	2914159	S	2863	1318	4181	0.00066
Amycolatopsis sp. AA4	1896961	S	2604	1393	3997	0.00063
Amycolatopsis sp. BJA-103	1911175	S	2239	862	3101	0.00049
Amycolatopsis sp. TNS106	2861750	S	1709	946	2655	0.00042
Amycolatopsis sp. EV170708-02-1	2919322	S	1387	1223	2610	0.00041
Amycolatopsis pretoriensis	218821	S	15702	4941	20643	0.00324
Amycolatopsis mediterranei	33910	S	10646	9740	20386	0.00320
Amycolatopsis acidiphila	715473	S	5268	1190	6458	0.00101
Amycolatopsis keratiniphila	129921	S	2086	1550	3636	0.00057
Amycolatopsis japonica	208439	S	1138	966	2104	0.00033
Amycolatopsis methanolica	1814	S	3556	1401	4957	0.00078
Amycolatopsis thermalba	944492	S	3390	1418	4808	0.00075
Amycolatopsis albispora	1804986	S	3369	1928	5297	0.00083
Amycolatopsis aidingensis	2842453	S	2761	347	3108	0.00049
Amycolatopsis orientalis	31958	S	2232	708	2940	0.00046
Pseudonocardia sp. DSM 110487	2865833	S	26999	4283	31282	0.00491
Pseudonocardia sp. CGMCC 4.1532	2761535	S	5537	3441	8978	0.00141
Pseudonocardia sp. HH130630-07	1690815	S	3754	2944	6698	0.00105
Pseudonocardia sp. AL041005-10	445576	S	3117	2415	5532	0.00087
Pseudonocardia sp. HH130629-09	1641402	S	2620	3407	6027	0.00095
Pseudonocardia dioxanivorans	240495	S	7926	2303	10229	0.00161
Pseudonocardia broussonetiae	2736640	S	7775	2824	10599	0.00166
Pseudonocardia abyssalis	2792008	S	4311	2365	6676	0.00105
Pseudonocardia autotrophica	2074	S	4232	1256	5488	0.00086
Saccharopolyspora erythraea	1836	S	5888	1856	7744	0.00122
Saccharopolyspora gregorii	33914	S	3053	688	3741	0.00059
Saccharopolyspora spinosa	60894	S	1601	1287	2888	0.00045
Saccharopolyspora pogona	333966	S	1421	2084	3505	0.00055
Saccharothrix syringae	103733	S	5065	1886	6951	0.00109
Saccharothrix sp. 6-C	2781735	S	4286	1560	5846	0.00092
Saccharothrix espanaensis	103731	S	4132	1314	5446	0.00085
Kutzneria sp. CA-103260	2802641	S	5574	1324	6898	0.00108
Kutzneria albida	43357	S	3640	914	4554	0.00071
Saccharomonospora marina	632569	S	2181	540	2721	0.00043
Saccharomonospora azurea	40988	S	1595	512	2107	0.00033
Saccharomonospora cyanea	40989	S	1463	562	2025	0.00032
Saccharomonospora xinjiangensis	75294	S	1207	225	1432	0.00022
Saccharomonospora glauca	40990	S	1033	397	1430	0.00022
Actinoalloteichus hymeniacidonis	340345	S	4169	1197	5366	0.00084
Actinoalloteichus hoggarensis	1470176	S	1814	1421	3235	0.00051
Lentzea guizhouensis	1586287	S	6463	1497	7960	0.00125
Actinosynnema pretiosum	42197	S	1546	4380	5926	0.00093
Kibdelosporangium phytohabitans	860235	S	4343	566	4909	0.00077
Allokutzneria albata	211114	S	3702	972	4674	0.00073
Alloactinosynnema sp. L-07	1653480	S	3239	785	4024	0.00063
Prauserella marina	530584	S	1870	188	2058	0.00032
Allosaccharopolyspora coralli	2665642	S	1445	342	1787	0.00028
Micromonospora sp. WMMC415	2675222	S	2851	1112	3963	0.00062
Micromonospora sp. HM134	2583243	S	2272	1049	3321	0.00052
Micromonospora sp. WMMA2032	2039870	S	2262	1508	3770	0.00059
Micromonospora sp. B006	2201999	S	1885	1474	3359	0.00053
Micromonospora terminaliae	1914461	S	5024	2620	7644	0.00120
Micromonospora carbonacea	47853	S	3383	1577	4960	0.00078
Micromonospora inositola	47865	S	3374	1711	5085	0.00080
Micromonospora krabiensis	307121	S	3357	1203	4560	0.00072
Micromonospora echinaurantiaca	47857	S	3212	1595	4807	0.00075
Micromonospora echinofusca	47858	S	3131	1471	4602	0.00072
Micromonospora viridifaciens	1881	S	2802	1255	4057	0.00064
Micromonospora coriariae	285665	S	2743	1013	3756	0.00059
Micromonospora auratinigra	261654	S	2675	1457	4132	0.00065
Micromonospora ferruginea	2749844	S	2672	1586	4258	0.00067
Micromonospora purpureochromogenes	47872	S	2632	1449	4081	0.00064
Micromonospora coxensis	356852	S	2621	1500	4121	0.00065
Micromonospora siamensis	299152	S	2547	1274	3821	0.00060
Micromonospora narathiwatensis	299146	S	2434	1183	3617	0.00057
Micromonospora zamorensis	709883	S	2390	792	3182	0.00050
Micromonospora echinospora	1877	S	2377	854	3231	0.00051
Micromonospora chokoriensis	356851	S	2356	790	3146	0.00049
Micromonospora sagamiensis	47875	S	2282	900	3182	0.00050
Micromonospora maris	1003110	S	2214	704	2918	0.00046
Micromonospora endophytica (Xie et al. 2001) Li et al. 2019	515350	S	2169	692	2861	0.00045
Micromonospora rifamycinica	291594	S	2077	970	3047	0.00048
Micromonospora craniellae	2294034	S	1668	1074	2742	0.00043
Micromonospora tulbaghiae	479978	S	1454	1582	3036	0.00048
Micromonospora aurantiaca	47850	S	1082	7463	8545	0.00134
Actinoplanes sp. L3-i22	2836373	S	9168	6425	15593	0.00245
Actinoplanes sp. N902-109	649831	S	6990	2219	9209	0.00145
Actinoplanes sp. OR16	946334	S	6163	2965	9128	0.00143
Actinoplanes friuliensis	196914	S	7030	1258	8288	0.00130
Actinoplanes ianthinogenes	122358	S	6454	2717	9171	0.00144
Actinoplanes missouriensis	1866	S	5275	1828	7103	0.00111
Actinoplanes teichomyceticus	1867	S	5081	2273	7354	0.00115
Actinoplanes derwentensis	113562	S	4692	793	5485	0.00086
Dactylosporangium vinaceum	53362	S	13806	1756	15562	0.00244
Phytohabitans suffuscus	624315	S	5888	1564	7452	0.00117
Phytohabitans flavus	1076124	S	4799	985	5784	0.00091
Plantactinospora sp. KBS50	2024580	S	3537	4482	8019	0.00126
Couchioplanes caeruleus	56438	S	8210	2298	10508	0.00165
Actinocatenispora thailandica	227318	S	3541	1034	4575	0.00072
Actinocatenispora sera	390989	S	3483	1070	4553	0.00071
Catellatospora sp. IY07-71	2728827	S	6580	1659	8239	0.00129
Polymorphospora rubra	338584	S	3991	983	4974	0.00078
Natronosporangium hydrolyticum	2811111	S	2239	180	2419	0.00038
Verrucosispora sp. NA02020	2742132	S	1796	1441	3237	0.00051
Salinispora tropica	168695	S	1300	247	1547	0.00024
Actinomadura sp. WMMA1423	2591108	S	22628	6925	29553	0.00464
Actinomadura sp. NAK00032	2742128	S	17574	6403	23977	0.00376
Actinomadura sp. WMMB 499	1219491	S	8980	2294	11274	0.00177
Actinomadura madurae	1993	S	29713	8994	38707	0.00607
Actinomadura verrucosospora	46165	S	19615	6080	25695	0.00403
Actinomadura graeca	2750812	S	12001	2933	14934	0.00234
Thermomonospora amylolytica	1411117	S	4441	1786	6227	0.00098
Thermomonospora curvata	2020	S	2892	973	3865	0.00061
Nonomuraea nitratireducens	2656914	S	9041	2195	11236	0.00176
Nonomuraea sp. ATCC 55076	1909395	S	8030	2850	10880	0.00171
Nonomuraea coxensis	404386	S	7536	2439	9975	0.00157
Nonomuraea gerenzanensis	93944	S	7476	2773	10249	0.00161
Streptosporangium roseum	2001	S	7235	2132	9367	0.00147
Streptosporangium sp. 'caverna'	2202249	S	6663	1558	8221	0.00129
Thermobispora bispora	2006	S	2917	779	3696	0.00058
Nocardiopsis sp. MT53	2865672	S	2519	737	3256	0.00051
Nocardiopsis gilva	280236	S	1959	454	2413	0.00038
Nocardiopsis dassonvillei	2014	S	1505	1838	3343	0.00052
Nocardiopsis alba	53437	S	1423	309	1732	0.00027
Thermobifida halotolerans	483545	S	1540	549	2089	0.00033
Thermobifida alba	53522	S	1346	587	1933	0.00030
Streptomonospora litoralis	2498135	S	2061	464	2525	0.00040
Spiractinospora alimapuensis	2820884	S	1466	109	1575	0.00025
Blastococcus sp. PRF04-17	2933797	S	15947	6257	22204	0.00348
Blastococcus saxobsidens	138336	S	12094	4228	16322	0.00256
Modestobacter marinus	477641	S	11225	4472	15697	0.00246
Modestobacter sp. L9-4	2851567	S	6832	3011	9843	0.00154
Geodermatophilus obscurus	1861	S	12809	4869	17678	0.00277
Frankia inefficax	298654	S	5905	836	6741	0.00106
Frankia sp. QA3	710111	S	2119	858	2977	0.00047
Frankia sp. ArI3	1858	S	1715	1086	2801	0.00044
Candidatus Frankia datiscae	2716812	S	2104	501	2605	0.00041
Frankia casuarinae	106370	S	1838	222	2060	0.00032
Frankia alni	1859	S	1789	1206	2995	0.00047
Jiangella sp. DSM 45060	1798224	S	5619	1728	7347	0.00115
Jiangella alkaliphila	419479	S	4504	1332	5836	0.00092
Nakamurella multipartita	53461	S	3986	844	4830	0.00076
Nakamurella panacisegetis	1090615	S	1726	257	1983	0.00031
Nakamurella sp. PAMC28650	2762325	S	1609	183	1792	0.00028
Catenulispora acidiphila	304895	S	5056	839	5895	0.00093
Jatrophihabitans telluris	2038343	S	2017	216	2233	0.00035
Jatrophihabitans sp. GAS493	1907575	S	1887	221	2108	0.00033
Stackebrandtia nassauensis	283811	S	2196	230	2426	0.00038
Kineococcus radiotolerans	131568	S	2176	691	2867	0.00045
Epidermidibacterium keratini	1891644	S	1373	692	2065	0.00032
Actinopolyspora erythraea	414996	S	1077	128	1205	0.00019
Conexibacter sp. SYSU D00693	2812560	S	29595	8501	38096	0.00598
Conexibacter sp. S30A1	2937800	S	7366	929	8295	0.00130
Conexibacter sp. DBS9H8	2937801	S	7218	798	8016	0.00126
Conexibacter woesei	191495	S	31611	6929	38540	0.00605
Miltoncostaea marina	2843215	S	7346	2313	9659	0.00152
Miltoncostaea oceani	2843216	S	7210	1343	8553	0.00134
Baekduia soli	496014	S	30970	6115	37085	0.00582
Rubrobacter xylanophilus	49319	S	4231	717	4948	0.00078
Rubrobacter marinus	2653852	S	2840	267	3107	0.00049
Rubrobacter tropicus	2653851	S	2648	216	2864	0.00045
Rubrobacter radiotolerans	42256	S	1320	176	1496	0.00023
Aquihabitans sp. Kera 3	2884263	S	6048	1132	7180	0.00113
Aquihabitans sp. G128	2849779	S	5411	1261	6672	0.00105
Iamia sp. SCSIO 61187	2722752	S	5451	1004	6455	0.00101
Actinomarinicola tropica	2789776	S	5442	1257	6699	0.00105
Ilumatobacter coccineus	467094	S	2561	196	2757	0.00043
Egibacter rhizosphaerae	1670831	S	2539	171	2710	0.00043
Egicoccus halophilus	1670830	S	2303	403	2706	0.00042
Euzebya pacifica	1608957	S	2190	204	2394	0.00038
Priestia megaterium	1404	S	8514	16728	25242	0.00396
Alicyclobacillus acidocaldarius	405212	S	1025	295	1320	0.00021
Thermaerobacter sp. FW80	2546351	S	1032	950	1982	0.00031
Symbiobacterium thermophilum	2734	S	1222	637	1859	0.00029
Limnochorda pilosa	1555112	S	1166	115	1281	0.00020
Oceanithermus profundus	187137	S	1206	381	1587	0.00025
Truepera radiovictrix	332249	S	1016	135	1151	0.00018
Sphaerobacter thermophilus	2057	S	2992	282	3274	0.00051
Tepidiforma bonchosmolovskayae	2601677	S	2122	146	2268	0.00036
Candidatus Promineofilum breve	1806508	S	1629	53	1682	0.00026
Ktedonosporobacter rubrisoli	2509675	S	1171	62	1233	0.00019
Fimbriimonas ginsengisoli	1005039	S	1038	9	1047	0.00016
Bradyrhizobium sp. 200	2782665	S	23595	7291	30886	0.00485
Bradyrhizobium sp. 170	2782641	S	18718	6617	25335	0.00398
Bradyrhizobium sp. CCBAU 051011	858422	S	9796	2349	12145	0.00191
Bradyrhizobium sp. CCBAU 51753	1325100	S	7498	2079	9577	0.00150
Bradyrhizobium sp. A19	2898149	S	4971	1130	6101	0.00096
Bradyrhizobium sp. BTAi1	288000	S	4688	1122	5810	0.00091
Bradyrhizobium sp. ORS 285	115808	S	4646	1397	6043	0.00095
Bradyrhizobium sp. SK17	2057741	S	4554	1900	6454	0.00101
Bradyrhizobium sp. ORS 278	114615	S	4490	1369	5859	0.00092
Bradyrhizobium sp. 186	2782654	S	3990	1473	5463	0.00086
Bradyrhizobium sp. 195	2782662	S	3758	1794	5552	0.00087
Bradyrhizobium sp. CCBAU 53421	1325120	S	3737	1516	5253	0.00082
Bradyrhizobium sp. CCBAU 53340	1325112	S	2960	1410	4370	0.00069
Bradyrhizobium sp. CCBAU 53338	1325111	S	2946	1476	4422	0.00069
Bradyrhizobium sp. 6(2017)	1197460	S	2932	1765	4697	0.00074
Bradyrhizobium sp. CCBAU 53351	1325114	S	2926	1829	4755	0.00075
Bradyrhizobium sp. 1(2017)	1404888	S	2924	1183	4107	0.00064
Bradyrhizobium sp. S2-11-2	2840472	S	2694	3108	5802	0.00091
Bradyrhizobium sp. S2-20-1	2840469	S	2271	2813	5084	0.00080
Bradyrhizobium sp. 41S5	1404443	S	2177	1844	4021	0.00063
Bradyrhizobium sp. S2-11-4	2840473	S	2118	2894	5012	0.00079
Bradyrhizobium sp. CCGE-LA001	1223566	S	1999	945	2944	0.00046
Bradyrhizobium sp. 191	2782659	S	1611	2364	3975	0.00062
Bradyrhizobium sp. I71	2590772	S	1595	2079	3674	0.00058
Bradyrhizobium sp. CCBAU 51765	1325102	S	1578	2100	3678	0.00058
Bradyrhizobium sp. C-145	574727	S	1193	1424	2617	0.00041
Bradyrhizobium erythrophlei	1437360	S	20007	1991	21998	0.00345
Bradyrhizobium diazoefficiens	1355477	S	12138	24398	36536	0.00573
Bradyrhizobium paxllaeri	190148	S	8263	1816	10079	0.00158
Bradyrhizobium icense	1274631	S	7531	1276	8807	0.00138
Bradyrhizobium lablabi	722472	S	6371	8303	14674	0.00230
Bradyrhizobium canariense	255045	S	5826	10757	16583	0.00260
Bradyrhizobium genosp. L	83637	S	4910	1208	6118	0.00096
Bradyrhizobium japonicum	375	S	4446	7497	11943	0.00187
Bradyrhizobium oligotrophicum	44255	S	4230	920	5150	0.00081
Bradyrhizobium arachidis	858423	S	3727	1275	5002	0.00078
Bradyrhizobium guangdongense	1325090	S	3197	1465	4662	0.00073
Bradyrhizobium quebecense	2748629	S	2959	1982	4941	0.00078
Bradyrhizobium genosp. B	83627	S	2954	763	3717	0.00058
Bradyrhizobium symbiodeficiens	1404367	S	2871	5069	7940	0.00125
Bradyrhizobium guangzhouense	1325095	S	2800	1268	4068	0.00064
Bradyrhizobium cosmicum	1404864	S	2694	1052	3746	0.00059
Bradyrhizobium vignae	1549949	S	2610	742	3352	0.00053
Bradyrhizobium septentrionale	1404411	S	2443	1758	4201	0.00066
Bradyrhizobium guangxiense	1325115	S	2297	1190	3487	0.00055
Bradyrhizobium amphicarpaeae	1404768	S	1902	943	2845	0.00045
Bradyrhizobium daqingense	993502	S	1710	1100	2810	0.00044
Bradyrhizobium betae	244734	S	1679	1093	2772	0.00044
Bradyrhizobium zhanjiangense	1325107	S	1152	1356	2508	0.00039
Bradyrhizobium elkanii	29448	S	1147	4137	5284	0.00083
Rhodopseudomonas palustris	1076	S	13685	5812	19497	0.00306
Rhodopseudomonas sp. SK50-23	340268	S	2186	509	2695	0.00042
Rhodopseudomonas boonkerdii	475937	S	2070	591	2661	0.00042
Nitrobacter hamburgensis	912	S	7437	1361	8798	0.00138
Nitrobacter winogradskyi	913	S	2306	436	2742	0.00043
Tardiphaga sp. 37S4	1404741	S	1249	4008	5257	0.00082
Tardiphaga robiniae	943830	S	1218	814	2032	0.00032
Afipia carboxidovorans	40137	S	4146	998	5144	0.00081
Afipia sp. GAS231	1882747	S	2527	1756	4283	0.00067
Variibacter gotjawalensis	1333996	S	3902	398	4300	0.00067
Mesorhizobium sp. B2-8-5	2589903	S	4122	2420	6542	0.00103
Mesorhizobium sp. J8	2777475	S	2739	1586	4325	0.00068
Mesorhizobium sp. 8	2584466	S	2472	796	3268	0.00051
Mesorhizobium sp. B2-1-1	2589974	S	1929	680	2609	0.00041
Mesorhizobium sp. M1B.F.Ca.ET.045.04.1.1	2493673	S	1625	1167	2792	0.00044
Mesorhizobium sp. B1-1-8	2589976	S	1556	643	2199	0.00035
Mesorhizobium sp. M1E.F.Ca.ET.045.02.1.1	2493672	S	1494	1456	2950	0.00046
Mesorhizobium sp. M1D.F.Ca.ET.043.01.1.1	2493669	S	1479	1787	3266	0.00051
Mesorhizobium sp. M3A.F.Ca.ET.080.04.2.1	2493676	S	1431	749	2180	0.00034
Mesorhizobium sp. M2A.F.Ca.ET.043.05.1.1	2493671	S	1411	2669	4080	0.00064
Mesorhizobium sp. M1A.F.Ca.IN.022.06.1.1	2493680	S	1374	823	2197	0.00034
Mesorhizobium sp. Pch-S	2082387	S	1334	245	1579	0.00025
Mesorhizobium sp. DCY119	2108445	S	1321	405	1726	0.00027
Mesorhizobium sp. 131-2-1	2744518	S	1321	1314	2635	0.00041
Mesorhizobium sp. PAMC28654	2880934	S	1186	344	1530	0.00024
Mesorhizobium sp. INR15	2654248	S	1185	260	1445	0.00023
Mesorhizobium sp. M4B.F.Ca.ET.058.02.1.1	2493675	S	1183	914	2097	0.00033
Mesorhizobium sp. B2-1-8	2589967	S	1032	549	1581	0.00025
Mesorhizobium terrae	2725666	S	1365	564	1929	0.00030
Mesorhizobium opportunistum	593909	S	1322	765	2087	0.00033
Mesorhizobium amorphae	71433	S	1099	345	1444	0.00023
Mesorhizobium loti	381	S	1065	12970	14035	0.00220
Aquibium microcysteis	675281	S	2484	909	3393	0.00053
Aquibium oceanicum	1670800	S	1751	519	2270	0.00036
Aminobacter sp. MSH1	374606	S	1273	2442	3715	0.00058
Nitratireductor sp. SY7	2599600	S	1507	395	1902	0.00030
Roseitalea porphyridii	1852022	S	1370	307	1677	0.00026
Rhizobium sp. WYJ-E13	2849093	S	1195	1622	2817	0.00044
Rhizobium sp. BG4	2613770	S	1113	1679	2792	0.00044
Rhizobium leguminosarum	384	S	4895	12902	17797	0.00279
Rhizobium etli	29449	S	1196	2719	3915	0.00061
Agrobacterium tumefaciens	358	S	2191	4664	6855	0.00108
Agrobacterium vitis	373	S	1311	264	1575	0.00025
Neorhizobium galegae	399	S	2775	1183	3958	0.00062
Sinorhizobium fredii	380	S	2746	4815	7561	0.00119
Sinorhizobium meliloti	382	S	2056	1062	3118	0.00049
Ensifer adhaerens	106592	S	2415	2293	4708	0.00074
Ensifer mexicanus	375549	S	1203	267	1470	0.00023
Shinella sp. HZN7	879274	S	1381	1720	3101	0.00049
Shinella sp. PSBB067	2715959	S	1179	1328	2507	0.00039
Shinella zoogloeoides	352475	S	1189	2432	3621	0.00057
Methylobacterium sp. WL1	2603276	S	1776	614	2390	0.00038
Methylobacterium sp. 17Sr1-1	2202826	S	1660	1449	3109	0.00049
Methylobacterium nodulans	114616	S	3619	699	4318	0.00068
Methylobacterium aquaticum	270351	S	3441	2767	6208	0.00097
Methylobacterium durans	2202825	S	2454	517	2971	0.00047
Methylobacterium currus	2051553	S	2193	1622	3815	0.00060
Methylobacterium radiodurans	2202828	S	2165	788	2953	0.00046
Methylobacterium tardum	374432	S	1776	1172	2948	0.00046
Methylobacterium organophilum	410	S	1749	1880	3629	0.00057
Methylobacterium mesophilicum	39956	S	1731	650	2381	0.00037
Methylobacterium terrae	2202827	S	1717	1446	3163	0.00050
Methylobacterium brachiatum	269660	S	1701	951	2652	0.00042
Methylobacterium indicum	1775910	S	1507	1405	2912	0.00046
Methylobacterium oryzae	334852	S	1457	4265	5722	0.00090
Microvirga sp. VF16	2807101	S	3458	668	4126	0.00065
Microvirga sp. 17 mud 1-3	2082949	S	1721	462	2183	0.00034
Microvirga ossetica	1882682	S	3826	839	4665	0.00073
Microvirga thermotolerans	2651334	S	2168	781	2949	0.00046
Methylorubrum populi	223967	S	3005	1640	4645	0.00073
Methylorubrum extorquens	408	S	2600	4758	7358	0.00115
Methylorubrum sp. B1-46	2897334	S	1096	529	1625	0.00026
Pseudolabrys taiwanensis	331696	S	19366	4331	23697	0.00372
Pseudolabrys sp. FHR47	2562284	S	11851	2803	14654	0.00230
Starkeya sp. ORNL1	2709380	S	3422	924	4346	0.00068
Starkeya novella	921	S	2521	1233	3754	0.00059
Xanthobacter dioxanivorans	2528964	S	2502	2498	5000	0.00078
Ancylobacter sp. TS-1	1850374	S	1871	1018	2889	0.00045
Ancylobacter polymorphus	223390	S	1804	1159	2963	0.00046
Ancylobacter pratisalsi	1745854	S	1517	449	1966	0.00031
Labrys sp. KNU-23	2789216	S	2795	395	3190	0.00050
Azorhizobium caulinodans	7	S	1875	536	2411	0.00038
Rhodoplanes sp. Z2-YC6860	674703	S	30579	3928	34507	0.00541
Hyphomicrobium denitrificans	53399	S	4954	608	5562	0.00087
Hyphomicrobium nitrativorans	1427356	S	1838	205	2043	0.00032
Hyphomicrobium sp. MC1	717785	S	1758	142	1900	0.00030
Methyloceanibacter caenitepidi	1384459	S	1134	284	1418	0.00022
Methyloceanibacter sp. wino2	2170729	S	1119	300	1419	0.00022
Methyloligella sp. GL2	2742204	S	1692	270	1962	0.00031
Aquabacter sp. L1I39	2820278	S	1585	347	1932	0.00030
Rhodomicrobium vannielii	1069	S	1171	109	1280	0.00020
Devosia sp. A16	1736675	S	4725	809	5534	0.00087
Devosia sp. JXJ CY 41	2917991	S	1081	345	1426	0.00022
Devosia sp. SL43	2806348	S	1046	337	1383	0.00022
Devosia ginsengisoli	400770	S	1135	437	1572	0.00025
Devosia beringensis	2657486	S	1065	317	1382	0.00022
Youhaiella tibetensis	1447062	S	1622	438	2060	0.00032
Paradevosia shaoguanensis	1335043	S	1600	780	2380	0.00037
Bosea sp. AS-1	2015316	S	3116	1102	4218	0.00066
Bosea sp. ANAM02	2020412	S	2675	1093	3768	0.00059
Bosea sp. Tri-49	1867715	S	2619	707	3326	0.00052
Bosea sp. F3-2	2599640	S	2568	924	3492	0.00055
Bosea sp. RAC05	1842539	S	2300	862	3162	0.00050
Bosea sp. PAMC 26642	1792307	S	1829	445	2274	0.00036
Bosea vaviloviae	1526658	S	2227	623	2850	0.00045
Aureimonas sp. SA4125	2826993	S	1697	444	2141	0.00034
Aureimonas sp. AU20	1349819	S	1528	329	1857	0.00029
Aureimonas populi	1701758	S	1225	417	1642	0.00026
Aureimonas mangrovi	2758041	S	1200	431	1631	0.00026
Aurantimonas sp. HBX-1	2906072	S	2018	799	2817	0.00044
Pseudorhodoplanes sinuspersici	1235591	S	5420	526	5946	0.00093
Nordella sp. HKS 07	2712222	S	4639	345	4984	0.00078
Terrihabitans soli	708113	S	1328	197	1525	0.00024
Methylocystis parvus	134	S	1293	771	2064	0.00032
Methylocystis bryophila	655015	S	1281	428	1709	0.00027
Methylocystis heyeri	391905	S	1158	481	1639	0.00026
Methylosinus trichosporium	426	S	1731	430	2161	0.00034
Methylosinus sp. C49	2699395	S	1462	359	1821	0.00029
Phreatobacter stygius	1940610	S	3487	674	4161	0.00065
Phreatobacter cathodiphilus	1868589	S	2638	1010	3648	0.00057
Phreatobacter sp. NMCR1094	2570229	S	2046	489	2535	0.00040
Stappia indica	538381	S	1930	628	2558	0.00040
Stappia sp. ES.058	1881061	S	1043	182	1225	0.00019
Roseibium aggregatum	187304	S	1230	245	1475	0.00023
Pannonibacter phragmitetus	121719	S	1398	1238	2636	0.00041
Methylocella silvestris	199596	S	1325	209	1534	0.00024
Methylocella tundrae	227605	S	1212	164	1376	0.00022
Methylovirgula ligni	569860	S	1177	182	1359	0.00021
Blastochloris tepida	2233851	S	2597	1147	3744	0.00059
Blastochloris viridis	1079	S	2268	815	3083	0.00048
Kaustia mangrovi	2593653	S	2431	334	2765	0.00043
Parvibaculum lavamentivorans	256618	S	1204	1379	2583	0.00041
Chelatococcus sp. CO-6	1702325	S	2073	1459	3532	0.00055
Chelatococcus daeguensis	444444	S	1200	819	2019	0.00032
Kaistia sp. 32K	2795690	S	2880	966	3846	0.00060
Acuticoccus sp. I52.16.1	2928472	S	2540	394	2934	0.00046
Breoghania sp. L-A4	2304600	S	1646	296	1942	0.00030
Hartmannibacter diazotrophicus	1482074	S	1622	387	2009	0.00032
Sphingomonas sp. DM2-R-LB4	2899123	S	2856	1464	4320	0.00068
Sphingomonas sp. S8-45	2938948	S	2722	519	3241	0.00051
Sphingomonas sp. HDW15A	2714942	S	2110	274	2384	0.00037
Sphingomonas sp. CL5.1	2653203	S	2058	1023	3081	0.00048
Sphingomonas sp. AK-PDB1-5	2872652	S	2050	505	2555	0.00040
Sphingomonas sp. Cra20	1327635	S	1988	438	2426	0.00038
Sphingomonas sp. MM-1	745310	S	1785	3671	5456	0.00086
Sphingomonas sp. LM7	1938607	S	1779	542	2321	0.00036
Sphingomonas sp. AP4-R1	2735134	S	1733	330	2063	0.00032
Sphingomonas sp. AAP5	1523415	S	1530	570	2100	0.00033
Sphingomonas sp. FARSPH	2219696	S	1437	1840	3277	0.00051
Sphingomonas sp. S2-65	2903960	S	1371	417	1788	0.00028
Sphingomonas sp. NBWT7	2596913	S	1340	735	2075	0.00033
Sphingomonas sp. PAMC26645	2565555	S	1252	518	1770	0.00028
Sphingomonas sp. HMP9	1517554	S	1195	660	1855	0.00029
Sphingomonas lutea	1045317	S	7901	1683	9584	0.00150
Sphingomonas sediminicola	386874	S	5689	922	6611	0.00104
Sphingomonas daechungensis	1176646	S	5038	820	5858	0.00092
Sphingomonas sabuli	2764186	S	4451	891	5342	0.00084
Sphingomonas sinipercae	2714944	S	4224	934	5158	0.00081
Sphingomonas ginsengisoli An et al. 2013	363835	S	4119	927	5046	0.00079
Sphingomonas piscis	2714943	S	2895	439	3334	0.00052
Sphingomonas rhizophila	2071607	S	2839	1224	4063	0.00064
Sphingomonas alpina	653931	S	2557	352	2909	0.00046
Sphingomonas sanxanigenens	397260	S	2287	1683	3970	0.00062
Sphingomonas profundi	2681549	S	2286	602	2888	0.00045
Sphingomonas xanthus	2594473	S	1995	762	2757	0.00043
Sphingomonas hengshuiensis	1609977	S	1779	388	2167	0.00034
Sphingomonas taxi	1549858	S	1713	916	2629	0.00041
Sphingomonas panacis	1560345	S	1659	409	2068	0.00032
Sphingomonas koreensis	93064	S	1551	1908	3459	0.00054
Sphingomonas panacisoli	1813879	S	1518	342	1860	0.00029
Sphingomonas changnyeongensis	2698679	S	1391	435	1826	0.00029
Sphingomonas radiodurans	2890321	S	1263	281	1544	0.00024
Sphingomonas suaedae	2599297	S	1212	261	1473	0.00023
Sphingomonas insulae	424800	S	1128	556	1684	0.00026
Sphingomonas aliaeris	2759526	S	1125	233	1358	0.00021
Sphingobium sp. TKS	1315974	S	4561	10974	15535	0.00244
Sphingobium sp. SYK-6	627192	S	1327	557	1884	0.00030
Sphingobium yanoikuyae	13690	S	1574	5438	7012	0.00110
Sphingobium indicum	332055	S	1330	1985	3315	0.00052
Sphingobium chlorophenolicum	46429	S	1313	915	2228	0.00035
Novosphingobium sp. Sx8-5	2896849	S	2123	612	2735	0.00043
Novosphingobium sp. Gsoil 351	2675225	S	1635	224	1859	0.00029
Novosphingobium sp. EMRT-2	2571749	S	1596	1448	3044	0.00048
Novosphingobium sp. P6W	1609758	S	1479	432	1911	0.00030
Novosphingobium sp. ES2-1	2780074	S	1034	1037	2071	0.00032
Novosphingobium resinovorum	158500	S	1932	1603	3535	0.00055
Novosphingobium aromaticivorans	48935	S	1452	1366	2818	0.00044
Novosphingobium decolorationis	2698673	S	1259	1102	2361	0.00037
Sphingopyxis sp. YF1	2482763	S	1173	550	1723	0.00027
Sphingopyxis sp. QXT-31	1357916	S	1137	730	1867	0.00029
Sphingopyxis sp. OPL5	2486273	S	1132	483	1615	0.00025
Sphingopyxis macrogoltabida	33050	S	2018	2593	4611	0.00072
Sphingopyxis terrae	33052	S	1043	1593	2636	0.00041
Rhizorhabdus wittichii	160791	S	2729	2331	5060	0.00079
Rhizorhabdus dicambivorans	1850238	S	1631	1833	3464	0.00054
Rhizorhabdus phycosphaerae	2711156	S	1270	217	1487	0.00023
Sphingosinithalassobacter sp. CS137	2762748	S	1274	387	1661	0.00026
Sphingosinithalassobacter tenebrarum	2711215	S	1114	510	1624	0.00025
Allosphingosinicella indica	941907	S	2147	407	2554	0.00040
Parasphingopyxis algicola	2026624	S	1135	107	1242	0.00019
Erythrobacter litoralis	39960	S	1346	1163	2509	0.00039
Porphyrobacter sp. CACIAM 03H1	2003315	S	1034	597	1631	0.00026
Qipengyuania flava	192812	S	1562	1954	3516	0.00055
Altererythrobacter sp. B11	2060312	S	1173	1033	2206	0.00035
Croceicoccus marinus	450378	S	1224	1255	2479	0.00039
Tsuneonella amylolytica	2338327	S	1044	488	1532	0.00024
Tsuneonella dongtanensis	692370	S	1023	324	1347	0.00021
Sphingosinicella sp. BN140058	1892855	S	2513	349	2862	0.00045
Sphingosinicella flava	2771430	S	1127	238	1365	0.00021
Sphingosinicella microcystinivorans	335406	S	1102	210	1312	0.00021
Azospirillum sp. B510	137722	S	1364	679	2043	0.00032
Azospirillum sp. TSH100	652764	S	1133	700	1833	0.00029
Azospirillum sp. TSA2s	709810	S	1091	1151	2242	0.00035
Azospirillum brasilense	192	S	4411	5503	9914	0.00156
Azospirillum thermophilum	2202148	S	2791	910	3701	0.00058
Azospirillum thiophilum	528244	S	1603	743	2346	0.00037
Azospirillum ramasamyi	682998	S	1000	821	1821	0.00029
Skermanella mucosa	1789672	S	1594	1122	2716	0.00043
Skermanella sp. TT6	2775420	S	1543	1659	3202	0.00050
Skermanella pratensis	2233999	S	1380	798	2178	0.00034
Skermanella rosea	1817965	S	1359	1229	2588	0.00041
Nitrospirillum amazonense	28077	S	1873	306	2179	0.00034
Indioceanicola profundi	2220096	S	1337	254	1591	0.00025
Roseomonas sp. OT10	2897332	S	2978	1184	4162	0.00065
Roseomonas sp. S08	1750527	S	2763	359	3122	0.00049
Roseomonas gilardii	257708	S	2438	3147	5585	0.00088
Roseomonas haemaphysalidis	2768162	S	2063	479	2542	0.00040
Roseomonas marmotae	2768161	S	1734	429	2163	0.00034
Rhodovastum atsumiense	504468	S	3681	806	4487	0.00070
Roseococcus microcysteis	2771361	S	1850	482	2332	0.00037
Sediminicoccus rosea	1225128	S	1584	234	1818	0.00029
Acidibrevibacterium fodinaquatile	1969806	S	1542	267	1809	0.00028
Lichenicola cladoniae	1484109	S	1540	182	1722	0.00027
Hypericibacter terrae	2602015	S	4056	590	4646	0.00073
Hypericibacter adhaerens	2602016	S	3967	760	4727	0.00074
Magnetospirillum gryphiswaldense	55518	S	1125	135232	136357	0.02140
Rhodospirillum centenum	34018	S	1694	342	2036	0.00032
Tistrella mobilis	171437	S	1982	1546	3528	0.00055
Ferrovibrio terrae	2594003	S	1599	144	1743	0.00027
Defluviicoccus vanus	111831	S	1088	135	1223	0.00019
Stella humosa	94	S	4111	413	4524	0.00071
Elioraea tepida	2843330	S	2003	149	2152	0.00034
Paracoccus sanguinis	1545044	S	1073	2636	3709	0.00058
Cereibacter sphaeroides	1063	S	2383	3173	5556	0.00087
Polymorphum gilvum	991904	S	1669	618	2287	0.00036
Paroceanicella profunda	2579971	S	1566	1466	3032	0.00048
Pikeienuella piscinae	2748098	S	1126	197	1323	0.00021
Pontivivens ytuae	2789856	S	1017	190	1207	0.00019
Salipiger profundus	1229727	S	1088	2556	3644	0.00057
Roseivivax marinus	1379903	S	1038	752	1790	0.00028
Caulobacter sp. S6	2823693	S	2998	451	3449	0.00054
Caulobacter sp. FWC26	69665	S	1019	512	1531	0.00024
Caulobacter segnis	88688	S	3431	1331	4762	0.00075
Caulobacter mirabilis	69666	S	2542	636	3178	0.00050
Caulobacter vibrioides	155892	S	2211	1052	3263	0.00051
Caulobacter flavus	1679497	S	2195	758	2953	0.00046
Caulobacter rhizosphaerae	2010972	S	2036	694	2730	0.00043
Caulobacter soli	2708539	S	1989	739	2728	0.00043
Brevundimonas naejangsanensis	588932	S	1362	3214	4576	0.00072
Phenylobacterium zucineum	284016	S	6454	1773	8227	0.00129
Phenylobacterium parvum	2201350	S	1565	236	1801	0.00028
Terricaulis silvestris	2686094	S	1195	56	1251	0.00020
Marinicauda algicola	2029849	S	1204	267	1471	0.00023
Burkholderia multivorans	87883	S	3625	2787	6412	0.00101
Burkholderia ubonensis	101571	S	3327	3712	7039	0.00110
Burkholderia cenocepacia	95486	S	2989	16716	19705	0.00309
Burkholderia anthina	179879	S	2722	4557	7279	0.00114
Burkholderia cepacia	292	S	2516	3836	6352	0.00100
Burkholderia pyrrocinia	60550	S	1576	1580	3156	0.00050
Burkholderia contaminans	488447	S	1394	1586	2980	0.00047
Burkholderia ambifaria	152480	S	1339	2153	3492	0.00055
Burkholderia stagnalis	1503054	S	1116	690	1806	0.00028
Burkholderia stabilis	95485	S	1113	1435	2548	0.00040
Burkholderia lata	482957	S	1007	1627	2634	0.00041
Burkholderia pseudomallei	28450	S	1447	17405	18852	0.00296
Burkholderia mayonis	1385591	S	1040	410	1450	0.00023
Burkholderia thailandensis	57975	S	1012	2787	3799	0.00060
Burkholderia sp. DHOD12	2571746	S	1684	1308	2992	0.00047
Burkholderia gladioli	28095	S	4004	2348	6352	0.00100
Burkholderia glumae	337	S	1400	948	2348	0.00037
Burkholderia plantarii	41899	S	1033	701	1734	0.00027
Cupriavidus taiwanensis	164546	S	8474	12415	20889	0.00328
Cupriavidus pauculus	82633	S	5249	3877	9126	0.00143
Cupriavidus pinatubonensis	248026	S	3526	1035	4561	0.00072
Cupriavidus campinensis	151783	S	3080	1902	4982	0.00078
Cupriavidus basilensis	68895	S	3079	2885	5964	0.00094
Cupriavidus necator	106590	S	2917	4536	7453	0.00117
Cupriavidus sp. EM10	2839983	S	1407	1496	2903	0.00046
Cupriavidus oxalaticus	96344	S	2698	2010	4708	0.00074
Cupriavidus metallidurans	119219	S	1775	1974	3749	0.00059
Paraburkholderia edwinii	2861782	S	2974	754	3728	0.00059
Paraburkholderia sp. SOS3	1926494	S	1398	408	1806	0.00028
Paraburkholderia aromaticivorans	2026199	S	1899	1552	3451	0.00054
Paraburkholderia pallida	2547399	S	1823	607	2430	0.00038
Paraburkholderia caribensis	75105	S	1523	2116	3639	0.00057
Paraburkholderia tropica	92647	S	1460	602	2062	0.00032
Paraburkholderia acidisoli	2571748	S	1457	483	1940	0.00030
Paraburkholderia acidiphila	2571747	S	1323	474	1797	0.00028
Paraburkholderia graminis	60548	S	1277	586	1863	0.00029
Paraburkholderia phytofirmans	261302	S	1208	978	2186	0.00034
Paraburkholderia terricola	169427	S	1169	644	1813	0.00028
Paraburkholderia atlantica	2654982	S	1133	513	1646	0.00026
Paraburkholderia phymatum	148447	S	1119	535	1654	0.00026
Paraburkholderia sprentiae	948107	S	1068	433	1501	0.00024
Paraburkholderia megapolitana	420953	S	1012	177	1189	0.00019
Paraburkholderia fungorum	134537	S	1009	442	1451	0.00023
Paraburkholderia phenoliruptrix	252970	S	1003	541	1544	0.00024
Pandoraea sp. XY-2	2518599	S	2059	2085	4144	0.00065
Pandoraea pnomenusa	93220	S	1322	1304	2626	0.00041
Pandoraea pulmonicola	93221	S	1080	514	1594	0.00025
Pandoraea thiooxydans	445709	S	1077	160	1237	0.00019
Ralstonia solanacearum	305	S	3373	9744	13117	0.00206
Caballeronia sp. Lep1P3	2878150	S	1105	2101	3206	0.00050
Caballeronia zhejiangensis	871203	S	1373	528	1901	0.00030
Caballeronia insecticola	758793	S	1245	431	1676	0.00026
Caballeronia grimmiae	1071679	S	1115	965	2080	0.00033
Variovorax sp. HW608	1034889	S	3062	967	4029	0.00063
Variovorax sp. PBS-H4	434008	S	1745	2132	3877	0.00061
Variovorax sp. PBL-H6	434009	S	1671	3893	5564	0.00087
Variovorax sp. RA8	662548	S	1593	2687	4280	0.00067
Variovorax sp. WDL1	207745	S	1535	5090	6625	0.00104
Variovorax sp. RKNM96	2681552	S	1334	852	2186	0.00034
Variovorax sp. PAMC 28711	1795631	S	1242	391	1633	0.00026
Variovorax sp. PAMC26660	2762322	S	1162	523	1685	0.00026
Variovorax sp. PAMC28562	2762323	S	1108	177	1285	0.00020
Variovorax paradoxus	34073	S	6829	9644	16473	0.00258
Variovorax boronicumulans	436515	S	1074	1118	2192	0.00034
Hydrogenophaga sp. BA0156	2716225	S	1613	2165	3778	0.00059
Hydrogenophaga sp. BPS33	2651974	S	1439	2070	3509	0.00055
Hydrogenophaga sp. YM1	2806262	S	1438	1384	2822	0.00044
Hydrogenophaga sp. PBC	795665	S	1296	2776	4072	0.00064
Hydrogenophaga sp. SL48	2806347	S	1126	1111	2237	0.00035
Acidovorax avenae	80867	S	2093	2669	4762	0.00075
Acidovorax antarcticus	2743470	S	1110	1587	2697	0.00042
Acidovorax monticola	1926868	S	1080	798	1878	0.00029
Comamonas serinivorans	1082851	S	1057	1485	2542	0.00040
Ramlibacter tataouinensis	94132	S	7024	4863	11887	0.00187
Rhodoferax koreense	1842727	S	1784	1740	3524	0.00055
Rhodoferax sediminis	2509614	S	1329	375	1704	0.00027
Schlegelella thermodepolymerans	215580	S	2144	1836	3980	0.00062
Schlegelella brevitalea	413882	S	2081	527	2608	0.00041
Polaromonas sp. JS666	296591	S	1633	1186	2819	0.00044
Kinneretia sp. DAIF2	2714952	S	1880	1224	3104	0.00049
Alicycliphilus denitrificans	179636	S	1837	6076	7913	0.00124
Massilia sp. WG5	1707785	S	2306	2057	4363	0.00068
Massilia sp. HC52	2852099	S	1899	1378	3277	0.00051
Massilia sp. LPB0304	2769491	S	1548	1358	2906	0.00046
Massilia sp. DM-R-R2A-13	2899220	S	1449	844	2293	0.00036
Massilia sp. YMA4	1593482	S	1298	1191	2489	0.00039
Massilia sp. NP310	2861282	S	1181	1371	2552	0.00040
Massilia putida	1141883	S	2684	1232	3916	0.00061
Massilia violaceinigra	2045208	S	2381	923	3304	0.00052
Massilia flava	871742	S	2060	758	2818	0.00044
Massilia albidiflava	321983	S	1372	748	2120	0.00033
Massilia umbonata	864828	S	1357	757	2114	0.00033
Massilia lutea	321985	S	1352	588	1940	0.00030
Massilia plicata	321984	S	1291	504	1795	0.00028
Massilia armeniaca	2072590	S	1253	867	2120	0.00033
Massilia oculi	945844	S	1025	836	1861	0.00029
Massilia antarctica	2765360	S	1016	486	1502	0.00024
Duganella sp. GN2-R2	2728020	S	1874	1195	3069	0.00048
Duganella sp. AF9R3	2728021	S	1215	390	1605	0.00025
Herbaspirillum robiniae	2014887	S	1298	1228	2526	0.00040
Herbaspirillum hiltneri	341045	S	1010	425	1435	0.00023
Janthinobacterium agaricidamnosum	55508	S	1148	2713	3861	0.00061
Collimonas fungivorans	158899	S	1099	536	1635	0.00026
Noviherbaspirillum sp. UKPF54	2601898	S	1856	546	2402	0.00038
Achromobacter xylosoxidans	85698	S	3706	10790	14496	0.00227
Achromobacter sp. AONIH1	1758194	S	1182	3307	4489	0.00070
Achromobacter spanius	217203	S	1940	1418	3358	0.00053
Achromobacter denitrificans	32002	S	1747	2187	3934	0.00062
Achromobacter deleyi	1353891	S	1361	1626	2987	0.00047
Bordetella sp. H567	1697043	S	1242	510	1752	0.00027
Bordetella sp. N	1746199	S	1173	297	1470	0.00023
Bordetella bronchialis	463025	S	1517	792	2309	0.00036
Bordetella genomosp. 8	1416806	S	1448	721	2169	0.00034
Bordetella genomosp. 13	463040	S	1409	2067	3476	0.00055
Bordetella flabilis	463014	S	1251	308	1559	0.00024
Bordetella genomosp. 9	1416803	S	1145	734	1879	0.00029
Bordetella hinzii	103855	S	1065	2356	3421	0.00054
Pigmentiphaga sp. H8	2488560	S	2397	560	2957	0.00046
Orrella dioscoreae	1851544	S	1040	686	1726	0.00027
Castellaniella defragrans	75697	S	1274	1631	2905	0.00046
Rhizobacter sp. AJA081-3	2753607	S	2801	1182	3983	0.00063
Rhizobacter gummiphilus	946333	S	2653	897	3550	0.00056
Methylibium petroleiphilum	105560	S	1359	1886	3245	0.00051
Methylibium sp. Pch-M	2082386	S	1189	1356	2545	0.00040
Sphaerotilus natans	34103	S	1841	1220	3061	0.00048
Sphaerotilus sp. FB-5	2914710	S	1810	2082	3892	0.00061
Rubrivivax gelatinosus	28068	S	2886	1537	4423	0.00069
Thiomonas sp. X19	1050370	S	1008	912	1920	0.00030
Mitsuaria sp. 7	1658665	S	2127	717	2844	0.00045
Aquincola tertiaricarbonis	391953	S	2078	1261	3339	0.00052
Leptothrix cholodnii	34029	S	1958	1040	2998	0.00047
Xylophilus rhododendri	2697032	S	1626	846	2472	0.00039
Ideonella dechloratans	36863	S	1109	1178	2287	0.00036
Tepidimonas taiwanensis	307486	S	1039	694	1733	0.00027
Thauera sp. MZ1T	85643	S	1952	3747	5699	0.00089
Thauera sp. K11	2005884	S	1822	1890	3712	0.00058
Thauera humireducens	1134435	S	1213	1358	2571	0.00040
Azoarcus sp. KH32C	748247	S	1854	557	2411	0.00038
Azoarcus sp. DD4	2027405	S	1421	1484	2905	0.00046
Azoarcus olearius	418699	S	1653	949	2602	0.00041
Azoarcus communis	41977	S	1262	866	2128	0.00033
Nitrogeniibacter mangrovi	2016596	S	1435	520	1955	0.00031
Aromatoleum petrolei	76116	S	1837	700	2537	0.00040
Aromatoleum aromaticum	551760	S	1461	1452	2913	0.00046
Aromatoleum pumilum	2067960	S	1256	838	2094	0.00033
Aromatoleum bremense	76115	S	1139	965	2104	0.00033
Azospira restricta	404405	S	2965	3223	6188	0.00097
Niveibacterium microcysteis	2811415	S	1119	291	1410	0.00022
Dechloromonas denitrificans	281362	S	1219	530	1749	0.00027
Ferribacterium limneticum	76259	S	1589	457	2046	0.00032
Usitatibacter rugosus	2732067	S	7254	1370	8624	0.00135
Usitatibacter palustris	2732487	S	5485	1095	6580	0.00103
Denitratisoma sp. DHT3	1981880	S	1125	1544	2669	0.00042
Sulfuritalea hydrogenivorans	748811	S	1409	373	1782	0.00028
Methyloversatilis sp. RAC08	1842540	S	1227	307	1534	0.00024
Nitrosospira lacus	1288494	S	1272	464	1736	0.00027
Nitrosospira multiformis	1231	S	1166	359	1525	0.00024
Thiobacillus denitrificans	36861	S	1746	635	2381	0.00037
Sulfuritortus calidifontis	1914471	S	1144	915	2059	0.00032
Jeongeupia sp. USM3	1906741	S	1224	671	1895	0.00030
Pseudogulbenkiania sp. NH8B	748280	S	1108	1030	2138	0.00034
Crenobacter cavernae	2290923	S	1279	1160	2439	0.00038
Lysobacter sp. KIS68-7	2904252	S	1963	780	2743	0.00043
Lysobacter sp. TY2-98	2290922	S	1736	571	2307	0.00036
Lysobacter sp. 5GHs7-4	2904253	S	1261	797	2058	0.00032
Lysobacter enzymogenes	69	S	3962	2849	6811	0.00107
Lysobacter capsici	435897	S	2597	5351	7948	0.00125
Lysobacter soli	453783	S	1950	804	2754	0.00043
Lysobacter antibioticus	84531	S	1438	603	2041	0.00032
Lysobacter solisilvae (ex Woo and Kim 2022)	2865112	S	1391	816	2207	0.00035
Lysobacter lycopersici	1324796	S	1376	577	1953	0.00031
Lysobacter solisilvae (ex Kim et al. 2021)	2763317	S	1321	527	1848	0.00029
Lysobacter maris	1605891	S	1206	582	1788	0.00028
Xanthomonas translucens	343	S	1857	7878	9735	0.00153
Xanthomonas campestris	339	S	1406	3963	5369	0.00084
Stenotrophomonas maltophilia	40324	S	4347	13257	17604	0.00276
Stenotrophomonas rhizophila	216778	S	1767	1076	2843	0.00045
Luteimonas sp. S4-F44	2925842	S	1127	542	1669	0.00026
Luteimonas sp. MC1750	2799326	S	1034	1043	2077	0.00033
Luteimonas granuli	1176533	S	1018	883	1901	0.00030
Pseudoxanthomonas suwonensis	314722	S	2167	2131	4298	0.00067
Pseudoxanthomonas sp. X-1	2571115	S	1153	1972	3125	0.00049
Pseudoxanthomonas mexicana	128785	S	1094	2423	3517	0.00055
Thermomonas brevis	215691	S	1031	936	1967	0.00031
Arenimonas daejeonensis	370777	S	1222	509	1731	0.00027
Pseudolysobacter antarcticus	2511995	S	1127	69	1196	0.00019
Rhodanobacter denitrificans	666685	S	3918	1871	5789	0.00091
Rhodanobacter thiooxydans	416169	S	2851	1474	4325	0.00068
Rhodanobacter sp. FDAARGOS 1247	2778082	S	1793	870	2663	0.00042
Frateuria sp. 5GH9-34	2898793	S	7168	2876	10044	0.00158
Frateuria sp. 5GH9-11	1542730	S	1883	956	2839	0.00045
Luteibacter sp. 321	2911537	S	1262	1099	2361	0.00037
Dyella thiooxydans	445710	S	1919	1124	3043	0.00048
Dokdonella koreensis	323415	S	3163	1013	4176	0.00066
Aerosticca soli	2010829	S	1273	2984	4257	0.00067
Pseudomonas sp. S34	1573718	S	1063	4491	5554	0.00087
Pseudomonas fluorescens	294	S	3276	5426	8702	0.00137
Pseudomonas aeruginosa	287	S	3080	52035	55115	0.00865
Pseudomonas mendocina	300	S	1202	961	2163	0.00034
Pseudomonas putida	303	S	4346	16739	21085	0.00331
Pseudomonas oryzihabitans	47885	S	1120	542	1662	0.00026
Pseudomonas stutzeri	316	S	4384	5839	10223	0.00160
Pseudomonas chlororaphis	587753	S	1924	4179	6103	0.00096
Pseudomonas otitidis	319939	S	1121	595	1716	0.00027
Pseudomonas knackmussii	65741	S	1059	1866	2925	0.00046
Pseudomonas psychrotolerans	237610	S	1032	526	1558	0.00024
Spiribacter sp. E85	2182432	S	1478	505	1983	0.00031
Candidatus Thiodictyon syntrophicum	1166950	S	1324	225	1549	0.00024
Marichromatium purpuratum	37487	S	1212	722	1934	0.00030
Thioflavicoccus mobilis	80679	S	1185	316	1501	0.00024
Solimonas sp. K1W22B-7	2303331	S	2325	545	2870	0.00045
Steroidobacter denitrificans	465721	S	2569	2428	4997	0.00078
Sulfurifustis variabilis	1675686	S	2824	366	3190	0.00050
Sulfuricaulis limicola	1620215	S	1214	199	1413	0.00022
Immundisolibacter cernigliae	1810504	S	1451	602	2053	0.00032
Myxococcus xanthus	34	S	3795	19054	22849	0.00359
Myxococcus hansupus	1297742	S	2057	257	2314	0.00036
Myxococcus stipitatus	83455	S	1857	285	2142	0.00034
Myxococcus sp. SCHIC003	2813577	S	1530	235	1765	0.00028
Corallococcus coralloides	184914	S	3834	1728	5562	0.00087
Corallococcus macrosporus	35	S	2173	527	2700	0.00042
Corallococcus sp. EGB	1521117	S	2088	860	2948	0.00046
Pyxidicoccus sp. SCPEA002	2813578	S	4869	359	5228	0.00082
Anaeromyxobacter sp. Red232	2918170	S	7247	1114	8361	0.00131
Anaeromyxobacter sp. Fw109-5	404589	S	5358	1009	6367	0.00100
Anaeromyxobacter sp. Red630	2918171	S	5201	1096	6297	0.00099
Anaeromyxobacter sp. K	447217	S	1203	2751	3954	0.00062
Anaeromyxobacter dehalogenans	161493	S	4061	3502	7563	0.00119
Archangium violaceum	83451	S	7341	1810	9151	0.00144
Archangium gephyra	48	S	3646	1023	4669	0.00073
Cystobacter fuscus	43	S	3395	1112	4507	0.00071
Stigmatella aurantiaca	41	S	3228	377	3605	0.00057
Melittangium boletus	83453	S	2411	731	3142	0.00049
Vulgatibacter incomptus	1391653	S	3218	438	3656	0.00057
Sorangium cellulosum	56	S	42194	6792	48986	0.00769
Polyangium aurulentum	2567896	S	9430	1036	10466	0.00164
Chondromyces crocatus	52	S	4520	254	4774	0.00075
Sandaracinus amylolyticus	927083	S	15436	1292	16728	0.00262
Labilithrix luteola	1391654	S	8427	475	8902	0.00140
Haliangium ochraceum	80816	S	7008	728	7736	0.00121
Geomonas sp. RF6	2897342	S	1100	1690	2790	0.00044
Desulfuromonas versatilis	2802975	S	1203	642	1845	0.00029
Persicimonas caeni	2292766	S	2380	149	2529	0.00040
Gemmata obscuriglobus	114	S	6311	1131	7442	0.00117
Gemmata massiliana	1210884	S	2970	1335	4305	0.00068
Gemmata sp. SH-PL17	1630693	S	2708	1368	4076	0.00064
Urbifossiella limnaea	2528023	S	11978	1299	13277	0.00208
Frigoriglobus tundricola	2774151	S	7875	1435	9310	0.00146
Limnoglobus roseus	2598579	S	6063	333	6396	0.00100
Aquisphaera giovannonii	406548	S	9896	1901	11797	0.00185
Tautonia plasticadhaerens	2527974	S	8557	884	9441	0.00148
Paludisphaera borealis	1387353	S	7398	1674	9072	0.00142
Singulisphaera acidiphila	466153	S	5720	859	6579	0.00103
Lignipirellula cremea	2528010	S	1762	306	2068	0.00032
Anatilimnocola aggregata	2528021	S	1666	270	1936	0.00030
Bremerella volcania	2527984	S	1160	114	1274	0.00020
Lacipirellula parvula	2650471	S	2671	377	3048	0.00048
Lacipirellula limnantheis	2528024	S	2337	378	2715	0.00043
Pirellulimonas nuda	2528009	S	2437	371	2808	0.00044
Botrimarina mediterranea	2528022	S	2230	284	2514	0.00039
Planctomyces sp. SH-PL62	1636152	S	5637	2077	7714	0.00121
Planctomyces sp. SH-PL14	1632864	S	2836	250	3086	0.00048
Alienimonas californiensis	2527989	S	1847	187	2034	0.00032
Maioricimonas rarisocia	2528026	S	1801	312	2113	0.00033
Caulifigura coniformis	2527983	S	1793	160	1953	0.00031
Humisphaera borealis	2807512	S	4171	153	4324	0.00068
Phycisphaera mikurensis	547188	S	1701	205	1906	0.00030
Opitutus sp. GAS368	1882749	S	3298	609	3907	0.00061
Opitutus terrae	107709	S	3082	193	3275	0.00051
Lacunisphaera limnophila	1838286	S	1882	339	2221	0.00035
Oleiharenicola sp. KSB-15	2862869	S	1380	97	1477	0.00023
Nibricoccus aquaticus	2576891	S	1144	66	1210	0.00019
Verrucomicrobium sp. GAS474	1882831	S	1225	292	1517	0.00024
Niastella koreensis	354356	S	13010	1631	14641	0.00230
Rhodothermus marinus	29549	S	1827	277	2104	0.00033
Rhodocaloribacter litoris	2558931	S	1797	482	2279	0.00036
Salinibacter ruber	146919	S	1224	65	1289	0.00020
Gemmatirosa kalamazoonesis	861299	S	31701	4608	36309	0.00570
Gemmatimonas groenlandica	2732249	S	4740	578	5318	0.00083
Gemmatimonas aurantiaca	173480	S	3327	365	3692	0.00058
Gemmatimonas phototrophica	1379270	S	2726	393	3119	0.00049
Granulicella sp. WH15	2602070	S	1640	343	1983	0.00031
Granulicella sp. 5B5	1617967	S	1315	250	1565	0.00025
Granulicella mallensis	940614	S	1324	184	1508	0.00024
Granulicella tundricola	940615	S	1042	158	1200	0.00019
Terriglobus roseus	392734	S	1842	488	2330	0.00037
Terriglobus albidus	1592106	S	1305	159	1464	0.00023
Candidatus Koribacter versatilis	658062	S	3882	174	4056	0.00064
Acidobacterium sp. 4Y35	2763107	S	1803	157	1960	0.00031
Acidobacterium capsulatum	33075	S	1729	275	2004	0.00031
Edaphobacter sp. 12200R-103	2703788	S	1350	286	1636	0.00026
Acidisarcina polymorpha	2211140	S	1175	106	1281	0.00020
Paludibaculum fermentans	1473598	S	3960	144	4104	0.00064
Luteitalea sp. TBR-22	2802971	S	12636	2869	15505	0.00243
Luteitalea pratensis	1855912	S	10525	1453	11978	0.00188
Sulfidibacter corallicola	2818388	S	1014	33	1047	0.00016
Nitrospira moscoviensis	42253	S	1814	277	2091	0.00033
Fusarium acuminatum	5515	S	2721	1305	4026	0.00063
Pseudozyma flocculosa	84751	S	1141	194	1335	0.00021
