name	taxonomy_id	taxonomy_lvl	kraken_assigned_reads	added_reads	new_est_reads	fraction_total_reads
Hyphomicrobiales	356	O	1665759	65965	1731724	0.17627
Sphingomonadales	204457	O	355032	32176	387208	0.03941
Rhodospirillales	204441	O	137430	93033	230463	0.02346
Rhodobacterales	204455	O	90361	4934	95295	0.00970
Caulobacterales	204458	O	67516	5160	72676	0.00740
Maricaulales	2800059	O	2885	213	3098	0.00032
Hyphomonadales	2800060	O	2436	72	2508	0.00026
Burkholderiales	80840	O	787831	143064	930895	0.09475
Nitrosomonadales	32003	O	43311	3332	46643	0.00475
Rhodocyclales	206389	O	41553	8649	50202	0.00511
Neisseriales	206351	O	25710	5107	30817	0.00314
Xanthomonadales	135614	O	323508	37230	360738	0.03672
Pseudomonadales	72274	O	242865	67653	310518	0.03161
Enterobacterales	91347	O	67409	77526	144935	0.01475
Chromatiales	135613	O	28763	1546	30309	0.00309
Oceanospirillales	135619	O	28258	2851	31109	0.00317
Aeromonadales	135624	O	10772	6680	17452	0.00178
Methylococcales	135618	O	9871	310	10181	0.00104
Nevskiales	1775403	O	7058	842	7900	0.00080
Alteromonadales	135622	O	6783	636	7419	0.00076
Cellvibrionales	1706369	O	6096	222	6318	0.00064
Acidiferrobacterales	1692040	O	5240	179	5419	0.00055
Vibrionales	135623	O	3849	416	4265	0.00043
Legionellales	118969	O	3708	168	3876	0.00039
Moraxellales	2887326	O	2359	521	2880	0.00029
Immundisolibacterales	1934945	O	1814	1911	3725	0.00038
Thiotrichales	72273	O	1607	69	1676	0.00017
Pasteurellales	135625	O	1017	321	1338	0.00014
Myxococcales	29	O	191664	27828	219492	0.02234
Desulfuromonadales	69541	O	17964	1058	19022	0.00194
Desulfovibrionales	213115	O	13150	748	13898	0.00141
Desulfobacterales	213118	O	4768	280	5048	0.00051
Bradymonadales	1779134	O	3734	78	3812	0.00039
Syntrophobacterales	213462	O	1018	157	1175	0.00012
Campylobacterales	213849	O	2318	135	2453	0.00025
Bdellovibrionales	213481	O	1751	18	1769	0.00018
Acidithiobacillales	225057	O	1203	83	1286	0.00013
Streptomycetales	85011	O	1062130	180355	1242485	0.12647
Micrococcales	85006	O	669810	81476	751286	0.07647
Propionibacteriales	85009	O	405681	58488	464169	0.04725
Corynebacteriales	85007	O	393300	37377	430677	0.04384
Pseudonocardiales	85010	O	301204	36253	337457	0.03435
Streptosporangiales	85012	O	295898	38624	334522	0.03405
Micromonosporales	85008	O	278547	30282	308829	0.03143
Geodermatophilales	1643682	O	64688	12850	77538	0.00789
Nakamurellales	1643684	O	59166	8105	67271	0.00685
Frankiales	85013	O	18858	1477	20335	0.00207
Actinomycetales	2037	O	18375	2137	20512	0.00209
Jiangellales	1217098	O	12027	1665	13692	0.00139
Bifidobacteriales	85004	O	7335	1527	8862	0.00090
Catenulisporales	414714	O	5008	573	5581	0.00057
Jatrophihabitantales	2805415	O	4190	287	4477	0.00046
Glycomycetales	85014	O	2714	173	2887	0.00029
Kineosporiales	622452	O	2570	559	3129	0.00032
Sporichthyales	2495578	O	1493	564	2057	0.00021
Actinopolysporales	622450	O	1195	96	1291	0.00013
Solirubrobacterales	588673	O	81960	9837	91797	0.00934
Miltoncostaeales	2843198	O	16750	1741	18491	0.00188
Rubrobacterales	84996	O	45632	4914	50546	0.00514
Acidimicrobiales	84993	O	22311	1957	24268	0.00247
Eggerthellales	1643822	O	6192	827	7019	0.00071
Coriobacteriales	84999	O	4568	771	5339	0.00054
Egibacterales	1747768	O	2617	122	2739	0.00028
Egicoccales	1755823	O	2311	283	2594	0.00026
Euzebyales	908621	O	2187	142	2329	0.00024
Bacillales	1385	O	58795	22485	81280	0.00827
Lactobacillales	186826	O	3733	2657	6390	0.00065
Eubacteriales	186802	O	15684	2953	18637	0.00190
Thermoanaerobacterales	68295	O	1906	247	2153	0.00022
Selenomonadales	909929	O	2013	101	2114	0.00022
Limnochordales	1676649	O	1205	36	1241	0.00013
Synechococcales	1890424	O	9960	798	10758	0.00110
Nostocales	1161	O	3888	428	4316	0.00044
Pseudanabaenales	2881377	O	2586	162	2748	0.00028
Oscillatoriales	1150	O	1590	187	1777	0.00018
Gloeobacterales	307595	O	2299	46	2345	0.00024
Deinococcales	118964	O	15839	1441	17280	0.00176
Thermales	68933	O	5310	266	5576	0.00057
Trueperales	2762275	O	1086	47	1133	0.00012
Sphaerobacterales	85001	O	3193	194	3387	0.00034
Chloroflexales	32064	O	2958	118	3076	0.00031
Tepidiformales	2682226	O	1786	63	1849	0.00019
Ardenticatenales	1382929	O	1767	29	1796	0.00018
Ktedonobacterales	388448	O	1109	37	1146	0.00012
Fimbriimonadales	1663425	O	1190	5	1195	0.00012
Gemmatales	2691355	O	69138	1758	70896	0.00722
Isosphaerales	2691356	O	53235	4306	57541	0.00586
Planctomycetales	112	O	29998	3245	33243	0.00338
Pirellulales	2691354	O	27525	527	28052	0.00286
Tepidisphaerales	1771349	O	6006	137	6143	0.00063
Phycisphaerales	666506	O	3006	158	3164	0.00032
Opitutales	415000	O	19958	818	20776	0.00211
Verrucomicrobiales	48461	O	7760	1054	8814	0.00090
Chitinophagales	1853229	O	51467	397	51864	0.00528
Sphingobacteriales	200666	O	34638	1518	36156	0.00368
Cytophagales	768507	O	22483	418	22901	0.00233
Flavobacteriales	200644	O	12754	826	13580	0.00138
Bacteroidales	171549	O	7369	1414	8783	0.00089
Bacteroidetes Order II. Incertae sedis	1100069	O	5251	196	5447	0.00055
Chlorobiales	191411	O	2184	252	2436	0.00025
Gemmatimonadales	219686	O	58121	2644	60765	0.00619
Acidobacteriales	204433	O	24902	448	25350	0.00258
Bryobacterales	332160	O	5519	126	5645	0.00057
Vicinamibacterales	2910145	O	22771	3014	25785	0.00262
Acanthopleuribacterales	533206	O	1126	20	1146	0.00012
Nitrospirales	189778	O	5725	65	5790	0.00059
Spirochaetales	136	O	1699	92	1791	0.00018
Synergistales	649776	O	1836	125	1961	0.00020
Hypocreales	5125	O	22519	527	23046	0.00235
Glomerellales	1028384	O	1052	179	1231	0.00013
Xylariales	37989	O	8639	147	8786	0.00089
Sordariales	5139	O	2372	52	2424	0.00025
Magnaporthales	639021	O	1278	11	1289	0.00013
Helotiales	5178	O	3029	22	3051	0.00031
Eurotiales	5042	O	3576	136	3712	0.00038
Pleosporales	92860	O	1544	347	1891	0.00019
Saccharomycetales	4892	O	1556	139	1695	0.00017
Ustilaginales	5267	O	2131	184	2315	0.00024
Peronosporales	4776	O	4337	618	4955	0.00050
