name	taxonomy_id	taxonomy_lvl	kraken_assigned_reads	added_reads	new_est_reads	fraction_total_reads
Streptomyces	1883	G	1462241	315307	1777548	0.12771
Kitasatospora	2063	G	25527	7719	33246	0.00239
Streptacidiphilus	228398	G	15498	3891	19389	0.00139
Yinghuangia	2805681	G	14914	2091	17005	0.00122
Microbacterium	33882	G	170994	24571	195565	0.01405
Curtobacterium	2034	G	86374	16629	103003	0.00740
Agromyces	33877	G	42519	8484	51003	0.00366
Rathayibacter	33886	G	37400	7321	44721	0.00321
Leifsonia	110932	G	28043	10878	38921	0.00280
Agrococcus	46352	G	20005	4484	24489	0.00176
Clavibacter	1573	G	19936	11528	31464	0.00226
Leucobacter	55968	G	18935	3062	21997	0.00158
Plantibacter	190323	G	12664	1718	14382	0.00103
Protaetiibacter	2680004	G	9080	2195	11275	0.00081
Salinibacterium	235888	G	7412	986	8398	0.00060
Cryobacterium	69578	G	7128	852	7980	0.00057
Herbiconiux	881616	G	6473	1070	7543	0.00054
Frondihabitans	447237	G	5904	766	6670	0.00048
Microterricola	518733	G	5112	1044	6156	0.00044
Microcella	337004	G	4478	1302	5780	0.00042
Cnuibacter	1759331	G	4095	730	4825	0.00035
Frigoribacterium	96492	G	3577	866	4443	0.00032
Gryllotalpicola	1195526	G	3423	553	3976	0.00029
Mycetocola	76634	G	3217	349	3566	0.00026
Agreia	110934	G	3116	314	3430	0.00025
Subtercola	120212	G	3113	218	3331	0.00024
Humibacter	427753	G	2729	501	3230	0.00023
Amnibacterium	1029631	G	2706	539	3245	0.00023
Chryseoglobus	1331730	G	2527	429	2956	0.00021
Marisediminicola	1230698	G	2144	221	2365	0.00017
Gulosibacter	256818	G	1858	447	2305	0.00017
Diaminobutyricimonas	1433997	G	1773	276	2049	0.00015
Glaciihabitans	1649454	G	1641	108	1749	0.00013
Arthrobacter	1663	G	145202	32496	177698	0.01277
Pseudarthrobacter	1742993	G	27813	9114	36927	0.00265
Kocuria	57493	G	16526	4241	20767	0.00149
Paenarthrobacter	1742992	G	10783	5097	15880	0.00114
Sinomonas	596707	G	8959	1981	10940	0.00079
Micrococcus	1269	G	7894	4946	12840	0.00092
Glutamicibacter	1742989	G	4680	1477	6157	0.00044
Rothia	32207	G	3331	1225	4556	0.00033
Citricoccus	169133	G	2645	588	3233	0.00023
Janibacter	53457	G	18269	4896	23165	0.00166
Pedococcus	2805645	G	17197	4950	22147	0.00159
Phycicoccus	367298	G	16590	4456	21046	0.00151
Intrasporangium	53357	G	14166	3372	17538	0.00126
Tetrasphaera	99479	G	12059	3073	15132	0.00109
Arsenicicoccus	267408	G	5166	1813	6979	0.00050
Cellulomonas	1707	G	64772	20056	84828	0.00609
Actinotalea	458839	G	4302	1408	5710	0.00041
Oerskovia	162491	G	3455	1003	4458	0.00032
Pseudactinotalea	1926259	G	2882	378	3260	0.00023
Paraoerskovia	665568	G	2349	556	2905	0.00021
Cellulosimicrobium	157920	G	18645	6915	25560	0.00184
Xylanimonas	186188	G	10514	3092	13606	0.00098
Isoptericola	254250	G	8049	3281	11330	0.00081
Ornithinimicrobium	125287	G	18042	3480	21522	0.00155
Serinicoccus	265976	G	13406	3380	16786	0.00121
Brachybacterium	43668	G	21388	3194	24582	0.00177
Dermabacter	36739	G	1413	711	2124	0.00015
Brevibacterium	1696	G	20857	3736	24593	0.00177
Dermacoccus	57495	G	5899	1848	7747	0.00056
Luteipulveratus	745364	G	4804	616	5420	0.00039
Allobranchiibius	2040262	G	3824	768	4592	0.00033
Yimella	908935	G	2246	413	2659	0.00019
Georgenia	154116	G	15875	4177	20052	0.00144
Ruania	626119	G	13166	1424	14590	0.00105
Pengzhenrongella	2888818	G	4947	1243	6190	0.00044
Luteimicrobium	754249	G	4546	1256	5802	0.00042
Beutenbergia	84756	G	5270	780	6050	0.00043
Miniimonas	947525	G	3785	1749	5534	0.00040
Sanguibacter	60919	G	6547	1778	8325	0.00060
Gephyromycinifex	2885697	G	1445	157	1602	0.00012
Austwickia	1184606	G	1023	74	1097	0.00008
Kytococcus	57499	G	2785	1932	4717	0.00034
Nocardioides	1839	G	620003	123515	743518	0.05342
Aeromicrobium	2040	G	34558	6157	40715	0.00293
Marmoricola	86795	G	13105	4558	17663	0.00127
Friedmanniella	53387	G	9045	1617	10662	0.00077
Pimelobacter	2044	G	7852	2715	10567	0.00076
Mumia	1546255	G	5082	815	5897	0.00042
Micropruina	116071	G	2416	314	2730	0.00020
Microlunatus	29404	G	27505	3139	30644	0.00220
Tessaracoccus	72763	G	16298	5164	21462	0.00154
Brevilactibacter	2717325	G	6417	2289	8706	0.00063
Acidipropionibacterium	1912215	G	5514	1903	7417	0.00053
Propionibacterium	1743	G	5276	1564	6840	0.00049
Auraticoccus	1278221	G	4539	737	5276	0.00038
Raineyella	1911549	G	2573	312	2885	0.00021
Cutibacterium	1912216	G	2392	510	2902	0.00021
Arachnia	2801844	G	2306	157	2463	0.00018
Kribbella	182639	G	36848	4895	41743	0.00300
Actinopolymorpha	117156	G	14811	1485	16296	0.00117
Mycobacterium	1763	G	160666	39056	199722	0.01435
Mycolicibacterium	1866885	G	151507	25081	176588	0.01269
Mycolicibacter	1073531	G	10135	3742	13877	0.00100
Mycobacteroides	670516	G	8913	2199	11112	0.00080
Mycolicibacillus	2126281	G	2093	514	2607	0.00019
Rhodococcus	1827	G	105966	23483	129449	0.00930
Nocardia	1817	G	94648	15070	109718	0.00788
Corynebacterium	1716	G	53393	11821	65214	0.00469
Gordonia	2053	G	46662	9297	55959	0.00402
Skermania	59613	G	2164	223	2387	0.00017
Tsukamurella	2060	G	14776	3339	18115	0.00130
Dietzia	37914	G	8712	2045	10757	0.00077
Tomitella	741759	G	5153	968	6121	0.00044
Segniliparus	286801	G	1240	61	1301	0.00009
Amycolatopsis	1813	G	176002	30415	206417	0.01483
Pseudonocardia	1847	G	142069	23646	165715	0.01191
Saccharopolyspora	1835	G	28275	5490	33765	0.00243
Saccharothrix	2071	G	26960	7014	33974	0.00244
Actinoalloteichus	65496	G	18019	1578	19597	0.00141
Saccharomonospora	1851	G	17297	2891	20188	0.00145
Kutzneria	43356	G	17117	3259	20376	0.00146
Lentzea	165301	G	11601	2252	13853	0.00100
Actinosynnema	40566	G	9803	2920	12723	0.00091
Kibdelosporangium	2029	G	7574	838	8412	0.00060
Allokutzneria	1137960	G	7127	1563	8690	0.00062
Alloactinosynnema	674734	G	5734	1167	6901	0.00050
Prauserella	142577	G	3514	297	3811	0.00027
Allosaccharopolyspora	2893576	G	2813	563	3376	0.00024
Micromonospora	1873	G	161383	37911	199294	0.01432
Actinoplanes	1865	G	116067	20445	136512	0.00981
Phytohabitans	907364	G	21508	2568	24076	0.00173
Couchioplanes	56433	G	21421	4864	26285	0.00189
Dactylosporangium	35753	G	20223	2025	22248	0.00160
Plantactinospora	673534	G	15611	2565	18176	0.00131
Actinocatenispora	390988	G	15160	1716	16876	0.00121
Catellatospora	53365	G	11614	2300	13914	0.00100
Polymorphospora	338583	G	7846	1550	9396	0.00068
Natronosporangium	2920401	G	4351	268	4619	0.00033
Verrucosispora	84593	G	3383	2310	5693	0.00041
Salinispora	168694	G	2441	367	2808	0.00020
Actinomadura	1988	G	138196	23718	161914	0.01163
Thermomonospora	2019	G	12767	3364	16131	0.00116
Nonomuraea	83681	G	54431	8416	62847	0.00452
Streptosporangium	2000	G	24197	4275	28472	0.00205
Thermobispora	147067	G	5640	1179	6819	0.00049
Nocardiopsis	2013	G	18889	3450	22339	0.00160
Thermobifida	83677	G	7696	1397	9093	0.00065
Streptomonospora	104204	G	4273	749	5022	0.00036
Spiractinospora	2913367	G	2787	164	2951	0.00021
Blastococcus	38501	G	66629	18346	84975	0.00611
Modestobacter	88138	G	43566	12500	56066	0.00403
Geodermatophilus	1860	G	30319	9558	39877	0.00286
Nakamurella	53460	G	89340	13780	103120	0.00741
Actinomyces	1654	G	24706	3133	27839	0.00200
Schaalia	2529408	G	3188	535	3723	0.00027
Flaviflexus	1522056	G	1887	417	2304	0.00017
Trueperella	1069494	G	1533	421	1954	0.00014
Frankia	1854	G	33883	3012	36895	0.00265
Jiangella	281472	G	21552	3358	24910	0.00179
Bifidobacterium	1678	G	12762	3915	16677	0.00120
Catenulispora	414878	G	8768	1139	9907	0.00071
Jatrophihabitans	1434010	G	7245	569	7814	0.00056
Kineococcus	33981	G	4928	1216	6144	0.00044
Stackebrandtia	283810	G	4110	341	4451	0.00032
Epidermidibacterium	2078948	G	2773	1173	3946	0.00028
Actinopolyspora	1849	G	2208	202	2410	0.00017
Acidothermus	28048	G	1454	68	1522	0.00011
Conexibacter	191494	G	191405	26226	217631	0.01564
Miltoncostaea	2843200	G	33953	4066	38019	0.00273
Baekduia	2600304	G	76344	11760	88104	0.00633
Rubrobacter	42255	G	26140	1044	27184	0.00195
Aquihabitans	1648491	G	20348	3148	23496	0.00169
Iamia	467975	G	9458	1390	10848	0.00078
Actinomarinicola	2789775	G	9175	1674	10849	0.00078
Ilumatobacter	682522	G	4665	270	4935	0.00035
Acidimicrobium	53634	G	1779	131	1910	0.00014
Eggerthella	84111	G	3307	1035	4342	0.00031
Gordonibacter	644652	G	1778	721	2499	0.00018
Adlercreutzia	447020	G	1436	287	1723	0.00012
Arabiibacter	2005386	G	1433	265	1698	0.00012
Olsenella	133925	G	2254	466	2720	0.00020
Parolsenella	2082587	G	1424	473	1897	0.00014
Collinsella	102106	G	1991	545	2536	0.00018
Egibacter	1747770	G	5261	277	5538	0.00040
Egicoccus	1755825	G	4530	625	5155	0.00037
Euzebya	908623	G	4474	326	4800	0.00034
Priestia	2800373	G	14231	13105	27336	0.00196
Bacillus	1386	G	12936	32560	45496	0.00327
Geobacillus	129337	G	2344	722	3066	0.00022
Peribacillus	2675229	G	1961	920	2881	0.00021
Neobacillus	2675232	G	1767	790	2557	0.00018
Hydrogenibacillus	1609627	G	1704	275	1979	0.00014
Anoxybacillus	150247	G	1047	298	1345	0.00010
Paenibacillus	44249	G	37428	3853	41281	0.00297
Brevibacillus	55080	G	3451	670	4121	0.00030
Cohnella	329857	G	2785	390	3175	0.00023
Thermobacillus	76632	G	1568	205	1773	0.00013
Saccharibacillus	456492	G	1172	138	1310	0.00009
Alicyclobacillus	29330	G	2478	195	2673	0.00019
Tumebacillus	432330	G	1630	578	2208	0.00016
Planococcus	1372	G	1242	413	1655	0.00012
Exiguobacterium	33986	G	1105	369	1474	0.00011
Faecalibacterium	216851	G	1610	2426	4036	0.00029
Thermaerobacter	73918	G	5817	565	6382	0.00046
Symbiobacterium	2733	G	2341	264	2605	0.00019
Clostridium	1485	G	1819	515	2334	0.00017
Selenomonas	970	G	2805	193	2998	0.00022
Limnochorda	1676651	G	2310	85	2395	0.00017
Deinococcus	1298	G	28969	1293	30262	0.00217
Thermus	270	G	4007	280	4287	0.00031
Oceanithermus	208447	G	2233	203	2436	0.00018
Meiothermus	65551	G	2168	119	2287	0.00016
Marinithermus	186191	G	1392	191	1583	0.00011
Truepera	332248	G	2045	95	2140	0.00015
Synechococcus	1129	G	12216	1366	13582	0.00098
Cyanobium	167375	G	2593	559	3152	0.00023
Nostoc	1177	G	1959	809	2768	0.00020
Calothrix	1186	G	1082	314	1396	0.00010
Oscillatoria	1158	G	1130	278	1408	0.00010
Gloeobacter	33071	G	3511	88	3599	0.00026
Leptolyngbya	47251	G	1787	165	1952	0.00014
Sphaerobacter	2056	G	6036	325	6361	0.00046
Thermomicrobium	499	G	1398	24	1422	0.00010
Roseiflexus	120961	G	3832	206	4038	0.00029
Chloroflexus	1107	G	1268	51	1319	0.00009
Tepidiforma	2682228	G	3394	130	3524	0.00025
Candidatus Promineofilum	1988031	G	3208	58	3266	0.00023
Caldilinea	233191	G	1559	95	1654	0.00012
Ktedonosporobacter	2692417	G	1312	38	1350	0.00010
Fimbriimonas	1005038	G	2004	10	2014	0.00014
Bradyrhizobium	374	G	527535	56970	584505	0.04199
Rhodopseudomonas	1073	G	37770	7891	45661	0.00328
Afipia	1033	G	21199	4420	25619	0.00184
Nitrobacter	911	G	16330	1757	18087	0.00130
Tardiphaga	1395974	G	14091	1475	15566	0.00112
Variibacter	1649510	G	6115	394	6509	0.00047
Mesorhizobium	68287	G	146722	24595	171317	0.01231
Aquibium	2911176	G	7375	1460	8835	0.00063
Aminobacter	31988	G	6759	3891	10650	0.00077
Nitratireductor	245876	G	4867	591	5458	0.00039
Phyllobacterium	28100	G	3151	264	3415	0.00025
Roseitalea	1915401	G	2212	307	2519	0.00018
Hoeflea	274591	G	1854	144	1998	0.00014
Oricola	1594166	G	1592	179	1771	0.00013
Rhizobium	379	G	71680	14047	85727	0.00616
Agrobacterium	357	G	17883	6989	24872	0.00179
Neorhizobium	1525371	G	7952	1521	9473	0.00068
Pseudorhizobium	1903858	G	2088	321	2409	0.00017
Sinorhizobium	28105	G	15866	7147	23013	0.00165
Ensifer	106591	G	14377	2449	16826	0.00121
Shinella	323620	G	13206	8237	21443	0.00154
Ciceribacter	1648508	G	1670	289	1959	0.00014
Georhizobium	2661800	G	1504	274	1778	0.00013
Methylobacterium	407	G	106307	16574	122881	0.00883
Microvirga	186650	G	24587	2466	27053	0.00194
Methylorubrum	2282523	G	20087	7474	27561	0.00198
Rhodoplanes	29407	G	48581	3975	52556	0.00378
Hyphomicrobium	81	G	11711	668	12379	0.00089
Methyloceanibacter	1484898	G	4203	245	4448	0.00032
Aquabacter	45402	G	2703	376	3079	0.00022
Methyloligella	1485594	G	2683	278	2961	0.00021
Rhodomicrobium	1068	G	1966	116	2082	0.00015
Caenibius	2827482	G	1542	643	2185	0.00016
Pseudolabrys	556257	G	30835	3895	34730	0.00250
Starkeya	152053	G	10650	2369	13019	0.00094
Ancylobacter	99	G	9886	2999	12885	0.00093
Xanthobacter	279	G	9743	1956	11699	0.00084
Labrys	204476	G	5321	470	5791	0.00042
Azorhizobium	6	G	3053	562	3615	0.00026
Bosea	85413	G	53004	7430	60434	0.00434
Devosia	46913	G	24612	1692	26304	0.00189
Youhaiella	1827478	G	2244	410	2654	0.00019
Paradevosia	1573407	G	2150	679	2829	0.00020
Pelagibacterium	1082930	G	1047	129	1176	0.00008
Aureimonas	414371	G	13060	2290	15350	0.00110
Martelella	293088	G	7063	1191	8254	0.00059
Aurantimonas	182269	G	3583	897	4480	0.00032
Nordella	169055	G	8099	380	8479	0.00061
Pseudorhodoplanes	1734920	G	7626	471	8097	0.00058
Terrihabitans	2874214	G	2119	202	2321	0.00017
Methylocystis	133	G	11446	864	12310	0.00088
Methylosinus	425	G	5863	740	6603	0.00047
Phreatobacter	1632780	G	14087	2028	16115	0.00116
Stappia	152161	G	5314	856	6170	0.00044
Roseibium	150830	G	2593	280	2873	0.00021
Pannonibacter	227873	G	2416	1437	3853	0.00028
Labrenzia	478070	G	2113	154	2267	0.00016
Methylocella	120652	G	4092	349	4441	0.00032
Methylovirgula	1156568	G	3234	241	3475	0.00025
Kaustia	2838250	G	4256	358	4614	0.00033
Parvibaculum	256616	G	1913	1146	3059	0.00022
Pyruvatibacter	1742974	G	1315	154	1469	0.00011
Blastochloris	59282	G	8022	1622	9644	0.00069
Chelatococcus	28209	G	7439	1424	8863	0.00064
Kaistia	166953	G	5417	1139	6556	0.00047
Brucella	234	G	4647	1807	6454	0.00046
Acuticoccus	1904377	G	4786	454	5240	0.00038
Lichenihabitans	2723776	G	2895	121	3016	0.00022
Hartmannibacter	1572860	G	2860	432	3292	0.00024
Breoghania	1406135	G	2667	302	2969	0.00021
Sphingomonas	13687	G	200992	24945	225937	0.01623
Sphingobium	165695	G	55765	27923	83688	0.00601
Sphingopyxis	165697	G	39886	7078	46964	0.00337
Novosphingobium	165696	G	33422	10977	44399	0.00319
Rhizorhabdus	1649486	G	11151	4301	15452	0.00111
Sphingosinithalassobacter	2676233	G	4206	812	5018	0.00036
Allosphingosinicella	2823232	G	3388	349	3737	0.00027
Parasphingopyxis	1234545	G	2475	106	2581	0.00019
Sphingorhabdus	1434046	G	2329	134	2463	0.00018
Blastomonas	150203	G	2278	374	2652	0.00019
Tardibacter	2685927	G	1614	949	2563	0.00018
Hankyongella	1763827	G	1557	242	1799	0.00013
Citromicrobium	72173	G	1272	463	1735	0.00012
Novosphingopyxis	2709686	G	1108	489	1597	0.00011
Erythrobacter	1041	G	14365	3158	17523	0.00126
Porphyrobacter	1111	G	4703	1103	5806	0.00042
Qipengyuania	1855416	G	8910	2018	10928	0.00079
Croceicoccus	1295327	G	5688	2993	8681	0.00062
Altererythrobacter	361177	G	5447	1195	6642	0.00048
Tsuneonella	2800686	G	5430	960	6390	0.00046
Aurantiacibacter	2800681	G	1081	166	1247	0.00009
Pelagerythrobacter	2800685	G	1010	124	1134	0.00008
Sphingosinicella	335405	G	7812	709	8521	0.00061
Polymorphobacter	1508451	G	4242	149	4391	0.00032
Sandaracinobacter	56358	G	1726	105	1831	0.00013
Azospirillum	191	G	45671	5220	50891	0.00366
Skermanella	204447	G	20847	2697	23544	0.00169
Nitrospirillum	1543705	G	3486	344	3830	0.00028
Indioceanicola	2478349	G	2502	292	2794	0.00020
Niveispirillum	1543704	G	1372	130	1502	0.00011
Roseomonas	125216	G	29849	4046	33895	0.00244
Rhodovastum	504465	G	6623	578	7201	0.00052
Komagataeibacter	1434011	G	4443	1712	6155	0.00044
Acidiphilium	522	G	4068	1938	6006	0.00043
Roseococcus	35812	G	3543	282	3825	0.00027
Sediminicoccus	1706033	G	2899	128	3027	0.00022
Lichenicola	2804525	G	2760	116	2876	0.00021
Acidibrevibacterium	2603324	G	2697	208	2905	0.00021
Acetobacter	434	G	2370	650	3020	0.00022
Gluconacetobacter	89583	G	1750	305	2055	0.00015
Gluconobacter	441	G	1708	387	2095	0.00015
Granulibacter	364409	G	1173	93	1266	0.00009
Hypericibacter	2705399	G	12459	683	13142	0.00094
Magnetospirillum	13134	G	7966	126556	134522	0.00966
Rhodospirillum	1081	G	4830	501	5331	0.00038
Tistrella	171436	G	3551	1355	4906	0.00035
Ferrovibrio	1231242	G	2660	151	2811	0.00020
Defluviicoccus	111830	G	1987	161	2148	0.00015
Pararhodospirillum	1612157	G	1147	78	1225	0.00009
Stella	93	G	7523	467	7990	0.00057
Elioraea	457933	G	3641	165	3806	0.00027
Thalassospira	168934	G	1443	116	1559	0.00011
Paracoccus	265	G	26384	4059	30443	0.00219
Cereibacter	1653176	G	6919	1828	8747	0.00063
Rhodobacter	1060	G	6794	1803	8597	0.00062
Rhodovulum	34008	G	3788	779	4567	0.00033
Paroceanicella	2683599	G	2992	703	3695	0.00027
Polymorphum	991903	G	2841	637	3478	0.00025
Thioclava	285107	G	2032	222	2254	0.00016
Pikeienuella	2831955	G	2015	174	2189	0.00016
Pontivivens	1844015	G	1864	125	1989	0.00014
Pelagovum	2795377	G	1654	183	1837	0.00013
Silicimonas	1955420	G	1552	80	1632	0.00012
Frigidibacter	1775705	G	1396	514	1910	0.00014
Pukyongiella	2831925	G	1356	288	1644	0.00012
Brevirhabdus	1855413	G	1202	507	1709	0.00012
Gymnodinialimonas	2937410	G	1004	84	1088	0.00008
Roseovarius	74030	G	6757	909	7666	0.00055
Sulfitobacter	60136	G	6673	1083	7756	0.00056
Salipiger	263377	G	5328	1518	6846	0.00049
Roseivivax	93682	G	4097	545	4642	0.00033
Celeribacter	875170	G	2809	952	3761	0.00027
Phaeobacter	302485	G	2487	422	2909	0.00021
Leisingera	191028	G	2403	283	2686	0.00019
Ruegeria	97050	G	2185	276	2461	0.00018
Pseudosulfitobacter	2854186	G	1831	433	2264	0.00016
Yangia	2919626	G	1800	265	2065	0.00015
Sagittula	58842	G	1752	608	2360	0.00017
Mameliella	1434019	G	1356	215	1571	0.00011
Ponticoccus	983507	G	1274	167	1441	0.00010
Dinoroseobacter	309512	G	1171	363	1534	0.00011
Roseobacter	2433	G	1153	26	1179	0.00008
Ketogulonicigenium	92944	G	1066	112	1178	0.00008
Roseibacterium	159345	G	1031	78	1109	0.00008
Octadecabacter	53945	G	1012	63	1075	0.00008
Caulobacter	75	G	33620	3602	37222	0.00267
Brevundimonas	41275	G	32585	4475	37060	0.00266
Phenylobacterium	20	G	9051	1320	10371	0.00075
Asticcacaulis	76890	G	2335	162	2497	0.00018
Terricaulis	2768684	G	1684	52	1736	0.00012
Marinicauda	1649466	G	2177	346	2523	0.00018
Hyphomonas	85	G	2518	104	2622	0.00019
Candidatus Viadribacter	2892997	G	1055	24	1079	0.00008
Burkholderia	32008	G	133977	58352	192329	0.01382
Cupriavidus	106589	G	90564	41915	132479	0.00952
Paraburkholderia	1822464	G	71244	7605	78849	0.00566
Caballeronia	1827195	G	49137	10658	59795	0.00430
Ralstonia	48736	G	27347	11618	38965	0.00280
Pandoraea	93217	G	25151	5391	30542	0.00219
Polynucleobacter	44013	G	1726	43	1769	0.00013
Lautropia	47670	G	1233	207	1440	0.00010
Chitinimonas	240411	G	1083	81	1164	0.00008
Variovorax	34072	G	87712	28475	116187	0.00835
Rhodoferax	28065	G	28446	10015	38461	0.00276
Hydrogenophaga	47420	G	26312	10966	37278	0.00268
Acidovorax	12916	G	26083	12160	38243	0.00275
Ramlibacter	174951	G	15925	5678	21603	0.00155
Comamonas	283	G	15435	6340	21775	0.00156
Diaphorobacter	238749	G	8392	7940	16332	0.00117
Schlegelella	215579	G	8272	2352	10624	0.00076
Polaromonas	52972	G	7932	893	8825	0.00063
Delftia	80865	G	7827	9440	17267	0.00124
Kinneretia	683756	G	5646	3122	8768	0.00063
Ottowia	219181	G	4277	673	4950	0.00036
Alicycliphilus	201096	G	3973	6060	10033	0.00072
Melaminivora	1649468	G	3330	2772	6102	0.00044
Serpentinimonas	2490452	G	2277	492	2769	0.00020
Verminephrobacter	364316	G	2017	223	2240	0.00016
Hylemonella	232523	G	1947	254	2201	0.00016
Pulveribacter	2678886	G	1610	744	2354	0.00017
Simplicispira	352450	G	1188	412	1600	0.00011
Massilia	149698	G	101722	17002	118724	0.00853
Duganella	75654	G	9286	2748	12034	0.00086
Janthinobacterium	29580	G	12830	2370	15200	0.00109
Herbaspirillum	963	G	12824	2154	14978	0.00108
Collimonas	202907	G	5453	553	6006	0.00043
Noviherbaspirillum	1344552	G	3159	485	3644	0.00026
Achromobacter	222	G	51573	19183	70756	0.00508
Bordetella	517	G	34051	15668	49719	0.00357
Pigmentiphaga	152267	G	5241	546	5787	0.00042
Orrella	1921582	G	2519	694	3213	0.00023
Castellaniella	359336	G	2371	1448	3819	0.00027
Alcaligenes	507	G	1577	325	1902	0.00014
Pusillimonas (ex Stolz et al. 2005)	305976	G	1138	196	1334	0.00010
Rhizobacter	212743	G	11180	2313	13493	0.00097
Methylibium	316612	G	8059	2556	10615	0.00076
Sphaerotilus	34102	G	7083	3309	10392	0.00075
Rubrivivax	28067	G	5508	1639	7147	0.00051
Thiomonas	32012	G	4678	623	5301	0.00038
Aquincola	391952	G	4632	1514	6146	0.00044
Mitsuaria	65047	G	4176	787	4963	0.00036
Leptothrix	88	G	3838	1158	4996	0.00036
Xylophilus	54066	G	3504	976	4480	0.00032
Ideonella	36862	G	2230	1270	3500	0.00025
Tepidimonas	114248	G	1995	687	2682	0.00019
Aquabacterium	92793	G	1870	473	2343	0.00017
Roseateles	93681	G	1838	334	2172	0.00016
Inhella	644355	G	1316	201	1517	0.00011
Paucibacter	318147	G	1142	189	1331	0.00010
Sutterella	40544	G	1594	141	1735	0.00012
Thauera	33057	G	14128	8345	22473	0.00161
Azoarcus	12960	G	12105	3663	15768	0.00113
Nitrogeniibacter	2891294	G	3806	570	4376	0.00031
Aromatoleum	551759	G	11129	3091	14220	0.00102
Azospira	146937	G	7823	3308	11131	0.00080
Niveibacterium	1769726	G	1954	269	2223	0.00016
Oryzomicrobium	1911577	G	1405	346	1751	0.00013
Dechloromonas	73029	G	3483	585	4068	0.00029
Ferribacterium	88875	G	2793	461	3254	0.00023
Quatrionicoccus	138117	G	1288	368	1656	0.00012
Usitatibacter	2803845	G	22604	1706	24310	0.00175
Denitratisoma	311181	G	2917	1375	4292	0.00031
Sulfuritalea	1054211	G	2416	345	2761	0.00020
Methyloversatilis	378210	G	2280	297	2577	0.00019
Sterolibacterium	157591	G	1569	409	1978	0.00014
Nitrosospira	35798	G	7002	232	7234	0.00052
Nitrosomonas	914	G	1300	156	1456	0.00010
Thiobacillus	919	G	3154	588	3742	0.00027
Sulfuritortus	1938335	G	1950	799	2749	0.00020
Sideroxydans	314343	G	2127	289	2416	0.00017
Ferrigenium	2249462	G	1373	280	1653	0.00012
Sulfuriferula	1778653	G	1668	264	1932	0.00014
Sulfurimicrobium	2772198	G	1542	208	1750	0.00013
Chromobacterium	535	G	11243	2404	13647	0.00098
Jeongeupia	885864	G	3334	581	3915	0.00028
Paludibacterium	400060	G	2698	436	3134	0.00023
Pseudogulbenkiania	568394	G	1835	575	2410	0.00017
Vogesella	57739	G	1824	425	2249	0.00016
Aquitalea	407217	G	1584	292	1876	0.00013
Microvirgula	57479	G	1417	253	1670	0.00012
Neisseria	482	G	3949	1364	5313	0.00038
Crenobacter	1654931	G	2293	698	2991	0.00021
Chitinolyticbacter	1055692	G	1521	174	1695	0.00012
Casimicrobium	2706000	G	1734	736	2470	0.00018
Pseudomonas	286	G	295232	86614	381846	0.02743
Azotobacter	352	G	4738	4657	9395	0.00068
Halopseudomonas	2901189	G	2525	347	2872	0.00021
Marinobacter	2742	G	5212	338	5550	0.00040
Lysobacter	68	G	81854	10916	92770	0.00667
Stenotrophomonas	40323	G	54066	16493	70559	0.00507
Xanthomonas	338	G	33787	28564	62351	0.00448
Luteimonas	83614	G	19881	3285	23166	0.00166
Pseudoxanthomonas	83618	G	14751	5481	20232	0.00145
Thermomonas	141948	G	10194	2232	12426	0.00089
Arenimonas	490567	G	3117	510	3627	0.00026
Pseudolysobacter	2709666	G	1650	38	1688	0.00012
Rhodanobacter	75309	G	13384	2509	15893	0.00114
Luteibacter	242605	G	12256	1158	13414	0.00096
Dyella	231454	G	11243	1777	13020	0.00094
Frateuria	70411	G	8091	1751	9842	0.00071
Dokdonella	323413	G	5050	748	5798	0.00042
Aerosticca	2707020	G	2240	2514	4754	0.00034
Ahniella	2233801	G	1148	26	1174	0.00008
Klebsiella	570	G	6161	38285	44446	0.00319
Raoultella	160674	G	1676	964	2640	0.00019
Enterobacter	547	G	7041	18684	25725	0.00185
Citrobacter	544	G	3199	3407	6606	0.00047
Cronobacter	413496	G	1974	424	2398	0.00017
Kosakonia	1330547	G	1740	281	2021	0.00015
Leclercia	83654	G	1644	833	2477	0.00018
Salmonella	590	G	1478	33422	34900	0.00251
Pluralibacter	1330546	G	1220	275	1495	0.00011
Escherichia	561	G	1125	32024	33149	0.00238
Cedecea	158483	G	1021	137	1158	0.00008
Serratia	613	G	10570	2433	13003	0.00093
Rahnella	34037	G	1095	265	1360	0.00010
Pantoea	53335	G	8476	1475	9951	0.00071
Erwinia	551	G	2936	632	3568	0.00026
Mixta	2100764	G	1437	371	1808	0.00013
Dickeya	204037	G	2981	444	3425	0.00025
Pectobacterium	122277	G	1660	288	1948	0.00014
Brenneria	71655	G	1099	251	1350	0.00010
Edwardsiella	635	G	1779	503	2282	0.00016
Sodalis	84565	G	1141	69	1210	0.00009
Thioalkalivibrio	106633	G	6827	962	7789	0.00056
Spiribacter	1335745	G	4571	280	4851	0.00035
Acidihalobacter	1765964	G	3028	215	3243	0.00023
Halorhodospira	85108	G	1453	105	1558	0.00011
Alkalilimnicola	133193	G	1296	140	1436	0.00010
Aquisalimonas	406099	G	1230	71	1301	0.00009
Ectothiorhodospira	1051	G	1169	96	1265	0.00009
Thiodictyon	53392	G	2508	123	2631	0.00019
Allochromatium	85072	G	2503	569	3072	0.00022
Marichromatium	85076	G	2283	412	2695	0.00019
Thioflavicoccus	156885	G	2232	190	2422	0.00017
Thiocapsa	1056	G	1757	88	1845	0.00013
Thiocystis	13724	G	1363	111	1474	0.00011
Wenzhouxiangella	1676142	G	2410	103	2513	0.00018
Thiohalobacter	1273155	G	1712	174	1886	0.00014
Guyparkeria	2035712	G	1376	300	1676	0.00012
Sulfurivermis	2034504	G	1223	384	1607	0.00012
Halomonas	2745	G	25751	3274	29025	0.00209
Cobetia	204286	G	1630	1020	2650	0.00019
Halotalea	376488	G	1524	251	1775	0.00013
Salinicola	404432	G	1373	136	1509	0.00011
Kushneria	504090	G	1096	48	1144	0.00008
Chromohalobacter	42054	G	1034	99	1133	0.00008
Alcanivorax	59753	G	3530	1505	5035	0.00036
Marinobacterium	48075	G	1041	107	1148	0.00008
Aeromonas	642	G	14842	10884	25726	0.00185
Methylococcus	413	G	4918	322	5240	0.00038
Methylomonas	416	G	3077	95	3172	0.00023
Methylomagnum	1760987	G	1426	58	1484	0.00011
Methylomicrobium	39773	G	1218	286	1504	0.00011
Methylogaea	1295378	G	1189	83	1272	0.00009
Methylocaldum	73778	G	1110	55	1165	0.00008
Solimonas	413435	G	4387	400	4787	0.00034
Flagellatimonas	2893022	G	1365	82	1447	0.00010
Steroidobacter	469322	G	2389	497	2886	0.00021
Microbulbifer	48073	G	4311	261	4572	0.00033
Shewanella	22	G	4231	629	4860	0.00035
Pseudoalteromonas	53246	G	1301	167	1468	0.00011
Sulfurifustis	1692042	G	4737	267	5004	0.00036
Sulfuricaulis	1744881	G	2120	142	2262	0.00016
Acidiferrobacter	986106	G	1664	28	1692	0.00012
Vibrio	662	G	4221	764	4985	0.00036
Legionella	445	G	2271	223	2494	0.00018
Immundisolibacter	1934947	G	2973	464	3437	0.00025
Acinetobacter	469	G	1985	779	2764	0.00020
Salinisphaera	180541	G	1594	1274	2868	0.00021
Myxococcus	32	G	24097	41333	65430	0.00470
Corallococcus	83461	G	19940	1311	21251	0.00153
Pyxidicoccus	224458	G	10158	360	10518	0.00076
Anaeromyxobacter	161492	G	55696	3669	59365	0.00427
Archangium	47	G	27498	2896	30394	0.00218
Cystobacter	42	G	6528	1635	8163	0.00059
Stigmatella	40	G	6184	401	6585	0.00047
Melittangium	44	G	4906	1112	6018	0.00043
Vulgatibacter	1524214	G	5765	402	6167	0.00044
Sorangium	39643	G	71885	7988	79873	0.00574
Polyangium	55	G	17087	1493	18580	0.00133
Chondromyces	50	G	8477	365	8842	0.00064
Sandaracinus	1055688	G	28828	1433	30261	0.00217
Labilithrix	1524217	G	14758	609	15367	0.00110
Haliangium	162027	G	11986	561	12547	0.00090
Geomonas	2651583	G	8690	1340	10030	0.00072
Geobacter	28231	G	7404	759	8163	0.00059
Citrifermentans	2883512	G	2635	584	3219	0.00023
Geotalea	2910589	G	1097	69	1166	0.00008
Desulfuromonas	890	G	5944	713	6657	0.00048
Syntrophotalea	2812025	G	1197	136	1333	0.00010
Pseudodesulfovibrio	2035811	G	5519	904	6423	0.00046
Desulfovibrio	872	G	5489	777	6266	0.00045
Solidesulfovibrio	2910984	G	3699	343	4042	0.00029
Oceanidesulfovibrio	2905722	G	1498	80	1578	0.00011
Desulfocurvibacter	2582840	G	1095	71	1166	0.00008
Desulfolutivibrio	2773294	G	1049	240	1289	0.00009
Desulfomicrobium	898	G	1126	111	1237	0.00009
Desulfosarcina	2299	G	2474	373	2847	0.00020
Desulfobulbus	893	G	1425	263	1688	0.00012
Persicimonas	2766927	G	4539	133	4672	0.00034
Bradymonas	1779136	G	1549	649	2198	0.00016
Desulfarculus	453229	G	1727	871	2598	0.00019
Acidithiobacillus	119977	G	1826	165	1991	0.00014
Bdellovibrio	958	G	1072	45	1117	0.00008
Gemmata	113	G	25199	2539	27738	0.00199
Urbifossiella	2807415	G	20827	1786	22613	0.00162
Frigoriglobus	2774146	G	13717	2187	15904	0.00114
Limnoglobus	2731450	G	10730	493	11223	0.00081
Tuwongella	2051044	G	1269	48	1317	0.00009
Telmatocola	1382832	G	1073	9	1082	0.00008
Aquisphaera	1511635	G	19458	2927	22385	0.00161
Tautonia	2680020	G	17280	1334	18614	0.00134
Paludisphaera	1763521	G	13071	2443	15514	0.00111
Singulisphaera	466152	G	11221	1403	12624	0.00091
Isosphaera	127	G	1734	109	1843	0.00013
Stieleria	2795973	G	3185	304	3489	0.00025
Lignipirellula	2795775	G	2923	312	3235	0.00023
Rosistilla	2795779	G	2830	191	3021	0.00022
Anatilimnocola	2807414	G	2633	265	2898	0.00021
Pirellula	123	G	1855	57	1912	0.00014
Bremerella	2714594	G	1783	119	1902	0.00014
Roseimaritima	1579506	G	1735	104	1839	0.00013
Lacipirellula	2691417	G	8682	534	9216	0.00066
Pirellulimonas	2795783	G	4288	417	4705	0.00034
Botrimarina	2795782	G	3513	287	3800	0.00027
Aeoliella	2795781	G	1336	97	1433	0.00010
Planctomyces	118	G	17688	3823	21511	0.00155
Gimesia	1649453	G	4381	228	4609	0.00033
Caulifigura	2795778	G	3797	233	4030	0.00029
Alienimonas	2714737	G	3295	229	3524	0.00025
Maioricimonas	2795777	G	3175	379	3554	0.00026
Symmachiella	2795780	G	1465	82	1547	0.00011
Humisphaera	2807511	G	8274	211	8485	0.00061
Phycisphaera	666508	G	3332	270	3602	0.00026
Mucisphaera	2913022	G	1445	78	1523	0.00011
Opitutus	178440	G	10675	942	11617	0.00083
Lacunisphaera	1961799	G	3629	486	4115	0.00030
Nibricoccus	2576890	G	2711	115	2826	0.00020
Oleiharenicola	2100741	G	2341	120	2461	0.00018
Ereboglobus	2028344	G	1403	74	1477	0.00011
Verrucomicrobium	2735	G	3809	356	4165	0.00030
Luteolibacter	518753	G	3044	135	3179	0.00023
Roseimicrobium	1348508	G	1842	74	1916	0.00014
Akkermansia	239934	G	1268	94	1362	0.00010
Methylacidimicrobium	1541670	G	1275	104	1379	0.00010
Hymenobacter	89966	G	25830	1135	26965	0.00194
Pontibacter	323449	G	1965	205	2170	0.00016
Spirosoma	107	G	5145	213	5358	0.00038
Dyadobacter	120831	G	2907	137	3044	0.00022
Chryseolinea	1433993	G	1026	24	1050	0.00008
Flavobacterium	237	G	4141	866	5007	0.00036
Chryseobacterium	59732	G	3291	696	3987	0.00029
Epilithonimonas	2782229	G	1069	616	1685	0.00012
Pedobacter	84567	G	7787	388	8175	0.00059
Mucilaginibacter	423349	G	5824	361	6185	0.00044
Sphingobacterium	28453	G	1095	380	1475	0.00011
Chitinophaga	79328	G	3270	277	3547	0.00025
Niastella	354354	G	2512	363	2875	0.00021
Alistipes	239759	G	4852	1370	6222	0.00045
Prevotella	838	G	1725	184	1909	0.00014
Bacteroides	816	G	1442	502	1944	0.00014
Rhodothermus	29548	G	3575	191	3766	0.00027
Rhodocaloribacter	2893090	G	3405	331	3736	0.00027
Salinibacter	146918	G	2384	38	2422	0.00017
Chlorobaculum	256319	G	1820	193	2013	0.00014
Gemmatirosa	1706036	G	70231	6201	76432	0.00549
Gemmatimonas	173479	G	22876	591	23467	0.00169
Granulicella	940557	G	9723	950	10673	0.00077
Terriglobus	392733	G	7118	845	7963	0.00057
Candidatus Koribacter	658061	G	5760	191	5951	0.00043
Acidobacterium	33973	G	5749	454	6203	0.00045
Edaphobacter	388463	G	3409	402	3811	0.00027
Acidisarcina	2608728	G	2066	145	2211	0.00016
Paludibaculum	1649475	G	7007	186	7193	0.00052
Luteitalea	2004797	G	43315	2496	45811	0.00329
Chloracidobacterium	458032	G	3024	109	3133	0.00023
Sulfidibacter	2915177	G	1974	41	2015	0.00014
Nitrospira	1234	G	8870	127	8997	0.00065
Treponema	157	G	1076	306	1382	0.00010
Fusarium	5506	G	11110	807	11917	0.00086
Beauveria	5581	G	3913	170	4083	0.00029
Cordyceps	45234	G	1721	142	1863	0.00013
Metarhizium	5529	G	4291	569	4860	0.00035
Trichoderma	5543	G	5564	269	5833	0.00042
Purpureocillium	1052105	G	1740	138	1878	0.00013
Drechmeria	98402	G	1352	68	1420	0.00010
Colletotrichum	5455	G	1900	400	2300	0.00017
Thermothielavioides	2609811	G	1870	102	1972	0.00014
Thermothelomyces	1920207	G	1523	61	1584	0.00011
Pyricularia	48558	G	2257	22	2279	0.00016
Neopestalotiopsis	1562158	G	1144	18	1162	0.00008
Botrytis	33196	G	1202	9	1211	0.00009
Aspergillus	5052	G	2315	179	2494	0.00018
Penicillium	5073	G	1436	91	1527	0.00011
Ampelomyces	50729	G	2062	289	2351	0.00017
Paraphaeosphaeria	125369	G	1249	556	1805	0.00013
Pseudozyma	63298	G	2538	65	2603	0.00019
Phytophthora	4783	G	6456	945	7401	0.00053
