name	taxonomy_id	taxonomy_lvl	kraken_assigned_reads	added_reads	new_est_reads	fraction_total_reads
Streptomycetaceae	2062	F	999159	210609	1209768	0.16275
Microbacteriaceae	85023	F	191748	25725	217473	0.02926
Micrococcaceae	1268	F	107305	24503	131808	0.01773
Intrasporangiaceae	85021	F	38129	9000	47129	0.00634
Cellulomonadaceae	85016	F	37234	11637	48871	0.00657
Promicromonosporaceae	85017	F	18129	6681	24810	0.00334
Ornithinimicrobiaceae	2805590	F	14924	2910	17834	0.00240
Dermabacteraceae	85020	F	10771	1914	12685	0.00171
Brevibacteriaceae	85019	F	9872	1876	11748	0.00158
Dermacoccaceae	145357	F	7938	1711	9649	0.00130
Bogoriellaceae	145358	F	7373	2082	9455	0.00127
Ruaniaceae	1331736	F	6402	6509	12911	0.00174
Beutenbergiaceae	125316	F	4238	1244	5482	0.00074
Sanguibacteraceae	145360	F	3098	916	4014	0.00054
Dermatophilaceae	85018	F	1419	130	1549	0.00021
Kytococcaceae	2805426	F	1237	428	1665	0.00022
Nocardioidaceae	85015	F	322909	60731	383640	0.05161
Propionibacteriaceae	31957	F	34145	5752	39897	0.00537
Kribbellaceae	2726069	F	33953	4586	38539	0.00518
Actinopolymorphaceae	2805400	F	6880	707	7587	0.00102
Mycobacteriaceae	1762	F	170593	25345	195938	0.02636
Nocardiaceae	85025	F	97077	17705	114782	0.01544
Corynebacteriaceae	1653	F	26507	6244	32751	0.00441
Gordoniaceae	85026	F	23483	4878	28361	0.00382
Tsukamurellaceae	85028	F	7356	1751	9107	0.00123
Dietziaceae	85029	F	4164	3902	8066	0.00109
Pseudonocardiaceae	2070	F	291429	40186	331615	0.04461
Micromonosporaceae	28056	F	229501	29842	259343	0.03489
Thermomonosporaceae	2012	F	127601	21674	149275	0.02008
Streptosporangiaceae	2004	F	53846	7906	61752	0.00831
Nocardiopsaceae	83676	F	17639	2485	20124	0.00271
Geodermatophilaceae	85030	F	63462	14672	78134	0.01051
Frankiaceae	74712	F	17941	1672	19613	0.00264
Actinomycetaceae	2049	F	17012	2287	19299	0.00260
Jiangellaceae	1217100	F	11031	1765	12796	0.00172
Nakamurellaceae	85031	F	7709	968	8677	0.00117
Bifidobacteriaceae	31953	F	6667	2025	8692	0.00117
Catenulisporaceae	414877	F	5056	675	5731	0.00077
Jatrophihabitantaceae	2805416	F	3935	318	4253	0.00057
Glycomycetaceae	85034	F	2522	188	2710	0.00036
Kineosporiaceae	83778	F	2176	552	2728	0.00037
Sporichthyaceae	85033	F	1373	589	1962	0.00026
Actinopolysporaceae	622451	F	1077	101	1178	0.00016
Conexibacteraceae	320583	F	78824	11221	90045	0.01211
Miltoncostaeaceae	2843199	F	15638	1959	17597	0.00237
Baekduiaceae	2600303	F	30970	4952	35922	0.00483
Rubrobacteraceae	84997	F	12337	534	12871	0.00173
Iamiaceae	633392	F	23525	2841	26366	0.00355
Ilumatobacteraceae	2448023	F	2561	160	2721	0.00037
Eggerthellaceae	1643826	F	5667	884	6551	0.00088
Atopobiaceae	1643824	F	2877	629	3506	0.00047
Coriobacteriaceae	84107	F	1188	273	1461	0.00020
Egibacteraceae	1747769	F	2539	140	2679	0.00036
Egicoccaceae	1755824	F	2303	331	2634	0.00035
Euzebyaceae	908622	F	2190	168	2358	0.00032
Bacillaceae	186817	F	26481	24938	51419	0.00692
Paenibacillaceae	186822	F	25909	2377	28286	0.00381
Alicyclobacillaceae	186823	F	2756	456	3212	0.00043
Planococcaceae	186818	F	1309	425	1734	0.00023
Thermoactinomycetaceae	186824	F	1049	963	2012	0.00027
Lactobacillaceae	33958	F	1744	607	2351	0.00032
Oscillospiraceae	216572	F	3929	1523	5452	0.00073
Clostridiales Family XVII. Incertae Sedis	539000	F	3007	719	3726	0.00050
Lachnospiraceae	186803	F	1396	517	1913	0.00026
Symbiobacteriaceae	543349	F	1222	102	1324	0.00018
Clostridiaceae	31979	F	1164	215	1379	0.00019
Thermoanaerobacteraceae	186814	F	1505	297	1802	0.00024
Selenomonadaceae	1843491	F	1509	101	1610	0.00022
Limnochordaceae	1676650	F	1166	44	1210	0.00016
Deinococcaceae	183710	F	13407	1366	14773	0.00199
Thermaceae	188786	F	5258	305	5563	0.00075
Trueperaceae	332247	F	1016	51	1067	0.00014
Synechococcaceae	1890426	F	6375	749	7124	0.00096
Prochlorococcaceae	2881426	F	1416	299	1715	0.00023
Nostocaceae	1162	F	1236	511	1747	0.00024
Leptolyngbyaceae	1890438	F	1239	110	1349	0.00018
Gloeobacteraceae	1890422	F	1899	49	1948	0.00026
Sphaerobacteraceae	85002	F	2992	203	3195	0.00043
Roseiflexaceae	1508635	F	1949	127	2076	0.00028
Tepidiformaceae	2682227	F	2122	92	2214	0.00030
Ardenticatenaceae	1382930	F	1629	33	1662	0.00022
Ktedonosporobacteraceae	2692416	F	1171	43	1214	0.00016
Fimbriimonadaceae	1663426	F	1038	5	1043	0.00014
Bradyrhizobiaceae	41294	F	398335	35241	433576	0.05833
Phyllobacteriaceae	69277	F	92487	16197	108684	0.01462
Rhizobiaceae	82115	F	84094	21826	105920	0.01425
Methylobacteriaceae	119045	F	64358	9950	74308	0.01000
Xanthobacteraceae	335928	F	55125	8762	63887	0.00859
Hyphomicrobiaceae	45401	F	48215	4303	52518	0.00707
Devosiaceae	2831106	F	19748	1679	21427	0.00288
Boseaceae	2831100	F	19047	2937	21984	0.00296
Aurantimonadaceae	255475	F	13241	14866	28107	0.00378
Methylocystaceae	31993	F	10488	869	11357	0.00153
Phreatobacteraceae	2843305	F	8420	1390	9810	0.00132
Stappiaceae	2821832	F	7756	1652	9408	0.00127
Beijerinckiaceae	45404	F	5324	382	5706	0.00077
Blastochloridaceae	2831090	F	5156	1198	6354	0.00085
Parvibaculaceae	2813035	F	4737	1198	5935	0.00080
Chelatococcaceae	2036754	F	4261	939	5200	0.00070
Kaistiaceae	2831111	F	2880	697	3577	0.00048
Brucellaceae	118882	F	2748	1120	3868	0.00052
Amorphaceae	2685818	F	2540	276	2816	0.00038
Lichenihabitantaceae	2723775	F	1692	81	1773	0.00024
Breoghaniaceae	2831104	F	1646	214	1860	0.00025
Pleomorphomonadaceae	2843308	F	1622	282	1904	0.00026
Sphingomonadaceae	41297	F	200584	30768	231352	0.03112
Erythrobacteraceae	335929	F	32273	5690	37963	0.00511
Sphingosinicellaceae	2820280	F	7998	609	8607	0.00116
Azospirillaceae	2829815	F	37956	4132	42088	0.00566
Acetobacteraceae	433	F	37169	4786	41955	0.00564
Rhodospirillaceae	41295	F	21568	93601	115169	0.01549
Stellaceae	2844601	F	4111	287	4398	0.00059
Elioraeaceae	2690195	F	2003	101	2104	0.00028
Thalassospiraceae	2844866	F	1295	97	1392	0.00019
Rhodobacteraceae	31989	F	42709	5672	48381	0.00651
Roseobacteraceae	2854170	F	29515	3097	32612	0.00439
Caulobacteraceae	76892	F	49433	4644	54077	0.00727
Maricaulaceae	2800061	F	2381	235	2616	0.00035
Hyphomonadaceae	69657	F	2214	84	2298	0.00031
Burkholderiaceae	119060	F	206856	84489	291345	0.03919
Comamonadaceae	80864	F	120174	43053	163227	0.02196
Oxalobacteraceae	75682	F	59232	8500	67732	0.00911
Alcaligenaceae	506	F	47605	57998	105603	0.01421
Sutterellaceae	995019	F	1013	89	1102	0.00015
Zoogloeaceae	2008794	F	17097	7474	24571	0.00331
Rhodocyclaceae	75787	F	13027	4453	17480	0.00235
Azonexaceae	2008795	F	4547	529	5076	0.00068
Usitatibacteraceae	2803844	F	13287	1116	14403	0.00194
Sterolibacteriaceae	2008793	F	5269	1542	6811	0.00092
Nitrosomonadaceae	206379	F	4895	210	5105	0.00069
Gallionellaceae	90627	F	3001	371	3372	0.00045
Thiobacillaceae	2008790	F	2905	886	3791	0.00051
Sulfuricellaceae	2772226	F	2417	319	2736	0.00037
Methylophilaceae	32011	F	1170	120	1290	0.00017
Chromobacteriaceae	1499392	F	15125	3142	18267	0.00246
Neisseriaceae	481	F	6223	1319	7542	0.00101
Xanthomonadaceae	32033	F	101190	21702	122892	0.01653
Rhodanobacteraceae	1775411	F	39951	6639	46590	0.00627
Pseudomonadaceae	135621	F	125791	39748	165539	0.02227
Marinobacteraceae	2887365	F	2936	260	3196	0.00043
Enterobacteriaceae	543	F	19273	58669	77942	0.01049
Yersiniaceae	1903411	F	7576	1919	9495	0.00128
Erwiniaceae	1903409	F	5768	1175	6943	0.00093
Pectobacteriaceae	1903410	F	3621	629	4250	0.00057
Hafniaceae	1903412	F	1144	542	1686	0.00023
Ectothiorhodospiraceae	72276	F	11226	1156	12382	0.00167
Chromatiaceae	1046	F	8492	665	9157	0.00123
Wenzhouxiangellaceae	1676141	F	1386	1153	2539	0.00034
Halomonadaceae	28256	F	18368	2430	20798	0.00280
Alcanivoracaceae	224372	F	2011	998	3009	0.00040
Oceanospirillaceae	135620	F	1292	165	1457	0.00020
Aeromonadaceae	84642	F	8933	7472	16405	0.00221
Methylococcaceae	403	F	8650	423	9073	0.00122
Sinobacteraceae	568386	F	3526	493	4019	0.00054
Steroidobacteraceae	2689614	F	2569	772	3341	0.00045
Shewanellaceae	267890	F	2422	478	2900	0.00039
Alteromonadaceae	72275	F	1083	155	1238	0.00017
Acidiferrobacteraceae	1692041	F	5075	264	5339	0.00072
Microbulbiferaceae	1706373	F	2436	157	2593	0.00035
Halieaceae	1706372	F	1033	117	1150	0.00015
Vibrionaceae	641	F	3027	540	3567	0.00048
Moraxellaceae	468	F	1574	561	2135	0.00029
Immundisolibacteraceae	1934946	F	1451	1549	3000	0.00040
Myxococcaceae	31	F	29364	11555	40919	0.00550
Anaeromyxobacteraceae	1524215	F	28901	2335	31236	0.00420
Archangiaceae	39	F	23157	1457	24614	0.00331
Vulgatibacteraceae	1524213	F	3218	281	3499	0.00047
Polyangiaceae	49	F	57819	4910	62729	0.00844
Sandaracinaceae	1055686	F	15436	882	16318	0.00220
Labilitrichaceae	1524216	F	8427	382	8809	0.00119
Kofleriaceae	224464	F	7008	425	7433	0.00100
Geobacteraceae	213422	F	12194	1381	13575	0.00183
Desulfuromonadaceae	213421	F	3662	627	4289	0.00058
Desulfovibrionaceae	194924	F	11256	1241	12497	0.00168
Desulfobacteraceae	213119	F	2652	315	2967	0.00040
Desulfobulbaceae	213121	F	1183	214	1397	0.00019
Bradymonadaceae	1779135	F	3249	409	3658	0.00049
Gemmataceae	1914233	F	44266	1530	45796	0.00616
Isosphaeraceae	1763524	F	33735	3453	37188	0.00500
Pirellulaceae	2691357	F	12205	514	12719	0.00171
Lacipirellulaceae	2691359	F	12187	608	12795	0.00172
Planctomycetaceae	126	F	20553	2212	22765	0.00306
Tepidisphaeraceae	1771355	F	4171	118	4289	0.00058
Phycisphaeraceae	666507	F	2624	172	2796	0.00038
Opitutaceae	134623	F	12077	616	12693	0.00171
Verrucomicrobiaceae	203557	F	4506	268	4774	0.00064
Chitinophagaceae	563835	F	17012	198	17210	0.00232
Hymenobacteraceae	1853232	F	11385	513	11898	0.00160
Cytophagaceae	89373	F	2083	102	2185	0.00029
Spirosomaceae	2896860	F	1497	87	1584	0.00021
Rikenellaceae	171550	F	2410	893	3303	0.00044
Flavobacteriaceae	49546	F	3694	268	3962	0.00053
Weeksellaceae	2762318	F	1146	330	1476	0.00020
Rhodothermaceae	563843	F	4897	255	5152	0.00069
Sphingobacteriaceae	84566	F	2861	377	3238	0.00044
Chlorobiaceae	191412	F	2003	217	2220	0.00030
Gemmatimonadaceae	219687	F	44196	2771	46967	0.00632
Acidobacteriaceae	204434	F	21828	503	22331	0.00300
Bryobacteraceae	1962910	F	3960	112	4072	0.00055
Vicinamibacteraceae	2211325	F	25140	3489	28629	0.00385
Acanthopleuribacteraceae	533207	F	1014	23	1037	0.00014
Nitrospiraceae	189779	F	4376	74	4450	0.00060
Synergistaceae	649777	F	1541	148	1689	0.00023
Nectriaceae	110618	F	5161	404	5565	0.00075
Hypocreaceae	5129	F	2277	118	2395	0.00032
Cordycipitaceae	474943	F	2066	77	2143	0.00029
Clavicipitaceae	34397	F	1920	243	2163	0.00029
Ophiocordycipitaceae	474942	F	1295	79	1374	0.00018
Chaetomiaceae	35718	F	1472	68	1540	0.00021
Aspergillaceae	1131492	F	2338	155	2493	0.00034
Ustilaginaceae	5268	F	1639	63	1702	0.00023
Peronosporaceae	4777	F	3031	478	3509	0.00047
