name	taxonomy_id	taxonomy_lvl	kraken_assigned_reads	added_reads	new_est_reads	fraction_total_reads
Streptomyces	1883	G	454525	111610	566135	0.12174
Kitasatospora	2063	G	7508	2755	10263	0.00221
Streptacidiphilus	228398	G	4947	1492	6439	0.00138
Yinghuangia	2805681	G	3792	634	4426	0.00095
Microbacterium	33882	G	42301	7662	49963	0.01074
Agromyces	33877	G	13263	3356	16619	0.00357
Curtobacterium	2034	G	8874	1996	10870	0.00234
Rathayibacter	33886	G	7512	1805	9317	0.00200
Leifsonia	110932	G	6673	3418	10091	0.00217
Leucobacter	55968	G	6058	1253	7311	0.00157
Clavibacter	1573	G	5707	2968	8675	0.00187
Agrococcus	46352	G	5595	1570	7165	0.00154
Protaetiibacter	2680004	G	2593	800	3393	0.00073
Salinibacterium	235888	G	2323	391	2714	0.00058
Cryobacterium	69578	G	1926	299	2225	0.00048
Frondihabitans	447237	G	1681	278	1959	0.00042
Plantibacter	190323	G	1496	209	1705	0.00037
Microterricola	518733	G	1451	378	1829	0.00039
Microcella	337004	G	1445	525	1970	0.00042
Cnuibacter	1759331	G	1094	249	1343	0.00029
Herbiconiux	881616	G	1074	226	1300	0.00028
Gryllotalpicola	1195526	G	1063	217	1280	0.00028
Arthrobacter	1663	G	31790	8361	40151	0.00863
Pseudarthrobacter	1742993	G	5559	2091	7650	0.00165
Kocuria	57493	G	5056	1560	6616	0.00142
Sinomonas	596707	G	2505	669	3174	0.00068
Micrococcus	1269	G	2413	1529	3942	0.00085
Glutamicibacter	1742989	G	1511	563	2074	0.00045
Paenarthrobacter	1742992	G	1233	767	2000	0.00043
Rothia	32207	G	1096	480	1576	0.00034
Cellulomonas	1707	G	19403	7204	26607	0.00572
Actinotalea	458839	G	1349	524	1873	0.00040
Oerskovia	162491	G	1064	369	1433	0.00031
Janibacter	53457	G	4500	1432	5932	0.00128
Phycicoccus	367298	G	4107	1276	5383	0.00116
Pedococcus	2805645	G	3447	1131	4578	0.00098
Intrasporangium	53357	G	3195	907	4102	0.00088
Tetrasphaera	99479	G	2664	775	3439	0.00074
Arsenicicoccus	267408	G	1405	579	1984	0.00043
Cellulosimicrobium	157920	G	5998	2667	8665	0.00186
Xylanimonas	186188	G	3334	1158	4492	0.00097
Isoptericola	254250	G	2509	1213	3722	0.00080
Ornithinimicrobium	125287	G	5203	1155	6358	0.00137
Serinicoccus	265976	G	3876	1120	4996	0.00107
Brachybacterium	43668	G	6470	1150	7620	0.00164
Brevibacterium	1696	G	7094	1480	8574	0.00184
Dermacoccus	57495	G	1773	668	2441	0.00053
Luteipulveratus	745364	G	1482	225	1707	0.00037
Allobranchiibius	2040262	G	1185	282	1467	0.00032
Georgenia	154116	G	4594	1437	6031	0.00130
Ruania	626119	G	4167	536	4703	0.00101
Pengzhenrongella	2888818	G	1581	476	2057	0.00044
Luteimicrobium	754249	G	1447	477	1924	0.00041
Beutenbergia	84756	G	1669	295	1964	0.00042
Miniimonas	947525	G	1155	636	1791	0.00039
Sanguibacter	60919	G	2033	663	2696	0.00058
Mycolicibacterium	1866885	G	54204	10141	64345	0.01384
Mycobacterium	1763	G	52785	14629	67414	0.01450
Mycolicibacter	1073531	G	3574	1577	5151	0.00111
Mycobacteroides	670516	G	3030	1058	4088	0.00088
Nocardia	1817	G	33595	6025	39620	0.00852
Rhodococcus	1827	G	31118	7987	39105	0.00841
Corynebacterium	1716	G	18773	5854	24627	0.00530
Gordonia	2053	G	15414	3518	18932	0.00407
Tsukamurella	2060	G	4785	1242	6027	0.00130
Dietzia	37914	G	2833	657	3490	0.00075
Tomitella	741759	G	1733	375	2108	0.00045
Nocardioides	1839	G	152401	35310	187711	0.04036
Aeromicrobium	2040	G	9245	1929	11174	0.00240
Marmoricola	86795	G	2584	1040	3624	0.00078
Pimelobacter	2044	G	2282	903	3185	0.00068
Friedmanniella	53387	G	1943	408	2351	0.00051
Mumia	1546255	G	1545	291	1836	0.00039
Microlunatus	29404	G	7497	869	8366	0.00180
Tessaracoccus	72763	G	5534	1245	6779	0.00146
Brevilactibacter	2717325	G	2049	852	2901	0.00062
Acidipropionibacterium	1912215	G	1833	764	2597	0.00056
Propionibacterium	1743	G	1798	647	2445	0.00053
Auraticoccus	1278221	G	1299	249	1548	0.00033
Kribbella	182639	G	22319	3487	25806	0.00555
Actinopolymorpha	117156	G	4753	563	5316	0.00114
Amycolatopsis	1813	G	73191	15643	88834	0.01910
Pseudonocardia	1847	G	47303	8985	56288	0.01210
Saccharopolyspora	1835	G	9939	2306	12245	0.00263
Saccharothrix	2071	G	8647	2487	11134	0.00239
Kutzneria	43356	G	6299	1339	7638	0.00164
Saccharomonospora	1851	G	5984	1091	7075	0.00152
Lentzea	165301	G	5130	1109	6239	0.00134
Actinoalloteichus	65496	G	4347	439	4786	0.00103
Actinosynnema	40566	G	3200	958	4158	0.00089
Kibdelosporangium	2029	G	2762	340	3102	0.00067
Allokutzneria	1137960	G	2243	552	2795	0.00060
Alloactinosynnema	674734	G	2036	462	2498	0.00054
Prauserella	142577	G	1277	119	1396	0.00030
Allosaccharopolyspora	2893576	G	1007	223	1230	0.00026
Micromonospora	1873	G	53790	14735	68525	0.01474
Actinoplanes	1865	G	31105	5626	36731	0.00790
Dactylosporangium	35753	G	8656	1019	9675	0.00208
Phytohabitans	907364	G	7324	1024	8348	0.00180
Actinocatenispora	390988	G	5276	706	5982	0.00129
Plantactinospora	673534	G	5080	963	6043	0.00130
Catellatospora	53365	G	4041	942	4983	0.00107
Couchioplanes	56433	G	3769	995	4764	0.00102
Polymorphospora	338583	G	2475	571	3046	0.00066
Natronosporangium	2920401	G	1493	109	1602	0.00034
Verrucosispora	84593	G	1131	883	2014	0.00043
Actinomadura	1988	G	38809	7822	46631	0.01003
Thermomonospora	2019	G	4244	1336	5580	0.00120
Nonomuraea	83681	G	17022	3068	20090	0.00432
Streptosporangium	2000	G	8605	1766	10371	0.00223
Thermobispora	147067	G	1901	458	2359	0.00051
Nocardiopsis	2013	G	5887	1153	7040	0.00151
Thermobifida	83677	G	2487	532	3019	0.00065
Streptomonospora	104204	G	1309	279	1588	0.00034
Spiractinospora	2913367	G	1008	71	1079	0.00023
Blastococcus	38501	G	11879	3794	15673	0.00337
Modestobacter	88138	G	8758	2924	11682	0.00251
Geodermatophilus	1860	G	5583	2027	7610	0.00164
Actinomyces	1654	G	8142	1251	9393	0.00202
Schaalia	2529408	G	1188	263	1451	0.00031
Frankia	1854	G	11455	1208	12663	0.00272
Jiangella	281472	G	7010	1292	8302	0.00179
Bifidobacterium	1678	G	4899	1642	6541	0.00141
Nakamurella	53460	G	4603	634	5237	0.00113
Catenulispora	414878	G	3693	567	4260	0.00092
Jatrophihabitans	1434010	G	2970	279	3249	0.00070
Stackebrandtia	283810	G	1534	149	1683	0.00036
Kineococcus	33981	G	1358	398	1756	0.00038
Epidermidibacterium	2078948	G	1023	502	1525	0.00033
Conexibacter	191494	G	57202	9159	66361	0.01427
Miltoncostaea	2843200	G	12050	1741	13791	0.00297
Baekduia	2600304	G	21624	3971	25595	0.00550
Rubrobacter	42255	G	8764	432	9196	0.00198
Aquihabitans	1648491	G	6939	1255	8194	0.00176
Iamia	467975	G	3309	567	3876	0.00083
Actinomarinicola	2789775	G	3221	689	3910	0.00084
Ilumatobacter	682522	G	1740	124	1864	0.00040
Eggerthella	84111	G	1149	916	2065	0.00044
Egibacter	1747770	G	2033	127	2160	0.00046
Egicoccus	1755825	G	1644	269	1913	0.00041
Euzebya	908623	G	1606	139	1745	0.00038
Paenibacillus	44249	G	15874	2381	18255	0.00393
Brevibacillus	55080	G	1443	378	1821	0.00039
Cohnella	329857	G	1243	240	1483	0.00032
Priestia	2800373	G	5862	6665	12527	0.00269
Bacillus	1386	G	3833	10978	14811	0.00318
Geobacillus	129337	G	1040	447	1487	0.00032
Alicyclobacillus	29330	G	1111	132	1243	0.00027
Thermaerobacter	73918	G	2350	652	3002	0.00065
Selenomonas	970	G	1342	115	1457	0.00031
Deinococcus	1298	G	10656	655	11311	0.00243
Thermus	270	G	1650	224	1874	0.00040
Synechococcus	1129	G	5084	921	6005	0.00129
Gloeobacter	33071	G	1485	59	1544	0.00033
Sphaerobacter	2056	G	2535	209	2744	0.00059
Roseiflexus	120961	G	1603	128	1731	0.00037
Tepidiforma	2682228	G	1527	83	1610	0.00035
Candidatus Promineofilum	1988031	G	1292	33	1325	0.00029
Bradyrhizobium	374	G	321230	38056	359286	0.07726
Rhodopseudomonas	1073	G	13826	3482	17308	0.00372
Nitrobacter	911	G	5364	612	5976	0.00129
Tardiphaga	1395974	G	5287	514	5801	0.00125
Afipia	1033	G	4510	1770	6280	0.00135
Variibacter	1649510	G	3050	228	3278	0.00070
Rhizobium	379	G	32486	6497	38983	0.00838
Agrobacterium	357	G	6477	2211	8688	0.00187
Neorhizobium	1525371	G	3036	710	3746	0.00081
Ensifer	106591	G	34755	6685	41440	0.00891
Sinorhizobium	28105	G	7094	2766	9860	0.00212
Shinella	323620	G	4924	3610	8534	0.00184
Mesorhizobium	68287	G	56589	10796	67385	0.01449
Aquibium	2911176	G	3348	786	4134	0.00089
Aminobacter	31988	G	2608	1692	4300	0.00092
Nitratireductor	245876	G	2234	324	2558	0.00055
Phyllobacterium	28100	G	1678	166	1844	0.00040
Roseitalea	1915401	G	1001	165	1166	0.00025
Methylobacterium	407	G	29507	5491	34998	0.00753
Microvirga	186650	G	7355	919	8274	0.00178
Methylorubrum	2282523	G	6283	2522	8805	0.00189
Pseudolabrys	556257	G	21460	3149	24609	0.00529
Starkeya	152053	G	4369	1137	5506	0.00118
Xanthobacter	279	G	4333	1023	5356	0.00115
Ancylobacter	99	G	4028	1425	5453	0.00117
Labrys	204476	G	1678	175	1853	0.00040
Azorhizobium	6	G	1413	304	1717	0.00037
Rhodoplanes	29407	G	25421	2428	27849	0.00599
Hyphomicrobium	81	G	5820	382	6202	0.00133
Methyloceanibacter	1484898	G	2052	142	2194	0.00047
Methyloligella	1485594	G	1376	169	1545	0.00033
Aquabacter	45402	G	1208	195	1403	0.00030
Bosea	85413	G	15740	2448	18188	0.00391
Devosia	46913	G	7694	849	8543	0.00184
Aureimonas	414371	G	5433	1114	6547	0.00141
Martelella	293088	G	3086	596	3682	0.00079
Aurantimonas	182269	G	1500	450	1950	0.00042
Pseudorhodoplanes	1734920	G	4244	305	4549	0.00098
Nordella	169055	G	3930	219	4149	0.00089
Methylocystis	133	G	5574	495	6069	0.00131
Methylosinus	425	G	2575	386	2961	0.00064
Phreatobacter	1632780	G	6535	1083	7618	0.00164
Stappia	152161	G	2477	461	2938	0.00063
Roseibium	150830	G	1240	151	1391	0.00030
Pannonibacter	227873	G	1130	763	1893	0.00041
Labrenzia	478070	G	1046	86	1132	0.00024
Methylocella	120652	G	2059	198	2257	0.00049
Methylovirgula	1156568	G	1770	148	1918	0.00041
Blastochloris	59282	G	3970	947	4917	0.00106
Kaustia	2838250	G	1817	201	2018	0.00043
Chelatococcus	28209	G	3165	703	3868	0.00083
Brucella	234	G	2091	1269	3360	0.00072
Kaistia	166953	G	2248	555	2803	0.00060
Acuticoccus	1904377	G	1987	226	2213	0.00048
Lichenihabitans	2723776	G	1358	68	1426	0.00031
Breoghania	1406135	G	1263	168	1431	0.00031
Hartmannibacter	1572860	G	1219	215	1434	0.00031
Sphingomonas	13687	G	66525	9546	76071	0.01636
Sphingopyxis	165697	G	12495	2775	15270	0.00328
Sphingobium	165695	G	11547	6075	17622	0.00379
Novosphingobium	165696	G	8064	3174	11238	0.00242
Rhizorhabdus	1649486	G	3630	1762	5392	0.00116
Sphingosinithalassobacter	2676233	G	1464	372	1836	0.00039
Allosphingosinicella	2823232	G	1242	164	1406	0.00030
Parasphingopyxis	1234545	G	1004	53	1057	0.00023
Erythrobacter	1041	G	5287	1414	6701	0.00144
Porphyrobacter	1111	G	1585	459	2044	0.00044
Qipengyuania	1855416	G	3397	914	4311	0.00093
Croceicoccus	1295327	G	2007	1253	3260	0.00070
Altererythrobacter	361177	G	1837	469	2306	0.00050
Tsuneonella	2800686	G	1778	381	2159	0.00046
Sphingosinicella	335405	G	3030	357	3387	0.00073
Polymorphobacter	1508451	G	1698	76	1774	0.00038
Azospirillum	191	G	18430	2585	21015	0.00452
Skermanella	204447	G	6426	937	7363	0.00158
Nitrospirillum	1543705	G	1493	184	1677	0.00036
Indioceanicola	2478349	G	1039	150	1189	0.00026
Roseomonas	125216	G	10553	1672	12225	0.00263
Rhodovastum	504465	G	2876	319	3195	0.00069
Komagataeibacter	1434011	G	1922	1027	2949	0.00063
Acidiphilium	522	G	1707	1102	2809	0.00060
Acidibrevibacterium	2603324	G	1443	142	1585	0.00034
Roseococcus	35812	G	1256	127	1383	0.00030
Lichenicola	2804525	G	1181	62	1243	0.00027
Sediminicoccus	1706033	G	1111	62	1173	0.00025
Acetobacter	434	G	1062	372	1434	0.00031
Hypericibacter	2705399	G	6699	425	7124	0.00153
Magnetospirillum	13134	G	3541	81526	85067	0.01829
Rhodospirillum	1081	G	2181	272	2453	0.00053
Tistrella	171436	G	1565	845	2410	0.00052
Ferrovibrio	1231242	G	1382	95	1477	0.00032
Stella	93	G	3558	270	3828	0.00082
Elioraea	457933	G	1612	89	1701	0.00037
Paracoccus	265	G	10328	2200	12528	0.00269
Rhodobacter	1060	G	2745	962	3707	0.00080
Cereibacter	1653176	G	2640	885	3525	0.00076
Rhodovulum	34008	G	1542	378	1920	0.00041
Polymorphum	991903	G	1306	343	1649	0.00035
Paroceanicella	2683599	G	1088	361	1449	0.00031
Sulfitobacter	60136	G	2863	744	3607	0.00078
Roseovarius	74030	G	2823	587	3410	0.00073
Salipiger	263377	G	2171	919	3090	0.00066
Roseivivax	93682	G	1561	335	1896	0.00041
Celeribacter	875170	G	1199	609	1808	0.00039
Phaeobacter	302485	G	1062	268	1330	0.00029
Caulobacter	75	G	12424	1701	14125	0.00304
Brevundimonas	41275	G	9684	1532	11216	0.00241
Phenylobacterium	20	G	3429	589	4018	0.00086
Terricaulis	2768684	G	1333	48	1381	0.00030
Hyphomonas	85	G	1179	58	1237	0.00027
Burkholderia	32008	G	49115	26996	76111	0.01637
Paraburkholderia	1822464	G	28051	4050	32101	0.00690
Cupriavidus	106589	G	24348	9815	34163	0.00735
Caballeronia	1827195	G	7470	1280	8750	0.00188
Pandoraea	93217	G	7202	1438	8640	0.00186
Ralstonia	48736	G	7084	4466	11550	0.00248
Variovorax	34072	G	24360	9936	34296	0.00737
Hydrogenophaga	47420	G	8369	4541	12910	0.00278
Acidovorax	12916	G	7978	4776	12754	0.00274
Comamonas	283	G	5069	6169	11238	0.00242
Rhodoferax	28065	G	4326	1175	5501	0.00118
Ramlibacter	174951	G	4114	1780	5894	0.00127
Schlegelella	215579	G	2800	1031	3831	0.00082
Diaphorobacter	238749	G	2749	3526	6275	0.00135
Delftia	80865	G	2513	3146	5659	0.00122
Polaromonas	52972	G	2049	154	2203	0.00047
Kinneretia	683756	G	1973	1589	3562	0.00077
Ottowia	219181	G	1427	284	1711	0.00037
Alicycliphilus	201096	G	1266	2328	3594	0.00077
Melaminivora	1649468	G	1051	1130	2181	0.00047
Massilia	149698	G	22652	4786	27438	0.00590
Duganella	75654	G	2080	780	2860	0.00062
Janthinobacterium	29580	G	4365	1026	5391	0.00116
Herbaspirillum	963	G	4324	981	5305	0.00114
Collimonas	202907	G	1991	265	2256	0.00049
Noviherbaspirillum	1344552	G	1129	231	1360	0.00029
Achromobacter	222	G	12903	7164	20067	0.00432
Bordetella	517	G	11990	10806	22796	0.00490
Pigmentiphaga	152267	G	2065	289	2354	0.00051
Rhizobacter	212743	G	3618	1003	4621	0.00099
Sphaerotilus	34102	G	2379	1512	3891	0.00084
Thiomonas	32012	G	1877	153	2030	0.00044
Rubrivivax	28067	G	1850	731	2581	0.00056
Methylibium	316612	G	1782	710	2492	0.00054
Mitsuaria	65047	G	1455	364	1819	0.00039
Aquincola	391952	G	1349	596	1945	0.00042
Leptothrix	88	G	1332	531	1863	0.00040
Xylophilus	54066	G	1110	416	1526	0.00033
Thauera	33057	G	5154	4073	9227	0.00198
Azoarcus	12960	G	4483	1791	6274	0.00135
Nitrogeniibacter	2891294	G	1394	281	1675	0.00036
Aromatoleum	551759	G	4411	1612	6023	0.00130
Azospira	146937	G	2793	1675	4468	0.00096
Dechloromonas	73029	G	1366	306	1672	0.00036
Ferribacterium	88875	G	1198	261	1459	0.00031
Usitatibacter	2803845	G	8026	903	8929	0.00192
Denitratisoma	311181	G	1118	745	1863	0.00040
Nitrosospira	35798	G	1771	100	1871	0.00040
Thiobacillus	919	G	1164	331	1495	0.00032
Chromobacterium	535	G	4192	1323	5515	0.00119
Jeongeupia	885864	G	1238	314	1552	0.00033
Paludibacterium	400060	G	1139	267	1406	0.00030
Neisseria	482	G	1535	663	2198	0.00047
Lysobacter	68	G	35743	6791	42534	0.00915
Xanthomonas	338	G	12134	6369	18503	0.00398
Stenotrophomonas	40323	G	11839	5899	17738	0.00381
Luteimonas	83614	G	7359	1760	9119	0.00196
Pseudoxanthomonas	83618	G	5104	2669	7773	0.00167
Thermomonas	141948	G	3470	1123	4593	0.00099
Luteibacter	242605	G	4781	648	5429	0.00117
Rhodanobacter	75309	G	3762	988	4750	0.00102
Dyella	231454	G	3409	654	4063	0.00087
Frateuria	70411	G	2777	831	3608	0.00078
Dokdonella	323413	G	1928	411	2339	0.00050
Pseudomonas	286	G	83250	30098	113348	0.02437
Azotobacter	352	G	1708	386	2094	0.00045
Halopseudomonas	2901189	G	1013	228	1241	0.00027
Marinobacter	2742	G	2170	225	2395	0.00052
Klebsiella	570	G	2429	17105	19534	0.00420
Enterobacter	547	G	2765	5796	8561	0.00184
Citrobacter	544	G	1278	1705	2983	0.00064
Serratia	613	G	3974	1524	5498	0.00118
Pantoea	53335	G	3165	776	3941	0.00085
Erwinia	551	G	1001	226	1227	0.00026
Dickeya	204037	G	1208	304	1512	0.00033
Thioalkalivibrio	106633	G	2815	682	3497	0.00075
Spiribacter	1335745	G	1848	206	2054	0.00044
Acidihalobacter	1765964	G	1338	168	1506	0.00032
Wenzhouxiangella	1676142	G	1000	83	1083	0.00023
Halomonas	2745	G	9997	2167	12164	0.00262
Alcanivorax	59753	G	1373	790	2163	0.00047
Aeromonas	642	G	5622	6858	12480	0.00268
Methylococcus	413	G	2049	276	2325	0.00050
Methylomonas	416	G	1307	92	1399	0.00030
Shewanella	22	G	1840	464	2304	0.00050
Microbulbifer	48073	G	1687	142	1829	0.00039
Sulfurifustis	1692042	G	1900	165	2065	0.00044
Solimonas	413435	G	1308	173	1481	0.00032
Vibrio	662	G	1750	1216	2966	0.00064
Corallococcus	83461	G	8162	656	8818	0.00190
Myxococcus	32	G	8143	20396	28539	0.00614
Pyxidicoccus	224458	G	3742	166	3908	0.00084
Anaeromyxobacter	161492	G	22506	1875	24381	0.00524
Archangium	47	G	10554	1316	11870	0.00255
Stigmatella	40	G	3054	240	3294	0.00071
Cystobacter	42	G	2688	789	3477	0.00075
Melittangium	44	G	2002	533	2535	0.00055
Vulgatibacter	1524214	G	2632	235	2867	0.00062
Sorangium	39643	G	31471	4186	35657	0.00767
Polyangium	55	G	7973	830	8803	0.00189
Chondromyces	50	G	3907	202	4109	0.00088
Sandaracinus	1055688	G	11869	724	12593	0.00271
Labilithrix	1524217	G	6646	324	6970	0.00150
Haliangium	162027	G	5798	359	6157	0.00132
Geomonas	2651583	G	3658	651	4309	0.00093
Geobacter	28231	G	3237	416	3653	0.00079
Citrifermentans	2883512	G	1190	304	1494	0.00032
Desulfuromonas	890	G	2507	385	2892	0.00062
Pseudodesulfovibrio	2035811	G	2362	556	2918	0.00063
Desulfovibrio	872	G	2338	405	2743	0.00059
Solidesulfovibrio	2910984	G	1472	204	1676	0.00036
Desulfosarcina	2299	G	1132	257	1389	0.00030
Persicimonas	2766927	G	1814	82	1896	0.00041
Gemmata	113	G	11298	1254	12552	0.00270
Urbifossiella	2807415	G	9093	923	10016	0.00215
Frigoriglobus	2774146	G	5997	1073	7070	0.00152
Limnoglobus	2731450	G	4946	265	5211	0.00112
Aquisphaera	1511635	G	6854	1223	8077	0.00174
Tautonia	2680020	G	6047	551	6598	0.00142
Paludisphaera	1763521	G	5269	1148	6417	0.00138
Singulisphaera	466152	G	4634	675	5309	0.00114
Stieleria	2795973	G	1388	164	1552	0.00033
Lignipirellula	2795775	G	1369	181	1550	0.00033
Anatilimnocola	2807414	G	1337	164	1501	0.00032
Rosistilla	2795779	G	1308	106	1414	0.00030
Lacipirellula	2691417	G	3275	278	3553	0.00076
Pirellulimonas	2795783	G	1670	225	1895	0.00041
Botrimarina	2795782	G	1577	180	1757	0.00038
Planctomyces	118	G	6320	1611	7931	0.00171
Gimesia	1649453	G	2124	123	2247	0.00048
Caulifigura	2795778	G	1658	118	1776	0.00038
Maioricimonas	2795777	G	1356	182	1538	0.00033
Alienimonas	2714737	G	1324	108	1432	0.00031
Humisphaera	2807511	G	3126	100	3226	0.00069
Phycisphaera	666508	G	1204	130	1334	0.00029
Opitutus	178440	G	3634	409	4043	0.00087
Lacunisphaera	1961799	G	1234	229	1463	0.00031
Verrucomicrobium	2735	G	1620	220	1840	0.00040
Roseimicrobium	1348508	G	1279	63	1342	0.00029
Luteolibacter	518753	G	1176	69	1245	0.00027
Hymenobacter	89966	G	7294	567	7861	0.00169
Spirosoma	107	G	1620	111	1731	0.00037
Chryseolinea	1433993	G	1293	51	1344	0.00029
Alistipes	239759	G	1904	1193	3097	0.00067
Flavobacterium	237	G	1551	416	1967	0.00042
Niastella	354354	G	1037	172	1209	0.00026
Rhodothermus	29548	G	1467	91	1558	0.00034
Rhodocaloribacter	2893090	G	1392	170	1562	0.00034
Gemmatirosa	1706036	G	21000	2357	23357	0.00502
Gemmatimonas	173479	G	8772	290	9062	0.00195
Granulicella	940557	G	5274	650	5924	0.00127
Terriglobus	392733	G	4030	588	4618	0.00099
Candidatus Koribacter	658061	G	3791	156	3947	0.00085
Acidobacterium	33973	G	3667	359	4026	0.00087
Edaphobacter	388463	G	1868	278	2146	0.00046
Acidisarcina	2608728	G	1220	108	1328	0.00029
Paludibaculum	1649475	G	3911	121	4032	0.00087
Luteitalea	2004797	G	19919	1404	21323	0.00459
Chloracidobacterium	458032	G	1513	74	1587	0.00034
Nitrospira	1234	G	4139	75	4214	0.00091
Fusarium	5506	G	4632	432	5064	0.00109
Trichoderma	5543	G	2683	141	2824	0.00061
Metarhizium	5529	G	1059	195	1254	0.00027
Beauveria	5581	G	1132	65	1197	0.00026
Purpureocillium	1052105	G	1181	87	1268	0.00027
Aspergillus	5052	G	3158	231	3389	0.00073
Phytophthora	4783	G	2265	400	2665	0.00057
