name	taxonomy_id	taxonomy_lvl	kraken_assigned_reads	added_reads	new_est_reads	fraction_total_reads
Streptomyces	1883	G	2799926	537940	3337866	0.13540
Kitasatospora	2063	G	57546	16108	73654	0.00299
Streptacidiphilus	228398	G	30935	7286	38221	0.00155
Yinghuangia	2805681	G	22775	2973	25748	0.00104
Microbacterium	33882	G	214413	29633	244046	0.00990
Agromyces	33877	G	70227	13026	83253	0.00338
Curtobacterium	2034	G	46316	7787	54103	0.00219
Rathayibacter	33886	G	40271	7233	47504	0.00193
Clavibacter	1573	G	31332	22695	54027	0.00219
Leucobacter	55968	G	30828	4683	35511	0.00144
Leifsonia	110932	G	30630	16707	47337	0.00192
Agrococcus	46352	G	29071	6177	35248	0.00143
Protaetiibacter	2680004	G	13456	3022	16478	0.00067
Salinibacterium	235888	G	11223	1390	12613	0.00051
Cryobacterium	69578	G	10393	1172	11565	0.00047
Frondihabitans	447237	G	8822	1058	9880	0.00040
Plantibacter	190323	G	7709	775	8484	0.00034
Microterricola	518733	G	7591	1432	9023	0.00037
Microcella	337004	G	6870	1839	8709	0.00035
Cnuibacter	1759331	G	5559	915	6474	0.00026
Gryllotalpicola	1195526	G	5397	806	6203	0.00025
Herbiconiux	881616	G	5371	820	6191	0.00025
Frigoribacterium	96492	G	5268	1178	6446	0.00026
Mycetocola	76634	G	4888	492	5380	0.00022
Subtercola	120212	G	4594	300	4894	0.00020
Humibacter	427753	G	4270	729	4999	0.00020
Chryseoglobus	1331730	G	3882	591	4473	0.00018
Amnibacterium	1029631	G	3758	693	4451	0.00018
Gulosibacter	256818	G	3206	714	3920	0.00016
Marisediminicola	1230698	G	3014	288	3302	0.00013
Diaminobutyricimonas	1433997	G	2574	371	2945	0.00012
Agreia	110934	G	2326	217	2543	0.00010
Glaciihabitans	1649454	G	2273	139	2412	0.00010
Arthrobacter	1663	G	322469	65433	387902	0.01573
Pseudarthrobacter	1742993	G	46626	13094	59720	0.00242
Kocuria	57493	G	28021	6806	34827	0.00141
Micrococcus	1269	G	13507	7418	20925	0.00085
Sinomonas	596707	G	12814	2622	15436	0.00063
Paenarthrobacter	1742992	G	8350	3976	12326	0.00050
Glutamicibacter	1742989	G	8295	2394	10689	0.00043
Rothia	32207	G	5728	1933	7661	0.00031
Citricoccus	169133	G	4343	914	5257	0.00021
Nesterenkonia	57494	G	1497	78	1575	0.00006
Janibacter	53457	G	28839	7295	36134	0.00147
Phycicoccus	367298	G	26027	6613	32640	0.00132
Pedococcus	2805645	G	25986	7147	33133	0.00134
Intrasporangium	53357	G	25492	5656	31148	0.00126
Tetrasphaera	99479	G	18611	4533	23144	0.00094
Arsenicicoccus	267408	G	8661	2858	11519	0.00047
Cellulomonas	1707	G	108242	31731	139973	0.00568
Actinotalea	458839	G	7040	2134	9174	0.00037
Oerskovia	162491	G	5602	1514	7116	0.00029
Pseudactinotalea	1926259	G	4720	579	5299	0.00021
Paraoerskovia	665568	G	3791	835	4626	0.00019
Cellulosimicrobium	157920	G	32384	11382	43766	0.00178
Xylanimonas	186188	G	17501	4800	22301	0.00090
Isoptericola	254250	G	13448	5147	18595	0.00075
Ornithinimicrobium	125287	G	29539	5307	34846	0.00141
Serinicoccus	265976	G	22705	5334	28039	0.00114
Brachybacterium	43668	G	34794	4841	39635	0.00161
Dermabacter	36739	G	2321	1072	3393	0.00014
Brevibacterium	1696	G	35269	5981	41250	0.00167
Dermacoccus	57495	G	9869	2915	12784	0.00052
Luteipulveratus	745364	G	7812	933	8745	0.00035
Allobranchiibius	2040262	G	6342	1188	7530	0.00031
Yimella	908935	G	3631	622	4253	0.00017
Georgenia	154116	G	25932	6367	32299	0.00131
Ruania	626119	G	21329	2153	23482	0.00095
Pengzhenrongella	2888818	G	8237	1941	10178	0.00041
Luteimicrobium	754249	G	7114	1846	8960	0.00036
Beutenbergia	84756	G	8845	1229	10074	0.00041
Miniimonas	947525	G	6270	2732	9002	0.00037
Sanguibacter	60919	G	10944	2789	13733	0.00056
Gephyromycinifex	2885697	G	2462	259	2721	0.00011
Austwickia	1184606	G	1849	130	1979	0.00008
Kytococcus	57499	G	4642	1884	6526	0.00026
Demequina	577469	G	1545	101	1646	0.00007
Nocardioides	1839	G	986177	184366	1170543	0.04748
Aeromicrobium	2040	G	50567	8343	58910	0.00239
Marmoricola	86795	G	15635	5034	20669	0.00084
Pimelobacter	2044	G	12639	4048	16687	0.00068
Friedmanniella	53387	G	10794	1794	12588	0.00051
Mumia	1546255	G	8239	1223	9462	0.00038
Micropruina	116071	G	3956	478	4434	0.00018
Microlunatus	29404	G	34352	3294	37646	0.00153
Tessaracoccus	72763	G	27566	6753	34319	0.00139
Brevilactibacter	2717325	G	10792	3545	14337	0.00058
Acidipropionibacterium	1912215	G	9338	2974	12312	0.00050
Propionibacterium	1743	G	9014	2483	11497	0.00047
Auraticoccus	1278221	G	7283	1095	8378	0.00034
Raineyella	1911549	G	4205	472	4677	0.00019
Cutibacterium	1912216	G	4050	711	4761	0.00019
Arachnia	2801844	G	3993	250	4243	0.00017
Kribbella	182639	G	74960	9187	84147	0.00341
Actinopolymorpha	117156	G	14490	1346	15836	0.00064
Mycolicibacterium	1866885	G	262137	41836	303973	0.01233
Mycobacterium	1763	G	258459	63118	321577	0.01304
Mycolicibacter	1073531	G	17940	6152	24092	0.00098
Mycobacteroides	670516	G	15266	4034	19300	0.00078
Mycolicibacillus	2126281	G	3454	788	4242	0.00017
Hoyosella	697025	G	1589	71	1660	0.00007
Nocardia	1817	G	168341	24541	192882	0.00782
Rhodococcus	1827	G	154625	33703	188328	0.00764
Corynebacterium	1716	G	93533	19016	112549	0.00457
Gordonia	2053	G	77505	14290	91795	0.00372
Skermania	59613	G	3605	339	3944	0.00016
Tsukamurella	2060	G	25552	5360	30912	0.00125
Dietzia	37914	G	14655	2791	17446	0.00071
Tomitella	741759	G	8975	1545	10520	0.00043
Segniliparus	286801	G	2096	95	2191	0.00009
Amycolatopsis	1813	G	380145	59896	440041	0.01785
Pseudonocardia	1847	G	248674	35764	284438	0.01154
Saccharothrix	2071	G	82607	19061	101668	0.00412
Saccharopolyspora	1835	G	45969	8628	54597	0.00221
Lentzea	165301	G	35962	6154	42116	0.00171
Kutzneria	43356	G	30380	5148	35528	0.00144
Saccharomonospora	1851	G	29026	4214	33240	0.00135
Actinosynnema	40566	G	18360	4595	22955	0.00093
Actinoalloteichus	65496	G	17242	1376	18618	0.00076
Kibdelosporangium	2029	G	13953	1364	15317	0.00062
Allokutzneria	1137960	G	13600	2651	16251	0.00066
Alloactinosynnema	674734	G	10316	1857	12173	0.00049
Prauserella	142577	G	6122	452	6574	0.00027
Allosaccharopolyspora	2893576	G	4779	838	5617	0.00023
Micromonospora	1873	G	274501	61480	335981	0.01363
Actinoplanes	1865	G	198442	27682	226124	0.00917
Couchioplanes	56433	G	41039	8926	49965	0.00203
Dactylosporangium	35753	G	38289	3590	41879	0.00170
Phytohabitans	907364	G	37448	4218	41666	0.00169
Plantactinospora	673534	G	26737	4187	30924	0.00125
Actinocatenispora	390988	G	25568	2706	28274	0.00115
Catellatospora	53365	G	21165	3938	25103	0.00102
Polymorphospora	338583	G	13330	2517	15847	0.00064
Natronosporangium	2920401	G	7345	422	7767	0.00032
Verrucosispora	84593	G	5868	3986	9854	0.00040
Salinispora	168694	G	4369	634	5003	0.00020
Actinomadura	1988	G	216581	34049	250630	0.01017
Thermomonospora	2019	G	20425	4985	25410	0.00103
Nonomuraea	83681	G	144458	20727	165185	0.00670
Streptosporangium	2000	G	42362	6868	49230	0.00200
Thermobispora	147067	G	9250	1753	11003	0.00045
Nocardiopsis	2013	G	31317	5051	36368	0.00148
Thermobifida	83677	G	12903	2167	15070	0.00061
Streptomonospora	104204	G	7040	1135	8175	0.00033
Spiractinospora	2913367	G	4895	266	5161	0.00021
Blastococcus	38501	G	60458	15439	75897	0.00308
Modestobacter	88138	G	46248	12344	58592	0.00238
Geodermatophilus	1860	G	31137	9104	40241	0.00163
Actinomyces	1654	G	43901	5090	48991	0.00199
Schaalia	2529408	G	5614	848	6462	0.00026
Flaviflexus	1522056	G	3320	673	3993	0.00016
Trueperella	1069494	G	2818	709	3527	0.00014
Pauljensenia	2740557	G	1558	432	1990	0.00008
Nanchangia	2888879	G	1427	131	1558	0.00006
Frankia	1854	G	55492	4586	60078	0.00244
Jiangella	281472	G	33227	4785	38012	0.00154
Bifidobacterium	1678	G	23768	6233	30001	0.00122
Nakamurella	53460	G	22568	2480	25048	0.00102
Catenulispora	414878	G	14540	1744	16284	0.00066
Jatrophihabitans	1434010	G	10800	784	11584	0.00047
Stackebrandtia	283810	G	8029	631	8660	0.00035
Natronoglycomyces	2838311	G	1695	55	1750	0.00007
Kineococcus	33981	G	7860	1792	9652	0.00039
Epidermidibacterium	2078948	G	4864	1900	6764	0.00027
Actinopolyspora	1849	G	3793	320	4113	0.00017
Acidothermus	28048	G	2466	107	2573	0.00010
Conexibacter	191494	G	199581	25172	224753	0.00912
Miltoncostaea	2843200	G	47419	5331	52750	0.00214
Baekduia	2600304	G	77449	11046	88495	0.00359
Rubrobacter	42255	G	38829	1440	40269	0.00163
Aquihabitans	1648491	G	36012	5203	41215	0.00167
Iamia	467975	G	17427	2420	19847	0.00081
Actinomarinicola	2789775	G	16650	2862	19512	0.00079
Ilumatobacter	682522	G	8668	463	9131	0.00037
Acidimicrobium	53634	G	3195	217	3412	0.00014
Eggerthella	84111	G	6042	1708	7750	0.00031
Gordonibacter	644652	G	3260	1161	4421	0.00018
Adlercreutzia	447020	G	2663	478	3141	0.00013
Arabiibacter	2005386	G	2586	416	3002	0.00012
Raoultibacter	1926677	G	1360	92	1452	0.00006
Berryella	2815775	G	1052	984	2036	0.00008
Olsenella	133925	G	4086	628	4714	0.00019
Parolsenella	2082587	G	2434	698	3132	0.00013
Parafannyhessea	2847312	G	1495	736	2231	0.00009
Thermophilibacter	2847307	G	1433	444	1877	0.00008
Collinsella	102106	G	3791	947	4738	0.00019
Egibacter	1747770	G	8841	437	9278	0.00038
Egicoccus	1755825	G	8073	1040	9113	0.00037
Euzebya	908623	G	7823	537	8360	0.00034
Priestia	2800373	G	46862	37802	84664	0.00343
Bacillus	1386	G	19431	38927	58358	0.00237
Neobacillus	2675232	G	7309	2992	10301	0.00042
Geobacillus	129337	G	4504	1392	5896	0.00024
Hydrogenibacillus	1609627	G	3032	398	3430	0.00014
Peribacillus	2675229	G	2536	998	3534	0.00014
Anoxybacillus	150247	G	2031	477	2508	0.00010
Cytobacillus	2675230	G	1458	521	1979	0.00008
Metabacillus	2675233	G	1452	505	1957	0.00008
Lysinibacillus	400634	G	1343	395	1738	0.00007
Parageobacillus	1906945	G	1029	260	1289	0.00005
Paenibacillus	44249	G	72298	6555	78853	0.00320
Brevibacillus	55080	G	6471	1071	7542	0.00031
Cohnella	329857	G	4836	666	5502	0.00022
Thermobacillus	76632	G	2958	364	3322	0.00013
Saccharibacillus	456492	G	2260	244	2504	0.00010
Alicyclobacillus	29330	G	4647	327	4974	0.00020
Tumebacillus	432330	G	3037	964	4001	0.00016
Kyrpidia	1129704	G	1311	64	1375	0.00006
Planococcus	1372	G	2428	673	3101	0.00013
Staphylococcus	1279	G	1536	7818	9354	0.00038
Exiguobacterium	33986	G	2077	555	2632	0.00011
Streptococcus	1301	G	2088	1930	4018	0.00016
Faecalibacterium	216851	G	3264	2513	5777	0.00023
Dysosmobacter	2591381	G	1871	998	2869	0.00012
Flavonifractor	946234	G	1792	551	2343	0.00010
Thermaerobacter	73918	G	11051	777	11828	0.00048
Clostridium	1485	G	5842	1337	7179	0.00029
Symbiobacterium	2733	G	4454	332	4786	0.00019
Candidatus Desulforudis	471826	G	1193	78	1271	0.00005
Christensenella	990721	G	1479	634	2113	0.00009
Heliomicrobium	2831443	G	1177	663	1840	0.00007
Moorella	44260	G	2002	127	2129	0.00009
Gelria	189326	G	1510	139	1649	0.00007
Selenomonas	970	G	5369	289	5658	0.00023
Megasphaera	906	G	1411	497	1908	0.00008
Limnochorda	1676651	G	4438	152	4590	0.00019
Deinococcus	1298	G	50169	4695	54864	0.00223
Thermus	270	G	7790	521	8311	0.00034
Oceanithermus	208447	G	4302	373	4675	0.00019
Meiothermus	65551	G	4215	223	4438	0.00018
Marinithermus	186191	G	2605	357	2962	0.00012
Truepera	332248	G	3783	167	3950	0.00016
Synechococcus	1129	G	23472	2564	26036	0.00106
Cyanobium	167375	G	4955	1025	5980	0.00024
Nostoc	1177	G	3765	1708	5473	0.00022
Calothrix	1186	G	1987	562	2549	0.00010
Leptolyngbya	47251	G	3760	286	4046	0.00016
Thermoleptolyngbya	2303528	G	1058	121	1179	0.00005
Gloeobacter	33071	G	7016	193	7209	0.00029
Geitlerinema	63132	G	1189	520	1709	0.00007
Sphaerobacter	2056	G	10355	478	10833	0.00044
Thermomicrobium	499	G	2582	44	2626	0.00011
Roseiflexus	120961	G	8203	343	8546	0.00035
Chloroflexus	1107	G	2697	85	2782	0.00011
Tepidiforma	2682228	G	6547	224	6771	0.00027
Candidatus Promineofilum	1988031	G	6525	107	6632	0.00027
Caldilinea	233191	G	3182	146	3328	0.00014
Anaerolinea	233189	G	1159	128	1287	0.00005
Ktedonosporobacter	2692417	G	2371	50	2421	0.00010
Dehalogenimonas	670486	G	1266	58	1324	0.00005
Thermobaculum	262406	G	1206	130	1336	0.00005
Fimbriimonas	1005038	G	3684	17	3701	0.00015
Bradyrhizobium	374	G	1256470	126029	1382499	0.05608
Rhodopseudomonas	1073	G	55271	11941	67212	0.00273
Tardiphaga	1395974	G	20959	2093	23052	0.00094
Nitrobacter	911	G	19173	1884	21057	0.00085
Afipia	1033	G	17183	5768	22951	0.00093
Variibacter	1649510	G	11610	707	12317	0.00050
Mesorhizobium	68287	G	334634	51361	385995	0.01566
Aquibium	2911176	G	15837	3026	18863	0.00077
Aminobacter	31988	G	14647	8318	22965	0.00093
Nitratireductor	245876	G	10862	1289	12151	0.00049
Phyllobacterium	28100	G	6773	544	7317	0.00030
Roseitalea	1915401	G	4837	648	5485	0.00022
Hoeflea	274591	G	3933	295	4228	0.00017
Oricola	1594166	G	3281	356	3637	0.00015
Salaquimonas	2712688	G	1338	48	1386	0.00006
Rhizobium	379	G	164924	56555	221479	0.00898
Agrobacterium	357	G	28792	9732	38524	0.00156
Neorhizobium	1525371	G	13937	2586	16523	0.00067
Pseudorhizobium	1903858	G	4051	608	4659	0.00019
Sinorhizobium	28105	G	33468	11416	44884	0.00182
Ensifer	106591	G	32463	5228	37691	0.00153
Shinella	323620	G	24538	14692	39230	0.00159
Ciceribacter	1648508	G	3333	525	3858	0.00016
Georhizobium	2661800	G	3051	521	3572	0.00014
Peteryoungia	2853332	G	1184	167	1351	0.00005
Methylobacterium	407	G	142497	21642	164139	0.00666
Microvirga	186650	G	46091	4465	50556	0.00205
Methylorubrum	2282523	G	31064	10627	41691	0.00169
Pseudolabrys	556257	G	70333	8480	78813	0.00320
Starkeya	152053	G	21051	4586	25637	0.00104
Xanthobacter	279	G	19471	3860	23331	0.00095
Ancylobacter	99	G	18082	5293	23375	0.00095
Labrys	204476	G	9070	765	9835	0.00040
Azorhizobium	6	G	6421	1138	7559	0.00031
Rhodoplanes	29407	G	94074	7384	101458	0.00412
Hyphomicrobium	81	G	21486	1207	22693	0.00092
Methyloceanibacter	1484898	G	8718	500	9218	0.00037
Methyloligella	1485594	G	5930	598	6528	0.00026
Aquabacter	45402	G	5211	693	5904	0.00024
Rhodomicrobium	1068	G	4042	230	4272	0.00017
Caenibius	2827482	G	3345	1267	4612	0.00019
Filomicrobium	119044	G	1787	43	1830	0.00007
Bosea	85413	G	64785	8251	73036	0.00296
Devosia	46913	G	48032	3313	51345	0.00208
Youhaiella	1827478	G	4893	920	5813	0.00024
Paradevosia	1573407	G	4802	1533	6335	0.00026
Pelagibacterium	1082930	G	2228	260	2488	0.00010
Nordella	169055	G	29617	1336	30953	0.00126
Pseudorhodoplanes	1734920	G	15941	940	16881	0.00068
Terrihabitans	2874214	G	4103	376	4479	0.00018
Aureimonas	414371	G	26377	4384	30761	0.00125
Martelella	293088	G	13774	2003	15777	0.00064
Aurantimonas	182269	G	7004	1708	8712	0.00035
Methylocystis	133	G	23018	1679	24697	0.00100
Methylosinus	425	G	11229	1394	12623	0.00051
Phreatobacter	1632780	G	29101	4000	33101	0.00134
Stappia	152161	G	10921	1679	12600	0.00051
Roseibium	150830	G	5547	583	6130	0.00025
Pannonibacter	227873	G	5076	2881	7957	0.00032
Labrenzia	478070	G	4519	322	4841	0.00020
Kaustia	2838250	G	8657	691	9348	0.00038
Parvibaculum	256616	G	4429	2739	7168	0.00029
Pyruvatibacter	1742974	G	2877	302	3179	0.00013
Candidatus Phaeomarinobacter	1541445	G	1254	53	1307	0.00005
Methylocella	120652	G	8405	632	9037	0.00037
Methylovirgula	1156568	G	6782	460	7242	0.00029
Beijerinckia	532	G	1878	122	2000	0.00008
Blastochloris	59282	G	16686	3213	19899	0.00081
Chelatococcus	28209	G	15169	2740	17909	0.00073
Kaistia	166953	G	10148	2033	12181	0.00049
Acuticoccus	1904377	G	9742	880	10622	0.00043
Brucella	234	G	8412	3753	12165	0.00049
Pseudochrobactrum	354349	G	1002	152	1154	0.00005
Hartmannibacter	1572860	G	5971	862	6833	0.00028
Breoghania	1406135	G	5836	631	6467	0.00026
Lichenihabitans	2723776	G	5634	224	5858	0.00024
Cohaesibacter	655352	G	1113	38	1151	0.00005
Bartonella	773	G	1026	57	1083	0.00004
Sphingomonas	13687	G	333308	39839	373147	0.01514
Sphingobium	165695	G	69602	32645	102247	0.00415
Sphingopyxis	165697	G	61802	10900	72702	0.00295
Novosphingobium	165696	G	55389	16897	72286	0.00293
Rhizorhabdus	1649486	G	20264	8015	28279	0.00115
Sphingosinithalassobacter	2676233	G	8261	1710	9971	0.00040
Allosphingosinicella	2823232	G	6703	699	7402	0.00030
Parasphingopyxis	1234545	G	5053	214	5267	0.00021
Sphingorhabdus	1434046	G	4649	256	4905	0.00020
Blastomonas	150203	G	4581	710	5291	0.00021
Hankyongella	1763827	G	3164	511	3675	0.00015
Tardibacter	2685927	G	2885	1800	4685	0.00019
Citromicrobium	72173	G	2578	1005	3583	0.00015
Novosphingopyxis	2709686	G	2081	983	3064	0.00012
Parasphingorhabdus	2709685	G	1445	38	1483	0.00006
Aquisediminimonas	2676781	G	1197	40	1237	0.00005
Erythrobacter	1041	G	28705	6264	34969	0.00142
Porphyrobacter	1111	G	9263	2181	11444	0.00046
Qipengyuania	1855416	G	18136	4133	22269	0.00090
Croceicoccus	1295327	G	11032	5793	16825	0.00068
Altererythrobacter	361177	G	10496	2327	12823	0.00052
Tsuneonella	2800686	G	10194	1761	11955	0.00048
Aurantiacibacter	2800681	G	2123	301	2424	0.00010
Pelagerythrobacter	2800685	G	1890	225	2115	0.00009
Paraurantiacibacter	2800682	G	1824	204	2028	0.00008
Croceibacterium	2676755	G	1778	630	2408	0.00010
Sphingosinicella	335405	G	15555	1423	16978	0.00069
Polymorphobacter	1508451	G	8083	276	8359	0.00034
Sandaracinobacter	56358	G	3489	209	3698	0.00015
Azospirillum	191	G	91443	10111	101554	0.00412
Skermanella	204447	G	34210	4132	38342	0.00156
Nitrospirillum	1543705	G	7119	695	7814	0.00032
Indioceanicola	2478349	G	5219	599	5818	0.00024
Niveispirillum	1543704	G	2794	256	3050	0.00012
Roseomonas	125216	G	51290	6333	57623	0.00234
Rhodovastum	504465	G	11919	986	12905	0.00052
Komagataeibacter	1434011	G	8629	3096	11725	0.00048
Acidiphilium	522	G	7451	3619	11070	0.00045
Roseococcus	35812	G	6393	478	6871	0.00028
Sediminicoccus	1706033	G	5348	221	5569	0.00023
Lichenicola	2804525	G	5250	207	5457	0.00022
Acidibrevibacterium	2603324	G	5228	396	5624	0.00023
Acetobacter	434	G	4545	1104	5649	0.00023
Gluconobacter	441	G	3503	715	4218	0.00017
Gluconacetobacter	89583	G	3325	535	3860	0.00016
Granulibacter	364409	G	2174	155	2329	0.00009
Neoasaia	320496	G	1415	218	1633	0.00007
Asaia	91914	G	1380	187	1567	0.00006
Kozakia	153497	G	1072	284	1356	0.00006
Hypericibacter	2705399	G	33200	1707	34907	0.00142
Magnetospirillum	13134	G	17389	294464	311853	0.01265
Rhodospirillum	1081	G	10272	1010	11282	0.00046
Tistrella	171436	G	7573	3044	10617	0.00043
Ferrovibrio	1231242	G	6905	378	7283	0.00030
Defluviicoccus	111830	G	3942	301	4243	0.00017
Pararhodospirillum	1612157	G	2201	142	2343	0.00010
Stella	93	G	16455	982	17437	0.00071
Elioraea	457933	G	7161	306	7467	0.00030
Thalassospira	168934	G	3063	236	3299	0.00013
Magnetospira	1182780	G	1600	45	1645	0.00007
Paracoccus	265	G	51363	7500	58863	0.00239
Cereibacter	1653176	G	13773	2994	16767	0.00068
Rhodobacter	1060	G	13581	3430	17011	0.00069
Rhodovulum	34008	G	7889	1417	9306	0.00038
Polymorphum	991903	G	6048	1283	7331	0.00030
Paroceanicella	2683599	G	5906	1266	7172	0.00029
Pikeienuella	2831955	G	4202	340	4542	0.00018
Thioclava	285107	G	4112	423	4535	0.00018
Pontivivens	1844015	G	3748	237	3985	0.00016
Pelagovum	2795377	G	3297	341	3638	0.00015
Silicimonas	1955420	G	3270	160	3430	0.00014
Frigidibacter	1775705	G	2850	1008	3858	0.00016
Pukyongiella	2831925	G	2713	523	3236	0.00013
Brevirhabdus	1855413	G	2380	903	3283	0.00013
Fuscovulum	2818469	G	2036	206	2242	0.00009
Gymnodinialimonas	2937410	G	2035	159	2194	0.00009
Haematobacter	366614	G	1922	642	2564	0.00010
Gemmobacter	204456	G	1706	298	2004	0.00008
Pseudopuniceibacterium	2613960	G	1698	109	1807	0.00007
Falsirhodobacter	1434002	G	1695	197	1892	0.00008
Pacificitalea	2846749	G	1682	296	1978	0.00008
Tabrizicola	1443919	G	1671	121	1792	0.00007
Pseudooceanicola	1679449	G	1603	128	1731	0.00007
Roseicitreum	1209946	G	1343	57	1400	0.00006
Monaibacterium	2029873	G	1340	250	1590	0.00006
Tritonibacter	2083206	G	1184	428	1612	0.00007
Roseovarius	74030	G	13706	1708	15414	0.00063
Sulfitobacter	60136	G	13704	2046	15750	0.00064
Salipiger	263377	G	10716	2785	13501	0.00055
Roseivivax	93682	G	8222	1006	9228	0.00037
Celeribacter	875170	G	5733	1751	7484	0.00030
Phaeobacter	302485	G	5056	804	5860	0.00024
Leisingera	191028	G	4811	519	5330	0.00022
Ruegeria	97050	G	4633	565	5198	0.00021
Pseudosulfitobacter	2854186	G	3906	847	4753	0.00019
Yangia	2919626	G	3713	508	4221	0.00017
Sagittula	58842	G	3387	1093	4480	0.00018
Ponticoccus	983507	G	2563	311	2874	0.00012
Mameliella	1434019	G	2524	369	2893	0.00012
Roseobacter	2433	G	2327	54	2381	0.00010
Dinoroseobacter	309512	G	2242	634	2876	0.00012
Ketogulonicigenium	92944	G	2160	327	2487	0.00010
Octadecabacter	53945	G	1966	100	2066	0.00008
Actibacterium	1433986	G	1849	705	2554	0.00010
Roseibacterium	159345	G	1827	127	1954	0.00008
Oceanicola	252301	G	1713	72	1785	0.00007
Maribius	387095	G	1316	56	1372	0.00006
Antarctobacter	74032	G	1296	54	1350	0.00005
Tateyamaria	299261	G	1288	34	1322	0.00005
Thalassococcus	436357	G	1269	26	1295	0.00005
Jannaschia	188905	G	1245	27	1272	0.00005
Caulobacter	75	G	70102	8525	78627	0.00319
Brevundimonas	41275	G	52671	6842	59513	0.00241
Phenylobacterium	20	G	23119	3322	26441	0.00107
Terricaulis	2768684	G	9589	283	9872	0.00040
Asticcacaulis	76890	G	4626	312	4938	0.00020
Hyphomonas	85	G	5263	216	5479	0.00022
Candidatus Viadribacter	2892997	G	4385	101	4486	0.00018
Marinicauda	1649466	G	4551	662	5213	0.00021
Maricaulis	74317	G	1638	91	1729	0.00007
Glycocaulis	1433402	G	1476	66	1542	0.00006
Hyphobacterium	2004661	G	1168	41	1209	0.00005
Aquisalinus	1795639	G	1980	80	2060	0.00008
Micavibrio	213485	G	1059	11	1070	0.00004
Burkholderia	32008	G	264303	159077	423380	0.01717
Paraburkholderia	1822464	G	146618	14821	161439	0.00655
Cupriavidus	106589	G	137443	50756	188199	0.00763
Ralstonia	48736	G	38671	23958	62629	0.00254
Pandoraea	93217	G	37491	5900	43391	0.00176
Caballeronia	1827195	G	37061	4387	41448	0.00168
Polynucleobacter	44013	G	3477	86	3563	0.00014
Lautropia	47670	G	2619	446	3065	0.00012
Chitinimonas	240411	G	2301	173	2474	0.00010
Mycetohabitans	2571159	G	2076	129	2205	0.00009
Variovorax	34072	G	139879	45882	185761	0.00754
Hydrogenophaga	47420	G	51454	21616	73070	0.00296
Acidovorax	12916	G	48305	24336	72641	0.00295
Ramlibacter	174951	G	29998	11082	41080	0.00167
Comamonas	283	G	29520	13614	43134	0.00175
Rhodoferax	28065	G	24972	5583	30555	0.00124
Schlegelella	215579	G	17364	5088	22452	0.00091
Diaphorobacter	238749	G	16029	15602	31631	0.00128
Delftia	80865	G	14513	14064	28577	0.00116
Polaromonas	52972	G	13786	1146	14932	0.00061
Kinneretia	683756	G	11374	6393	17767	0.00072
Ottowia	219181	G	8492	1406	9898	0.00040
Alicycliphilus	201096	G	7610	12318	19928	0.00081
Melaminivora	1649468	G	6640	5725	12365	0.00050
Serpentinimonas	2490452	G	4562	1018	5580	0.00023
Verminephrobacter	364316	G	3841	448	4289	0.00017
Pulveribacter	2678886	G	3014	1484	4498	0.00018
Hylemonella	232523	G	3000	412	3412	0.00014
Simplicispira	352450	G	2351	824	3175	0.00013
Limnohabitans	665874	G	1518	139	1657	0.00007
Curvibacter	281915	G	1111	76	1187	0.00005
Massilia	149698	G	139955	23611	163566	0.00663
Duganella	75654	G	12183	3858	16041	0.00065
Janthinobacterium	29580	G	25133	4949	30082	0.00122
Herbaspirillum	963	G	23992	4321	28313	0.00115
Collimonas	202907	G	11083	1210	12293	0.00050
Noviherbaspirillum	1344552	G	6361	1035	7396	0.00030
Undibacterium	401469	G	1514	93	1607	0.00007
Achromobacter	222	G	74164	30131	104295	0.00423
Bordetella	517	G	65199	44176	109375	0.00444
Pigmentiphaga	152267	G	10531	1117	11648	0.00047
Orrella	1921582	G	4951	1428	6379	0.00026
Castellaniella	359336	G	4556	2942	7498	0.00030
Alcaligenes	507	G	3132	674	3806	0.00015
Pusillimonas (ex Stolz et al. 2005)	305976	G	2415	419	2834	0.00011
Paralcaligenes	1148163	G	1543	57	1600	0.00006
Kerstersia	257820	G	1444	285	1729	0.00007
Advenella	290425	G	1341	38	1379	0.00006
Rhizobacter	212743	G	24911	5480	30391	0.00123
Sphaerotilus	34102	G	14940	7359	22299	0.00090
Rubrivivax	28067	G	12047	3749	15796	0.00064
Methylibium	316612	G	11940	3563	15503	0.00063
Thiomonas	32012	G	9902	599	10501	0.00043
Aquincola	391952	G	9145	3153	12298	0.00050
Mitsuaria	65047	G	8636	1711	10347	0.00042
Leptothrix	88	G	8487	2698	11185	0.00045
Xylophilus	54066	G	6327	1839	8166	0.00033
Ideonella	36862	G	5183	3109	8292	0.00034
Tepidimonas	114248	G	4243	1517	5760	0.00023
Aquabacterium	92793	G	3763	992	4755	0.00019
Roseateles	93681	G	3704	708	4412	0.00018
Inhella	644355	G	2612	414	3026	0.00012
Paucibacter	318147	G	2381	406	2787	0.00011
Sutterella	40544	G	3325	285	3610	0.00015
Thauera	33057	G	29956	18089	48045	0.00195
Azoarcus	12960	G	25294	7910	33204	0.00135
Nitrogeniibacter	2891294	G	8024	1229	9253	0.00038
Aromatoleum	551759	G	23897	6837	30734	0.00125
Azospira	146937	G	16554	7397	23951	0.00097
Niveibacterium	1769726	G	4451	609	5060	0.00021
Oryzomicrobium	1911577	G	3157	772	3929	0.00016
Dechloromonas	73029	G	7134	1198	8332	0.00034
Ferribacterium	88875	G	6040	1001	7041	0.00029
Quatrionicoccus	138117	G	2727	793	3520	0.00014
Usitatibacter	2803845	G	41257	3106	44363	0.00180
Denitratisoma	311181	G	6364	3104	9468	0.00038
Sulfuritalea	1054211	G	5166	778	5944	0.00024
Methyloversatilis	378210	G	4650	613	5263	0.00021
Sterolibacterium	157591	G	3361	918	4279	0.00017
Sideroxydans	314343	G	4794	638	5432	0.00022
Ferrigenium	2249462	G	3462	701	4163	0.00017
Ferriphaselus	1443590	G	1084	142	1226	0.00005
Thiobacillus	919	G	6080	1167	7247	0.00029
Sulfuritortus	1938335	G	4221	1775	5996	0.00024
Nitrosospira	35798	G	7989	255	8244	0.00033
Nitrosomonas	914	G	2152	270	2422	0.00010
Sulfurimicrobium	2772198	G	3624	472	4096	0.00017
Sulfuriferula	1778653	G	3529	559	4088	0.00017
Sulfuricella	935200	G	1861	176	2037	0.00008
Methylovorus	81682	G	1725	171	1896	0.00008
Methylobacillus	404	G	1245	357	1602	0.00006
Chromobacterium	535	G	23494	4751	28245	0.00115
Pseudogulbenkiania	568394	G	13404	3968	17372	0.00070
Jeongeupia	885864	G	7148	1232	8380	0.00034
Paludibacterium	400060	G	5663	870	6533	0.00027
Vogesella	57739	G	3938	854	4792	0.00019
Aquitalea	407217	G	3363	562	3925	0.00016
Microvirgula	57479	G	2978	515	3493	0.00014
Laribacter	168470	G	2084	1745	3829	0.00016
Aquaspirillum	187	G	1384	185	1569	0.00006
Neisseria	482	G	8046	2631	10677	0.00043
Crenobacter	1654931	G	5144	1545	6689	0.00027
Chitinolyticbacter	1055692	G	3248	372	3620	0.00015
Vitreoscilla	59	G	1777	289	2066	0.00008
Kingella	32257	G	1197	360	1557	0.00006
Casimicrobium	2706000	G	3635	1637	5272	0.00021
Lysobacter	68	G	181414	29690	211104	0.00856
Stenotrophomonas	40323	G	67411	27426	94837	0.00385
Xanthomonas	338	G	65659	35788	101447	0.00412
Luteimonas	83614	G	40780	7581	48361	0.00196
Pseudoxanthomonas	83618	G	28439	11712	40151	0.00163
Thermomonas	141948	G	19102	4811	23913	0.00097
Arenimonas	490567	G	5334	979	6313	0.00026
Pseudolysobacter	2709666	G	3310	81	3391	0.00014
Luteibacter	242605	G	23713	2423	26136	0.00106
Rhodanobacter	75309	G	19388	3857	23245	0.00094
Dyella	231454	G	18417	2839	21256	0.00086
Frateuria	70411	G	18021	4121	22142	0.00090
Dokdonella	323413	G	9816	1559	11375	0.00046
Aerosticca	2707020	G	4265	5151	9416	0.00038
Ahniella	2233801	G	2520	59	2579	0.00010
Pseudomonas	286	G	444443	122982	567425	0.02302
Azotobacter	352	G	9783	4501	14284	0.00058
Halopseudomonas	2901189	G	5355	866	6221	0.00025
Marinobacter	2742	G	10799	871	11670	0.00047
Klebsiella	570	G	12646	74958	87604	0.00355
Raoultella	160674	G	3355	2039	5394	0.00022
Enterobacter	547	G	13814	19774	33588	0.00136
Citrobacter	544	G	6156	6042	12198	0.00049
Cronobacter	413496	G	3959	850	4809	0.00020
Kosakonia	1330547	G	3587	569	4156	0.00017
Leclercia	83654	G	3404	1686	5090	0.00021
Salmonella	590	G	2857	53835	56692	0.00230
Pluralibacter	1330546	G	2525	615	3140	0.00013
Escherichia	561	G	2135	39293	41428	0.00168
Cedecea	158483	G	2033	280	2313	0.00009
Lelliottia	1330545	G	1276	259	1535	0.00006
Kluyvera	579	G	1046	279	1325	0.00005
Serratia	613	G	21109	13489	34598	0.00140
Rahnella	34037	G	2030	473	2503	0.00010
Yersinia	629	G	1933	2905	4838	0.00020
Nissabacter	1964366	G	1375	184	1559	0.00006
Pantoea	53335	G	12545	2477	15022	0.00061
Erwinia	551	G	4947	908	5855	0.00024
Mixta	2100764	G	2884	784	3668	0.00015
Dickeya	204037	G	6084	1189	7273	0.00030
Pectobacterium	122277	G	3465	609	4074	0.00017
Brenneria	71655	G	2203	156	2359	0.00010
Edwardsiella	635	G	3533	1472	5005	0.00020
Sodalis	84565	G	2527	159	2686	0.00011
Thioalkalivibrio	106633	G	14926	2345	17271	0.00070
Spiribacter	1335745	G	9606	619	10225	0.00041
Acidihalobacter	1765964	G	6527	493	7020	0.00028
Halorhodospira	85108	G	3251	245	3496	0.00014
Aquisalimonas	406099	G	2733	171	2904	0.00012
Alkalilimnicola	133193	G	2671	306	2977	0.00012
Ectothiorhodospira	1051	G	2394	205	2599	0.00011
Thiodictyon	53392	G	5341	253	5594	0.00023
Allochromatium	85072	G	5219	1045	6264	0.00025
Thioflavicoccus	156885	G	4713	384	5097	0.00021
Marichromatium	85076	G	4498	772	5270	0.00021
Thiocapsa	1056	G	3598	170	3768	0.00015
Thiocystis	13724	G	2716	206	2922	0.00012
Thermochromatium	85073	G	1777	366	2143	0.00009
Caldichromatium	2828366	G	1233	123	1356	0.00006
Nitrosococcus	1227	G	1163	30	1193	0.00005
Wenzhouxiangella	1676142	G	5153	228	5381	0.00022
Thiohalobacter	1273155	G	3820	394	4214	0.00017
Guyparkeria	2035712	G	2953	634	3587	0.00015
Sulfurivermis	2034504	G	2892	994	3886	0.00016
Halothiobacillus	109262	G	1863	137	2000	0.00008
Woeseia	1738655	G	1574	24	1598	0.00006
Halomonas	2745	G	52300	6958	59258	0.00240
Cobetia	204286	G	3357	2139	5496	0.00022
Halotalea	376488	G	3085	547	3632	0.00015
Salinicola	404432	G	2802	289	3091	0.00013
Kushneria	504090	G	2114	94	2208	0.00009
Chromohalobacter	42054	G	1978	195	2173	0.00009
Pistricoccus	1897649	G	1187	74	1261	0.00005
Alcanivorax	59753	G	6918	2847	9765	0.00040
Marinobacterium	48075	G	2128	246	2374	0.00010
Hahella	158481	G	1585	56	1641	0.00007
Aeromonas	642	G	29913	21038	50951	0.00207
Zobellella	347533	G	1890	379	2269	0.00009
Oceanimonas	129577	G	1007	184	1191	0.00005
Methylococcus	413	G	10299	720	11019	0.00045
Methylomonas	416	G	6745	218	6963	0.00028
Methylomagnum	1760987	G	3065	131	3196	0.00013
Methylomicrobium	39773	G	2763	625	3388	0.00014
Methylogaea	1295378	G	2579	195	2774	0.00011
Methylocaldum	73778	G	2485	138	2623	0.00011
Solimonas	413435	G	9075	824	9899	0.00040
Flagellatimonas	2893022	G	2827	166	2993	0.00012
Sinimarinibacterium	1861863	G	1474	715	2189	0.00009
Steroidobacter	469322	G	8544	2098	10642	0.00043
Sulfurifustis	1692042	G	10357	610	10967	0.00044
Sulfuricaulis	1744881	G	4718	337	5055	0.00021
Acidiferrobacter	986106	G	3413	61	3474	0.00014
Shewanella	22	G	8913	1529	10442	0.00042
Alteromonas	226	G	1224	550	1774	0.00007
Pseudoalteromonas	53246	G	2534	275	2809	0.00011
Ferrimonas	44011	G	1054	110	1164	0.00005
Microbulbifer	48073	G	9002	491	9493	0.00039
Kineobactrum	2678529	G	1604	64	1668	0.00007
Halioglobus	1217416	G	1318	45	1363	0.00006
Cellvibrio	10	G	1819	71	1890	0.00008
Spongiibacter	630749	G	1312	116	1428	0.00006
Vibrio	662	G	8714	2473	11187	0.00045
Photobacterium	657	G	1347	239	1586	0.00006
Acinetobacter	469	G	4014	2099	6113	0.00025
Immundisolibacter	1934947	G	4719	789	5508	0.00022
Candidatus Endoriftia	393764	G	1404	82	1486	0.00006
Thiothrix	1030	G	1535	41	1576	0.00006
Salinisphaera	180541	G	3214	119	3333	0.00014
Legionella	445	G	1939	186	2125	0.00009
Cardiobacterium	2717	G	1652	212	1864	0.00008
Anaeromyxobacter	161492	G	127813	8077	135890	0.00551
Myxococcus	32	G	38167	66343	104510	0.00424
Corallococcus	83461	G	36994	2410	39404	0.00160
Pyxidicoccus	224458	G	25993	917	26910	0.00109
Archangium	47	G	54092	5346	59438	0.00241
Cystobacter	42	G	14186	3298	17484	0.00071
Stigmatella	40	G	11922	756	12678	0.00051
Melittangium	44	G	9226	1944	11170	0.00045
Vulgatibacter	1524214	G	10524	699	11223	0.00046
Sorangium	39643	G	152201	16415	168616	0.00684
Polyangium	55	G	33905	2816	36721	0.00149
Chondromyces	50	G	17090	693	17783	0.00072
Sandaracinus	1055688	G	59061	2813	61874	0.00251
Labilithrix	1524217	G	27151	1080	28231	0.00115
Haliangium	162027	G	29400	1316	30716	0.00125
Geomonas	2651583	G	18652	2659	21311	0.00086
Geobacter	28231	G	15606	1460	17066	0.00069
Citrifermentans	2883512	G	5955	1239	7194	0.00029
Geotalea	2910589	G	2869	166	3035	0.00012
Geoalkalibacter	392332	G	1196	816	2012	0.00008
Desulfuromonas	890	G	11746	1245	12991	0.00053
Pelobacter	18	G	1808	552	2360	0.00010
Syntrophotalea	2812025	G	2507	251	2758	0.00011
Desulfovibrio	872	G	11241	1287	12528	0.00051
Pseudodesulfovibrio	2035811	G	10887	1769	12656	0.00051
Solidesulfovibrio	2910984	G	7367	679	8046	0.00033
Oceanidesulfovibrio	2905722	G	2988	159	3147	0.00013
Desulfocurvibacter	2582840	G	2234	142	2376	0.00010
Desulfolutivibrio	2773294	G	2010	468	2478	0.00010
Megalodesulfovibrio	2910978	G	1728	73	1801	0.00007
Desulfomicrobium	898	G	2198	213	2411	0.00010
Desulfosarcina	2299	G	5177	631	5808	0.00024
Desulfococcus	896	G	1257	215	1472	0.00006
Desulfobulbus	893	G	3080	445	3525	0.00014
Desulfurivibrio	427922	G	1149	50	1199	0.00005
Desulfosudis	2904716	G	1258	72	1330	0.00005
Persicimonas	2766927	G	8881	239	9120	0.00037
Bradymonas	1779136	G	2997	1214	4211	0.00017
Syntrophobacter	29526	G	2063	653	2716	0.00011
Desulfoglaeba	361106	G	1537	63	1600	0.00006
Desulfarculus	453229	G	3203	1433	4636	0.00019
Campylobacter	194	G	1942	239	2181	0.00009
Sulfurimonas	202746	G	1177	93	1270	0.00005
Acidithiobacillus	119977	G	3695	356	4051	0.00016
Bdellovibrio	958	G	1407	70	1477	0.00006
Hydrogenophilus	70774	G	1275	222	1497	0.00006
Gemmata	113	G	56194	5257	61451	0.00249
Urbifossiella	2807415	G	46844	3935	50779	0.00206
Frigoriglobus	2774146	G	31051	4887	35938	0.00146
Limnoglobus	2731450	G	24158	1097	25255	0.00102
Tuwongella	2051044	G	2896	117	3013	0.00012
Telmatocola	1382832	G	2295	21	2316	0.00009
Aquisphaera	1511635	G	28180	4272	32452	0.00132
Tautonia	2680020	G	25151	1960	27111	0.00110
Paludisphaera	1763521	G	19692	3853	23545	0.00096
Singulisphaera	466152	G	16090	2114	18204	0.00074
Isosphaera	127	G	3006	196	3202	0.00013
Lacipirellula	2691417	G	21900	1309	23209	0.00094
Pirellulimonas	2795783	G	8636	810	9446	0.00038
Botrimarina	2795782	G	7546	609	8155	0.00033
Aeoliella	2795781	G	3051	217	3268	0.00013
Adhaeretor	2862451	G	1749	145	1894	0.00008
Bythopirellula	1400386	G	1497	92	1589	0.00006
Stieleria	2795973	G	6817	674	7491	0.00030
Lignipirellula	2795775	G	6326	603	6929	0.00028
Rosistilla	2795779	G	6242	392	6634	0.00027
Anatilimnocola	2807414	G	6080	554	6634	0.00027
Pirellula	123	G	4223	124	4347	0.00018
Bremerella	2714594	G	3983	256	4239	0.00017
Roseimaritima	1579506	G	3697	208	3905	0.00016
Rubripirellula	1579505	G	1699	276	1975	0.00008
Mariniblastus	2005380	G	1257	20	1277	0.00005
Rhodopirellula	265488	G	1151	69	1220	0.00005
Aureliella	2795605	G	1063	71	1134	0.00005
Thermogutta	1676125	G	1156	31	1187	0.00005
Planctomyces	118	G	26746	5723	32469	0.00132
Gimesia	1649453	G	9561	442	10003	0.00041
Caulifigura	2795778	G	8455	477	8932	0.00036
Alienimonas	2714737	G	6732	432	7164	0.00029
Maioricimonas	2795777	G	6698	718	7416	0.00030
Symmachiella	2795780	G	3050	153	3203	0.00013
Fuerstiella	1936111	G	1783	27	1810	0.00007
Rubinisphaera	1649490	G	1762	152	1914	0.00008
Crateriforma	2714592	G	1588	295	1883	0.00008
Planctopirus	1649480	G	1574	55	1629	0.00007
Calycomorphotria	2795776	G	1465	47	1512	0.00006
Humisphaera	2807511	G	12222	284	12506	0.00051
Phycisphaera	666508	G	6130	453	6583	0.00027
Mucisphaera	2913022	G	2677	133	2810	0.00011
Opitutus	178440	G	19899	1520	21419	0.00087
Lacunisphaera	1961799	G	7013	851	7864	0.00032
Oleiharenicola	2100741	G	4655	215	4870	0.00020
Nibricoccus	2576890	G	4069	159	4228	0.00017
Ereboglobus	2028344	G	3021	130	3151	0.00013
Ruficoccus	2175957	G	1396	179	1575	0.00006
Verrucomicrobium	2735	G	7400	532	7932	0.00032
Luteolibacter	518753	G	5933	201	6134	0.00025
Roseimicrobium	1348508	G	4724	143	4867	0.00020
Akkermansia	239934	G	2587	170	2757	0.00011
Methylacidimicrobium	1541670	G	2546	209	2755	0.00011
Kiritimatiella	1921784	G	1661	1701	3362	0.00014
Hymenobacter	89966	G	38238	1622	39860	0.00162
Pontibacter	323449	G	3988	392	4380	0.00018
Rufibacter	1379908	G	1209	296	1505	0.00006
Chryseolinea	1433993	G	8739	211	8950	0.00036
Spirosoma	107	G	7680	329	8009	0.00032
Dyadobacter	120831	G	2212	127	2339	0.00009
Fibrella	861914	G	2037	126	2163	0.00009
Runella	105	G	1108	37	1145	0.00005
Niastella	354354	G	12080	720	12800	0.00052
Chitinophaga	79328	G	7486	316	7802	0.00032
Paraflavitalea	2698688	G	2398	104	2502	0.00010
Flavisolibacter	398041	G	1719	79	1798	0.00007
Flavihumibacter	1004301	G	1131	38	1169	0.00005
Pseudobacter	1860196	G	1064	53	1117	0.00005
Pseudocnuella	2812019	G	1000	73	1073	0.00004
Flavobacterium	237	G	9429	1700	11129	0.00045
Chryseobacterium	59732	G	3242	1066	4308	0.00017
Alistipes	239759	G	9526	2896	12422	0.00050
Prevotella	838	G	3428	385	3813	0.00015
Bacteroides	816	G	2883	1091	3974	0.00016
Porphyromonas	836	G	1232	112	1344	0.00005
Rhodothermus	29548	G	6940	343	7283	0.00030
Rhodocaloribacter	2893090	G	6869	619	7488	0.00030
Salinibacter	146918	G	4419	66	4485	0.00018
Mucilaginibacter	423349	G	4995	299	5294	0.00021
Pedobacter	84567	G	2670	171	2841	0.00012
Sphingobacterium	28453	G	1786	756	2542	0.00010
Chlorobaculum	256319	G	3593	278	3871	0.00016
Prosthecochloris	1101	G	1437	126	1563	0.00006
Gemmatirosa	1706036	G	97759	8556	106315	0.00431
Gemmatimonas	173479	G	38078	1000	39078	0.00159
Luteitalea	2004797	G	94010	4969	98979	0.00402
Granulicella	940557	G	17798	1717	19515	0.00079
Terriglobus	392733	G	13238	1522	14760	0.00060
Candidatus Koribacter	658061	G	10641	345	10986	0.00045
Acidobacterium	33973	G	10499	819	11318	0.00046
Edaphobacter	388463	G	6569	778	7347	0.00030
Acidisarcina	2608728	G	3966	276	4242	0.00017
Paludibaculum	1649475	G	14841	400	15241	0.00062
Chloracidobacterium	458032	G	6480	167	6647	0.00027
Sulfidibacter	2915177	G	4101	81	4182	0.00017
Nitrospira	1234	G	20049	266	20315	0.00082
Treponema	157	G	2234	619	2853	0.00012
Spirochaeta	146	G	1578	42	1620	0.00007
Leptospira	171	G	1109	15	1124	0.00005
Pyramidobacter	638847	G	1352	149	1501	0.00006
Fretibacterium	1434006	G	1160	18	1178	0.00005
Candidatus Bipolaricaulis	2250122	G	1228	45	1273	0.00005
Fusarium	5506	G	28853	1603	30456	0.00124
Trichoderma	5543	G	10792	327	11119	0.00045
Beauveria	5581	G	6899	182	7081	0.00029
Cordyceps	45234	G	2969	158	3127	0.00013
Metarhizium	5529	G	6118	573	6691	0.00027
Pochonia	243023	G	1826	74	1900	0.00008
Ustilaginoidea	124426	G	1794	63	1857	0.00008
Purpureocillium	1052105	G	5538	263	5801	0.00024
Drechmeria	98402	G	2438	76	2514	0.00010
Clonostachys	110564	G	1319	67	1386	0.00006
Colletotrichum	5455	G	3452	532	3984	0.00016
Thermothielavioides	2609811	G	4956	288	5244	0.00021
Thermothelomyces	1920207	G	4330	185	4515	0.00018
Neurospora	5140	G	1273	49	1322	0.00005
Pyricularia	48558	G	4443	33	4476	0.00018
Neopestalotiopsis	1562158	G	2195	25	2220	0.00009
Aspergillus	5052	G	4156	170	4326	0.00018
Penicillium	5073	G	2860	126	2986	0.00012
Paraphaeosphaeria	125369	G	1401	377	1778	0.00007
Pseudozyma	63298	G	4968	47	5015	0.00020
Sporisorium	63265	G	1166	181	1347	0.00005
Phlebiopsis	82309	G	1650	19	1669	0.00007
Phytophthora	4783	G	13947	1916	15863	0.00064
Pythium	4797	G	1393	22	1415	0.00006
