name	taxonomy_id	taxonomy_lvl	kraken_assigned_reads	added_reads	new_est_reads	fraction_total_reads
Streptomycetales	85011	O	2940366	530792	3471158	0.13955
Micrococcales	85006	O	1793648	229780	2023428	0.08135
Propionibacteriales	85009	O	1317921	206842	1524763	0.06130
Corynebacteriales	85007	O	1199430	125206	1324636	0.05325
Pseudonocardiales	85010	O	967664	121016	1088680	0.04377
Micromonosporales	85008	O	735226	82816	818042	0.03289
Streptosporangiales	85012	O	500408	65542	565950	0.02275
Geodermatophilales	1643682	O	144533	30075	174608	0.00702
Actinomycetales	2037	O	61586	7510	69096	0.00278
Frankiales	85013	O	55492	4557	60049	0.00241
Jiangellales	1217098	O	33227	4770	37997	0.00153
Bifidobacteriales	85004	O	24345	6157	30502	0.00123
Nakamurellales	1643684	O	22568	2469	25037	0.00101
Catenulisporales	414714	O	14540	1737	16277	0.00065
Jatrophihabitantales	2805415	O	10800	780	11580	0.00047
Glycomycetales	85014	O	9779	629	10408	0.00042
Kineosporiales	622452	O	7860	1784	9644	0.00039
Sporichthyales	2495578	O	4864	1897	6761	0.00027
Actinopolysporales	622450	O	3793	319	4112	0.00017
Acidothermales	1643683	O	2466	106	2572	0.00010
Solirubrobacterales	588673	O	199581	25006	224587	0.00903
Miltoncostaeales	2843198	O	47419	5284	52703	0.00212
Rubrobacterales	84996	O	116464	12219	128683	0.00517
Acidimicrobiales	84993	O	85241	7829	93070	0.00374
Eggerthellales	1643822	O	20802	2851	23653	0.00095
Coriobacteriales	84999	O	15392	2660	18052	0.00073
Egibacterales	1747768	O	8841	435	9276	0.00037
Egicoccales	1755823	O	8073	1034	9107	0.00037
Euzebyales	908621	O	7823	534	8357	0.00034
Bacillales	1385	O	224124	92925	317049	0.01275
Lactobacillales	186826	O	11378	4930	16308	0.00066
Eubacteriales	186802	O	56982	9946	66928	0.00269
Thermoanaerobacterales	68295	O	6181	725	6906	0.00028
Selenomonadales	909929	O	7039	375	7414	0.00030
Veillonellales	1843489	O	1764	466	2230	0.00009
Limnochordales	1676649	O	4438	144	4582	0.00018
Erysipelotrichales	526525	O	1158	301	1459	0.00006
Deinococcales	118964	O	50169	2094	52263	0.00210
Thermales	68933	O	19378	990	20368	0.00082
Trueperales	2762275	O	3783	164	3947	0.00016
Synechococcales	1890424	O	31691	1911	33602	0.00135
Nostocales	1161	O	10672	759	11431	0.00046
Pseudanabaenales	2881377	O	7810	423	8233	0.00033
Gloeobacterales	307595	O	7620	145	7765	0.00031
Oscillatoriales	1150	O	4557	354	4911	0.00020
Chroococcales	1118	O	1909	239	2148	0.00009
Sphaerobacterales	85001	O	10355	479	10834	0.00044
Thermomicrobiales	189776	O	2582	44	2626	0.00011
Chloroflexales	32064	O	11027	303	11330	0.00046
Tepidiformales	2682226	O	6547	220	6767	0.00027
Ardenticatenales	1382929	O	6525	105	6630	0.00027
Caldilineales	475963	O	3182	148	3330	0.00013
Anaerolineales	292629	O	2667	39	2706	0.00011
Ktedonobacterales	388448	O	2371	1376	3747	0.00015
Fimbriimonadales	1663425	O	3684	17	3701	0.00015
Hyphomicrobiales	356	O	3309502	158648	3468150	0.13943
Sphingomonadales	204457	O	777964	69251	847215	0.03406
Rhodospirillales	204441	O	392417	315047	707464	0.02844
Rhodobacterales	204455	O	280433	17540	297973	0.01198
Caulobacterales	204458	O	165406	13890	179296	0.00721
Hyphomonadales	2800060	O	9789	305	10094	0.00041
Maricaulales	2800059	O	8930	761	9691	0.00039
Parvularculales	255473	O	2787	1462	4249	0.00017
Rickettsiales	766	O	1251	20	1271	0.00005
Emcibacterales	2066490	O	1244	109	1353	0.00005
Burkholderiales	80840	O	1857142	382845	2239987	0.09005
Rhodocyclales	206389	O	137979	36433	174412	0.00701
Nitrosomonadales	32003	O	108746	12549	121295	0.00488
Neisseriales	206351	O	91695	21255	112950	0.00454
Xanthomonadales	135614	O	558974	87433	646407	0.02599
Pseudomonadales	72274	O	476134	123357	599491	0.02410
Enterobacterales	91347	O	155852	209048	364900	0.01467
Chromatiales	135613	O	96283	6515	102798	0.00413
Oceanospirillales	135619	O	86302	10420	96722	0.00389
Aeromonadales	135624	O	33824	21157	54981	0.00221
Methylococcales	135618	O	30976	1236	32212	0.00130
Nevskiales	1775403	O	22091	3589	25680	0.00103
Acidiferrobacterales	1692040	O	18687	801	19488	0.00078
Alteromonadales	135622	O	18485	2449	20934	0.00084
Cellvibrionales	1706369	O	18237	835	19072	0.00077
Vibrionales	135623	O	10918	2639	13557	0.00055
Moraxellales	2887326	O	5718	2109	7827	0.00031
Immundisolibacterales	1934945	O	4719	5595	10314	0.00041
Thiotrichales	72273	O	4025	221	4246	0.00017
Salinisphaerales	742030	O	3214	118	3332	0.00013
Legionellales	118969	O	3193	153	3346	0.00013
Pasteurellales	135625	O	2611	4295	6906	0.00028
Cardiobacteriales	135615	O	1874	230	2104	0.00008
Myxococcales	29	O	703829	58095	761924	0.03063
Desulfuromonadales	69541	O	64979	4439	69418	0.00279
Desulfovibrionales	213115	O	44741	2948	47689	0.00192
Desulfobacterales	213118	O	16421	1149	17570	0.00071
Bradymonadales	1779134	O	13012	312	13324	0.00054
Syntrophobacterales	213462	O	3611	675	4286	0.00017
Desulfarculales	453227	O	3203	1371	4574	0.00018
Syntrophales	2914038	O	1969	516	2485	0.00010
Campylobacterales	213849	O	6730	338	7068	0.00028
Acidithiobacillales	225057	O	3695	353	4048	0.00016
Bdellovibrionales	213481	O	1532	18	1550	0.00006
Hydrogenophilales	119069	O	1275	219	1494	0.00006
Gemmatales	2691355	O	173504	5203	178707	0.00718
Isosphaerales	2691356	O	95310	9162	104472	0.00420
Pirellulales	2691354	O	92437	2095	94532	0.00380
Planctomycetales	112	O	72648	6497	79145	0.00318
Tepidisphaerales	1771349	O	12222	280	12502	0.00050
Phycisphaerales	666506	O	9224	511	9735	0.00039
Sedimentisphaerales	2483366	O	1220	99	1319	0.00005
Opitutales	415000	O	40118	1390	41508	0.00167
Puniceicoccales	415001	O	1805	181	1986	0.00008
Verrucomicrobiales	48461	O	21864	3473	25337	0.00102
Kiritimatiellales	1921782	O	1661	1639	3300	0.00013
Cytophagales	768507	O	72028	1316	73344	0.00295
Chitinophagales	1853229	O	33045	354	33399	0.00134
Flavobacteriales	200644	O	25725	1671	27396	0.00110
Bacteroidales	171549	O	23138	4087	27225	0.00109
Bacteroidetes Order II. Incertae sedis	1100069	O	18448	770	19218	0.00077
Sphingobacteriales	200666	O	10790	841	11631	0.00047
Chlorobiales	191411	O	7094	766	7860	0.00032
Gemmatimonadales	219686	O	138208	7079	145287	0.00584
Vicinamibacterales	2910145	O	94010	4912	98922	0.00398
Acidobacteriales	204433	O	66791	1366	68157	0.00274
Bryobacterales	332160	O	14841	7043	21884	0.00088
Acanthopleuribacterales	533206	O	4101	80	4181	0.00017
Nitrospirales	189778	O	20724	270	20994	0.00084
Spirochaetales	136	O	5583	369	5952	0.00024
Leptospirales	1643688	O	1850	20	1870	0.00008
Synergistales	649776	O	6410	1768	8178	0.00033
Thermotogales	2419	O	1193	76	1269	0.00005
Hypocreales	5125	O	70360	1484	71844	0.00289
Glomerellales	1028384	O	3452	508	3960	0.00016
Sordariales	5139	O	10866	210	11076	0.00045
Magnaporthales	639021	O	4443	33	4476	0.00018
Xylariales	37989	O	2195	24	2219	0.00009
Eurotiales	5042	O	8946	219	9165	0.00037
Pleosporales	92860	O	2334	393	2727	0.00011
Mycosphaerellales	2726947	O	1519	11	1530	0.00006
Saccharomycetales	4892	O	4176	389	4565	0.00018
Ustilaginales	5267	O	7084	139	7223	0.00029
Polyporales	5303	O	1650	16	1666	0.00007
Peronosporales	4776	O	13947	1866	15813	0.00064
Pythiales	121069	O	1393	22	1415	0.00006
