name	taxonomy_id	taxonomy_lvl	kraken_assigned_reads	added_reads	new_est_reads	fraction_total_reads
Streptomycetales	85011	O	1411085	265538	1676623	0.12631
Micrococcales	85006	O	880102	109610	989712	0.07456
Corynebacteriales	85007	O	648251	70148	718399	0.05412
Propionibacteriales	85009	O	590113	95600	685713	0.05166
Pseudonocardiales	85010	O	480023	63852	543875	0.04097
Micromonosporales	85008	O	468012	55069	523081	0.03941
Streptosporangiales	85012	O	262371	36243	298614	0.02250
Geodermatophilales	1643682	O	130413	28220	158633	0.01195
Actinomycetales	2037	O	30506	3862	34368	0.00259
Frankiales	85013	O	30009	2565	32574	0.00245
Jiangellales	1217098	O	17074	2544	19618	0.00148
Nakamurellales	1643684	O	12520	1461	13981	0.00105
Bifidobacteriales	85004	O	11927	2633	14560	0.00110
Catenulisporales	414714	O	7573	942	8515	0.00064
Jatrophihabitantales	2805415	O	5831	436	6267	0.00047
Glycomycetales	85014	O	4912	342	5254	0.00040
Kineosporiales	622452	O	4176	985	5161	0.00039
Sporichthyales	2495578	O	2400	980	3380	0.00025
Actinopolysporales	622450	O	1898	166	2064	0.00016
Acidothermales	1643683	O	1217	54	1271	0.00010
Solirubrobacterales	588673	O	125718	16087	141805	0.01068
Miltoncostaeales	2843198	O	25144	2816	27960	0.00211
Rubrobacterales	84996	O	71889	7831	79720	0.00601
Acidimicrobiales	84993	O	46431	4374	50805	0.00383
Eggerthellales	1643822	O	10327	1440	11767	0.00089
Coriobacteriales	84999	O	7361	1241	8602	0.00065
Egibacterales	1747768	O	4172	210	4382	0.00033
Egicoccales	1755823	O	3998	524	4522	0.00034
Euzebyales	908621	O	3882	271	4153	0.00031
Bacillales	1385	O	139660	64693	204353	0.01540
Lactobacillales	186826	O	6009	2603	8612	0.00065
Eubacteriales	186802	O	28098	4875	32973	0.00248
Thermoanaerobacterales	68295	O	2828	356	3184	0.00024
Selenomonadales	909929	O	3559	217	3776	0.00028
Limnochordales	1676649	O	2032	65	2097	0.00016
Synechococcales	1890424	O	15837	941	16778	0.00126
Nostocales	1161	O	5906	350	6256	0.00047
Oscillatoriales	1150	O	4559	337	4896	0.00037
Chroococcales	1118	O	1017	123	1140	0.00009
Pseudanabaenales	2881377	O	4230	219	4449	0.00034
Gloeobacterales	307595	O	3488	64	3552	0.00027
Deinococcales	118964	O	24618	1032	25650	0.00193
Thermales	68933	O	8732	439	9171	0.00069
Trueperales	2762275	O	1817	78	1895	0.00014
Sphaerobacterales	85001	O	4953	233	5186	0.00039
Thermomicrobiales	189776	O	1219	21	1240	0.00009
Chloroflexales	32064	O	6047	170	6217	0.00047
Ardenticatenales	1382929	O	3047	49	3096	0.00023
Tepidiformales	2682226	O	3032	102	3134	0.00024
Caldilineales	475963	O	1579	76	1655	0.00012
Anaerolineales	292629	O	1365	20	1385	0.00010
Ktedonobacterales	388448	O	1208	626	1834	0.00014
Fimbriimonadales	1663425	O	1782	8	1790	0.00013
Hyphomicrobiales	356	O	1950872	90920	2041792	0.15382
Sphingomonadales	204457	O	414441	36143	450584	0.03395
Rhodospirillales	204441	O	212036	152307	364343	0.02745
Rhodobacterales	204455	O	139672	8917	148589	0.01119
Caulobacterales	204458	O	95672	7760	103432	0.00779
Maricaulales	2800059	O	4508	397	4905	0.00037
Hyphomonadales	2800060	O	4046	136	4182	0.00032
Parvularculales	255473	O	1315	78	1393	0.00010
Burkholderiales	80840	O	983228	194871	1178099	0.08876
Rhodocyclales	206389	O	63974	16699	80673	0.00608
Nitrosomonadales	32003	O	55270	5908	61178	0.00461
Neisseriales	206351	O	38617	9043	47660	0.00359
Xanthomonadales	135614	O	309639	50069	359708	0.02710
Pseudomonadales	72274	O	241408	62329	303737	0.02288
Enterobacterales	91347	O	79312	123519	202831	0.01528
Chromatiales	135613	O	46837	3112	49949	0.00376
Oceanospirillales	135619	O	43487	5141	48628	0.00366
Aeromonadales	135624	O	16647	9765	26412	0.00199
Methylococcales	135618	O	15612	609	16221	0.00122
Nevskiales	1775403	O	10982	1730	12712	0.00096
Alteromonadales	135622	O	9799	1126	10925	0.00082
Cellvibrionales	1706369	O	9424	421	9845	0.00074
Acidiferrobacterales	1692040	O	8768	371	9139	0.00069
Vibrionales	135623	O	5724	1317	7041	0.00053
Moraxellales	2887326	O	3171	3394	6565	0.00049
Immundisolibacterales	1934945	O	2315	380	2695	0.00020
Thiotrichales	72273	O	2076	112	2188	0.00016
Legionellales	118969	O	1855	73	1928	0.00015
Salinisphaerales	742030	O	1572	57	1629	0.00012
Pasteurellales	135625	O	1315	1936	3251	0.00024
Myxococcales	29	O	429145	23399	452544	0.03409
Desulfuromonadales	69541	O	30062	2188	32250	0.00243
Desulfovibrionales	213115	O	21215	1515	22730	0.00171
Desulfobacterales	213118	O	7685	582	8267	0.00062
Bradymonadales	1779134	O	6552	163	6715	0.00051
Syntrophobacterales	213462	O	1716	346	2062	0.00016
Desulfarculales	453227	O	1563	740	2303	0.00017
Campylobacterales	213849	O	3373	194	3567	0.00027
Acidithiobacillales	225057	O	1862	182	2044	0.00015
Gemmatales	2691355	O	95736	2922	98658	0.00743
Isosphaerales	2691356	O	64935	5954	70889	0.00534
Pirellulales	2691354	O	49362	1080	50442	0.00380
Planctomycetales	112	O	41646	3955	45601	0.00344
Tepidisphaerales	1771349	O	7361	183	7544	0.00057
Phycisphaerales	666506	O	4781	278	5059	0.00038
Opitutales	415000	O	21761	919	22680	0.00171
Verrucomicrobiales	48461	O	13371	1795	15166	0.00114
Cytophagales	768507	O	39572	754	40326	0.00304
Chitinophagales	1853229	O	33111	374	33485	0.00252
Flavobacteriales	200644	O	16652	1298	17950	0.00135
Bacteroidales	171549	O	11790	2428	14218	0.00107
Sphingobacteriales	200666	O	9577	778	10355	0.00078
Bacteroidetes Order II. Incertae sedis	1100069	O	8670	353	9023	0.00068
Chlorobiales	191411	O	3524	352	3876	0.00029
Gemmatimonadales	219686	O	95458	5016	100474	0.00757
Vicinamibacterales	2910145	O	45604	2366	47970	0.00361
Acidobacteriales	204433	O	30961	618	31579	0.00238
Bryobacterales	332160	O	6956	3169	10125	0.00076
Acanthopleuribacterales	533206	O	2077	37	2114	0.00016
Nitrospirales	189778	O	8509	115	8624	0.00065
Spirochaetales	136	O	2758	148	2906	0.00022
Synergistales	649776	O	2842	778	3620	0.00027
Hypocreales	5125	O	49772	1542	51314	0.00387
Glomerellales	1028384	O	2068	422	2490	0.00019
Sordariales	5139	O	8949	248	9197	0.00069
Magnaporthales	639021	O	2494	27	2521	0.00019
Xylariales	37989	O	1998	32	2030	0.00015
Eurotiales	5042	O	12709	374	13083	0.00099
Pleosporales	92860	O	1427	287	1714	0.00013
Saccharomycetales	4892	O	2354	204	2558	0.00019
Ustilaginales	5267	O	3689	82	3771	0.00028
Peronosporales	4776	O	6785	987	7772	0.00059
