name	taxonomy_id	taxonomy_lvl	kraken_assigned_reads	added_reads	new_est_reads	fraction_total_reads
Streptomyces	1883	G	3136097	513689	3649786	0.22890
Kitasatospora	2063	G	79345	16394	95739	0.00600
Streptacidiphilus	228398	G	29768	5486	35254	0.00221
Yinghuangia	2805681	G	18266	1863	20129	0.00126
Microbacterium	33882	G	123484	15458	138942	0.00871
Agromyces	33877	G	38455	6710	45165	0.00283
Curtobacterium	2034	G	28066	4247	32313	0.00203
Rathayibacter	33886	G	23507	3938	27445	0.00172
Leifsonia	110932	G	21732	4383	26115	0.00164
Clavibacter	1573	G	18196	14467	32663	0.00205
Leucobacter	55968	G	17389	2317	19706	0.00124
Agrococcus	46352	G	16279	3201	19480	0.00122
Protaetiibacter	2680004	G	7867	1697	9564	0.00060
Salinibacterium	235888	G	6538	745	7283	0.00046
Cryobacterium	69578	G	6273	631	6904	0.00043
Frondihabitans	447237	G	5303	601	5904	0.00037
Microterricola	518733	G	4774	846	5620	0.00035
Plantibacter	190323	G	4513	423	4936	0.00031
Microcella	337004	G	4042	996	5038	0.00032
Cnuibacter	1759331	G	3313	518	3831	0.00024
Herbiconiux	881616	G	3196	461	3657	0.00023
Frigoribacterium	96492	G	3122	661	3783	0.00024
Gryllotalpicola	1195526	G	3031	417	3448	0.00022
Mycetocola	76634	G	3017	268	3285	0.00021
Subtercola	120212	G	2663	154	2817	0.00018
Humibacter	427753	G	2607	424	3031	0.00019
Amnibacterium	1029631	G	2293	397	2690	0.00017
Chryseoglobus	1331730	G	2189	312	2501	0.00016
Marisediminicola	1230698	G	1848	164	2012	0.00013
Gulosibacter	256818	G	1809	356	2165	0.00014
Diaminobutyricimonas	1433997	G	1541	206	1747	0.00011
Glaciihabitans	1649454	G	1474	84	1558	0.00010
Agreia	110934	G	1417	122	1539	0.00010
Arthrobacter	1663	G	234676	42319	276995	0.01737
Pseudarthrobacter	1742993	G	39531	10527	50058	0.00314
Kocuria	57493	G	17260	3515	20775	0.00130
Sinomonas	596707	G	10910	1907	12817	0.00080
Micrococcus	1269	G	8112	3558	11670	0.00073
Paenarthrobacter	1742992	G	5896	2287	8183	0.00051
Glutamicibacter	1742989	G	5049	1154	6203	0.00039
Rothia	32207	G	3479	999	4478	0.00028
Citricoccus	169133	G	2693	469	3162	0.00020
Intrasporangium	53357	G	20588	3966	24554	0.00154
Janibacter	53457	G	18961	4140	23101	0.00145
Phycicoccus	367298	G	17686	3925	21611	0.00136
Pedococcus	2805645	G	15487	3831	19318	0.00121
Tetrasphaera	99479	G	11879	2607	14486	0.00091
Arsenicicoccus	267408	G	5929	1716	7645	0.00048
Cellulomonas	1707	G	64763	16703	81466	0.00511
Actinotalea	458839	G	4186	1167	5353	0.00034
Oerskovia	162491	G	3459	859	4318	0.00027
Pseudactinotalea	1926259	G	2878	307	3185	0.00020
Paraoerskovia	665568	G	2334	458	2792	0.00018
Cellulosimicrobium	157920	G	18215	5793	24008	0.00151
Xylanimonas	186188	G	10420	2529	12949	0.00081
Isoptericola	254250	G	8020	2747	10767	0.00068
Ornithinimicrobium	125287	G	19675	3073	22748	0.00143
Serinicoccus	265976	G	14423	3001	17424	0.00109
Brachybacterium	43668	G	20359	2427	22786	0.00143
Dermabacter	36739	G	1395	526	1921	0.00012
Brevibacterium	1696	G	21136	2972	24108	0.00151
Dermacoccus	57495	G	6401	1697	8098	0.00051
Luteipulveratus	745364	G	5353	555	5908	0.00037
Allobranchiibius	2040262	G	4325	702	5027	0.00032
Yimella	908935	G	2487	364	2851	0.00018
Georgenia	154116	G	16132	3427	19559	0.00123
Ruania	626119	G	13244	1149	14393	0.00090
Pengzhenrongella	2888818	G	4922	1035	5957	0.00037
Luteimicrobium	754249	G	4226	990	5216	0.00033
Beutenbergia	84756	G	5229	648	5877	0.00037
Miniimonas	947525	G	3702	1501	5203	0.00033
Sanguibacter	60919	G	6269	1426	7695	0.00048
Gephyromycinifex	2885697	G	1675	145	1820	0.00011
Austwickia	1184606	G	1106	64	1170	0.00007
Kytococcus	57499	G	2843	2038	4881	0.00031
Nocardioides	1839	G	671633	99191	770824	0.04834
Aeromicrobium	2040	G	32274	4315	36589	0.00229
Marmoricola	86795	G	10741	2963	13704	0.00086
Pimelobacter	2044	G	8363	2396	10759	0.00067
Friedmanniella	53387	G	7265	1005	8270	0.00052
Mumia	1546255	G	5143	620	5763	0.00036
Micropruina	116071	G	2461	244	2705	0.00017
Microlunatus	29404	G	23045	1790	24835	0.00156
Tessaracoccus	72763	G	16535	2349	18884	0.00118
Brevilactibacter	2717325	G	6436	1751	8187	0.00051
Acidipropionibacterium	1912215	G	5694	1535	7229	0.00045
Propionibacterium	1743	G	5277	1363	6640	0.00042
Auraticoccus	1278221	G	4439	547	4986	0.00031
Raineyella	1911549	G	2638	241	2879	0.00018
Arachnia	2801844	G	2506	126	2632	0.00017
Cutibacterium	1912216	G	2503	414	2917	0.00018
Kribbella	182639	G	60974	6044	67018	0.00420
Actinopolymorpha	117156	G	11862	881	12743	0.00080
Mycobacterium	1763	G	164493	32841	197334	0.01238
Mycolicibacterium	1866885	G	158707	24083	182790	0.01146
Mycolicibacter	1073531	G	11119	3921	15040	0.00094
Mycobacteroides	670516	G	9103	2334	11437	0.00072
Mycolicibacillus	2126281	G	2204	462	2666	0.00017
Hoyosella	697025	G	1003	36	1039	0.00007
Nocardia	1817	G	142532	17414	159946	0.01003
Rhodococcus	1827	G	103816	20087	123903	0.00777
Corynebacterium	1716	G	55542	9090	64632	0.00405
Gordonia	2053	G	48221	7878	56099	0.00352
Skermania	59613	G	2291	189	2480	0.00016
Tsukamurella	2060	G	15617	2797	18414	0.00115
Dietzia	37914	G	9054	1576	10630	0.00067
Tomitella	741759	G	5433	788	6221	0.00039
Segniliparus	286801	G	1216	45	1261	0.00008
Amycolatopsis	1813	G	295178	39451	334629	0.02099
Pseudonocardia	1847	G	134763	16687	151450	0.00950
Saccharopolyspora	1835	G	37539	5289	42828	0.00269
Allokutzneria	1137960	G	36116	5830	41946	0.00263
Saccharothrix	2071	G	28421	5451	33872	0.00212
Kutzneria	43356	G	20600	2877	23477	0.00147
Saccharomonospora	1851	G	18270	2288	20558	0.00129
Lentzea	165301	G	12749	1830	14579	0.00091
Actinoalloteichus	65496	G	11082	731	11813	0.00074
Actinosynnema	40566	G	10876	2401	13277	0.00083
Kibdelosporangium	2029	G	7925	647	8572	0.00054
Alloactinosynnema	674734	G	6166	925	7091	0.00044
Prauserella	142577	G	3781	238	4019	0.00025
Allosaccharopolyspora	2893576	G	3047	453	3500	0.00022
Micromonospora	1873	G	170537	32799	203336	0.01275
Actinoplanes	1865	G	116390	13934	130324	0.00817
Dactylosporangium	35753	G	23367	1783	25150	0.00158
Phytohabitans	907364	G	21492	2033	23525	0.00148
Actinocatenispora	390988	G	16631	1394	18025	0.00113
Plantactinospora	673534	G	16427	2278	18705	0.00117
Couchioplanes	56433	G	16058	3035	19093	0.00120
Catellatospora	53365	G	11310	1726	13036	0.00082
Polymorphospora	338583	G	8046	1309	9355	0.00059
Natronosporangium	2920401	G	4676	215	4891	0.00031
Verrucosispora	84593	G	3585	2333	5918	0.00037
Salinispora	168694	G	2819	361	3180	0.00020
Actinomadura	1988	G	109522	14588	124110	0.00778
Thermomonospora	2019	G	15118	3230	18348	0.00115
Nonomuraea	83681	G	60628	7326	67954	0.00426
Streptosporangium	2000	G	28533	3983	32516	0.00204
Thermobispora	147067	G	5782	940	6722	0.00042
Nocardiopsis	2013	G	20478	2657	23135	0.00145
Thermobifida	83677	G	8556	1243	9799	0.00061
Streptomonospora	104204	G	4316	619	4935	0.00031
Spiractinospora	2913367	G	3100	142	3242	0.00020
Blastococcus	38501	G	58493	12208	70701	0.00443
Modestobacter	88138	G	43874	9496	53370	0.00335
Geodermatophilus	1860	G	28995	7078	36073	0.00226
Frankia	1854	G	38673	2537	41210	0.00258
Actinomyces	1654	G	26003	2405	28408	0.00178
Schaalia	2529408	G	3253	424	3677	0.00023
Flaviflexus	1522056	G	1851	301	2152	0.00014
Trueperella	1069494	G	1548	315	1863	0.00012
Jiangella	281472	G	21100	2361	23461	0.00147
Nakamurella	53460	G	15504	1324	16828	0.00106
Bifidobacterium	1678	G	13241	2465	15706	0.00099
Catenulispora	414878	G	12535	1168	13703	0.00086
Jatrophihabitans	1434010	G	8887	500	9387	0.00059
Stackebrandtia	283810	G	4518	266	4784	0.00030
Kineococcus	33981	G	4800	850	5650	0.00035
Epidermidibacterium	2078948	G	3001	910	3911	0.00025
Actinopolyspora	1849	G	2267	149	2416	0.00015
Acidothermus	28048	G	1513	51	1564	0.00010
Conexibacter	191494	G	141886	14731	156617	0.00982
Miltoncostaea	2843200	G	30551	2805	33356	0.00209
Baekduia	2600304	G	59507	6947	66454	0.00417
Rubrobacter	42255	G	23057	680	23737	0.00149
Aquihabitans	1648491	G	21982	2801	24783	0.00155
Actinomarinicola	2789775	G	10060	1573	11633	0.00073
Iamia	467975	G	9952	1259	11211	0.00070
Ilumatobacter	682522	G	5157	243	5400	0.00034
Acidimicrobium	53634	G	1641	98	1739	0.00011
Eggerthella	84111	G	3311	864	4175	0.00026
Gordonibacter	644652	G	1790	637	2427	0.00015
Arabiibacter	2005386	G	1471	226	1697	0.00011
Adlercreutzia	447020	G	1435	242	1677	0.00011
Olsenella	133925	G	2239	417	2656	0.00017
Parolsenella	2082587	G	1362	409	1771	0.00011
Collinsella	102106	G	2080	465	2545	0.00016
Egibacter	1747770	G	4913	200	5113	0.00032
Egicoccus	1755825	G	4638	491	5129	0.00032
Euzebya	908623	G	4543	257	4800	0.00030
Priestia	2800373	G	46516	27867	74383	0.00466
Bacillus	1386	G	18467	27415	45882	0.00288
Neobacillus	2675232	G	4046	1286	5332	0.00033
Peribacillus	2675229	G	2510	776	3286	0.00021
Gottfriedia	2837503	G	2331	536	2867	0.00018
Geobacillus	129337	G	2260	495	2755	0.00017
Hydrogenibacillus	1609627	G	1596	172	1768	0.00011
Anoxybacillus	150247	G	1158	209	1367	0.00009
Cytobacillus	2675230	G	1119	327	1446	0.00009
Lysinibacillus	400634	G	1081	226	1307	0.00008
Paenibacillus	44249	G	43511	3372	46883	0.00294
Brevibacillus	55080	G	3764	508	4272	0.00027
Cohnella	329857	G	3065	377	3442	0.00022
Thermobacillus	76632	G	1545	165	1710	0.00011
Saccharibacillus	456492	G	1160	104	1264	0.00008
Alicyclobacillus	29330	G	2360	130	2490	0.00016
Tumebacillus	432330	G	1803	451	2254	0.00014
Planococcus	1372	G	1207	293	1500	0.00009
Exiguobacterium	33986	G	1170	261	1431	0.00009
Streptococcus	1301	G	1135	1352	2487	0.00016
Faecalibacterium	216851	G	1823	1347	3170	0.00020
Dysosmobacter	2591381	G	1022	553	1575	0.00010
Thermaerobacter	73918	G	5648	417	6065	0.00038
Clostridium	1485	G	2357	575	2932	0.00018
Symbiobacterium	2733	G	2602	224	2826	0.00018
Moorella	44260	G	1034	116	1150	0.00007
Selenomonas	970	G	2789	146	2935	0.00018
Limnochorda	1676651	G	2352	61	2413	0.00015
Deinococcus	1298	G	27283	2321	29604	0.00186
Thermus	270	G	4031	224	4255	0.00027
Oceanithermus	208447	G	2155	155	2310	0.00014
Meiothermus	65551	G	2131	95	2226	0.00014
Marinithermus	186191	G	1314	168	1482	0.00009
Truepera	332248	G	2018	75	2093	0.00013
Synechococcus	1129	G	12876	1375	14251	0.00089
Cyanobium	167375	G	2863	580	3443	0.00022
Nostoc	1177	G	1934	765	2699	0.00017
Calothrix	1186	G	1184	372	1556	0.00010
Leptolyngbya	47251	G	1818	174	1992	0.00012
Gloeobacter	33071	G	3564	87	3651	0.00023
Sphaerobacter	2056	G	6256	317	6573	0.00041
Thermomicrobium	499	G	1460	27	1487	0.00009
Roseiflexus	120961	G	4388	210	4598	0.00029
Chloroflexus	1107	G	1460	52	1512	0.00009
Tepidiforma	2682228	G	4151	121	4272	0.00027
Candidatus Promineofilum	1988031	G	3404	46	3450	0.00022
Ktedonosporobacter	2692417	G	2827	75	2902	0.00018
Caldilinea	233191	G	1667	94	1761	0.00011
Fimbriimonas	1005038	G	2167	8	2175	0.00014
Bradyrhizobium	374	G	659382	67297	726679	0.04557
Rhodopseudomonas	1073	G	30723	6864	37587	0.00236
Nitrobacter	911	G	13591	1283	14874	0.00093
Tardiphaga	1395974	G	12522	1157	13679	0.00086
Afipia	1033	G	10213	3495	13708	0.00086
Variibacter	1649510	G	6363	355	6718	0.00042
Mesorhizobium	68287	G	287362	40417	327779	0.02056
Aquibium	2911176	G	7659	1256	8915	0.00056
Aminobacter	31988	G	6615	3243	9858	0.00062
Nitratireductor	245876	G	5140	522	5662	0.00036
Phyllobacterium	28100	G	3724	263	3987	0.00025
Roseitalea	1915401	G	2413	284	2697	0.00017
Hoeflea	274591	G	2112	139	2251	0.00014
Oricola	1594166	G	1774	169	1943	0.00012
Rhizobium	379	G	87323	15198	102521	0.00643
Agrobacterium	357	G	16205	4862	21067	0.00132
Neorhizobium	1525371	G	7608	1363	8971	0.00056
Pseudorhizobium	1903858	G	2056	303	2359	0.00015
Ensifer	106591	G	17933	2843	20776	0.00130
Sinorhizobium	28105	G	17277	6998	24275	0.00152
Shinella	323620	G	12725	7386	20111	0.00126
Ciceribacter	1648508	G	1677	261	1938	0.00012
Georhizobium	2661800	G	1516	243	1759	0.00011
Methylobacterium	407	G	88481	12195	100676	0.00631
Microvirga	186650	G	30310	2638	32948	0.00207
Methylorubrum	2282523	G	18445	6027	24472	0.00153
Pseudolabrys	556257	G	39784	4395	44179	0.00277
Starkeya	152053	G	10810	2162	12972	0.00081
Labrys	204476	G	10649	817	11466	0.00072
Xanthobacter	279	G	10352	1894	12246	0.00077
Ancylobacter	99	G	10264	2817	13081	0.00082
Azorhizobium	6	G	3607	586	4193	0.00026
Rhodoplanes	29407	G	51603	3710	55313	0.00347
Hyphomicrobium	81	G	14198	693	14891	0.00093
Methyloceanibacter	1484898	G	4451	227	4678	0.00029
Methyloligella	1485594	G	2979	271	3250	0.00020
Aquabacter	45402	G	2929	357	3286	0.00021
Caenibius	2827482	G	2544	909	3453	0.00022
Rhodomicrobium	1068	G	2069	104	2173	0.00014
Bosea	85413	G	45165	5426	50591	0.00317
Devosia	46913	G	25023	1578	26601	0.00167
Youhaiella	1827478	G	2714	528	3242	0.00020
Paradevosia	1573407	G	2665	852	3517	0.00022
Pelagibacterium	1082930	G	1286	112	1398	0.00009
Aureimonas	414371	G	13828	2141	15969	0.00100
Martelella	293088	G	7488	1025	8513	0.00053
Aurantimonas	182269	G	3759	865	4624	0.00029
Methylocystis	133	G	13074	871	13945	0.00087
Methylosinus	425	G	6357	729	7086	0.00044
Nordella	169055	G	8308	346	8654	0.00054
Pseudorhodoplanes	1734920	G	8201	444	8645	0.00054
Terrihabitans	2874214	G	2246	190	2436	0.00015
Phreatobacter	1632780	G	15173	1893	17066	0.00107
Stappia	152161	G	5841	832	6673	0.00042
Roseibium	150830	G	2884	297	3181	0.00020
Pannonibacter	227873	G	2581	1370	3951	0.00025
Labrenzia	478070	G	2340	164	2504	0.00016
Methylocella	120652	G	4831	339	5170	0.00032
Methylovirgula	1156568	G	4010	248	4258	0.00027
Beijerinckia	532	G	1149	70	1219	0.00008
Blastochloris	59282	G	9155	1601	10756	0.00067
Kaustia	2838250	G	4419	324	4743	0.00030
Parvibaculum	256616	G	2198	1301	3499	0.00022
Pyruvatibacter	1742974	G	1466	154	1620	0.00010
Chelatococcus	28209	G	8238	1363	9601	0.00060
Kaistia	166953	G	5459	996	6455	0.00040
Brucella	234	G	4580	1645	6225	0.00039
Acuticoccus	1904377	G	5093	413	5506	0.00035
Lichenihabitans	2723776	G	3290	115	3405	0.00021
Hartmannibacter	1572860	G	3169	420	3589	0.00023
Breoghania	1406135	G	3008	297	3305	0.00021
Sphingomonas	13687	G	196831	23447	220278	0.01381
Sphingobium	165695	G	57873	26650	84523	0.00530
Novosphingobium	165696	G	50892	14136	65028	0.00408
Sphingopyxis	165697	G	38915	6406	45321	0.00284
Rhizorhabdus	1649486	G	20420	7830	28250	0.00177
Sphingosinithalassobacter	2676233	G	5242	1056	6298	0.00040
Allosphingosinicella	2823232	G	4204	402	4606	0.00029
Parasphingopyxis	1234545	G	3306	124	3430	0.00022
Sphingorhabdus	1434046	G	2988	137	3125	0.00020
Blastomonas	150203	G	2923	386	3309	0.00021
Tardibacter	2685927	G	2144	1269	3413	0.00021
Hankyongella	1763827	G	1772	271	2043	0.00013
Citromicrobium	72173	G	1665	629	2294	0.00014
Novosphingopyxis	2709686	G	1370	626	1996	0.00013
Erythrobacter	1041	G	19029	4066	23095	0.00145
Porphyrobacter	1111	G	6101	1368	7469	0.00047
Qipengyuania	1855416	G	12089	2662	14751	0.00093
Croceicoccus	1295327	G	7718	3967	11685	0.00073
Altererythrobacter	361177	G	7078	1488	8566	0.00054
Tsuneonella	2800686	G	6795	1118	7913	0.00050
Aurantiacibacter	2800681	G	1438	199	1637	0.00010
Pelagerythrobacter	2800685	G	1394	158	1552	0.00010
Paraurantiacibacter	2800682	G	1165	122	1287	0.00008
Croceibacterium	2676755	G	1106	401	1507	0.00009
Sphingosinicella	335405	G	9578	818	10396	0.00065
Polymorphobacter	1508451	G	4726	155	4881	0.00031
Sandaracinobacter	56358	G	1859	105	1964	0.00012
Azospirillum	191	G	50267	5081	55348	0.00347
Skermanella	204447	G	20455	2302	22757	0.00143
Nitrospirillum	1543705	G	3837	335	4172	0.00026
Indioceanicola	2478349	G	2791	284	3075	0.00019
Niveispirillum	1543704	G	1515	127	1642	0.00010
Roseomonas	125216	G	30669	3613	34282	0.00215
Rhodovastum	504465	G	8198	612	8810	0.00055
Komagataeibacter	1434011	G	5177	2025	7202	0.00045
Acidiphilium	522	G	4723	2361	7084	0.00044
Roseococcus	35812	G	3736	263	3999	0.00025
Acidibrevibacterium	2603324	G	3364	241	3605	0.00023
Lichenicola	2804525	G	3203	115	3318	0.00021
Sediminicoccus	1706033	G	3092	120	3212	0.00020
Acetobacter	434	G	2711	685	3396	0.00021
Gluconacetobacter	89583	G	1988	334	2322	0.00015
Gluconobacter	441	G	1873	413	2286	0.00014
Granulibacter	364409	G	1429	92	1521	0.00010
Hypericibacter	2705399	G	13932	660	14592	0.00092
Magnetospirillum	13134	G	8830	137653	146483	0.00919
Rhodospirillum	1081	G	5349	467	5816	0.00036
Tistrella	171436	G	4005	1529	5534	0.00035
Ferrovibrio	1231242	G	2851	143	2994	0.00019
Defluviicoccus	111830	G	2236	155	2391	0.00015
Pararhodospirillum	1612157	G	1249	69	1318	0.00008
Stella	93	G	7952	434	8386	0.00053
Elioraea	457933	G	3869	145	4014	0.00025
Thalassospira	168934	G	1608	114	1722	0.00011
Paracoccus	265	G	28035	4294	32329	0.00203
Rhodobacter	1060	G	7260	1749	9009	0.00057
Cereibacter	1653176	G	7255	1717	8972	0.00056
Rhodovulum	34008	G	4083	754	4837	0.00030
Polymorphum	991903	G	3146	629	3775	0.00024
Paroceanicella	2683599	G	3046	646	3692	0.00023
Thioclava	285107	G	2228	224	2452	0.00015
Pikeienuella	2831955	G	2190	169	2359	0.00015
Pontivivens	1844015	G	1974	116	2090	0.00013
Pelagovum	2795377	G	1763	176	1939	0.00012
Silicimonas	1955420	G	1691	80	1771	0.00011
Frigidibacter	1775705	G	1535	533	2068	0.00013
Pukyongiella	2831925	G	1433	281	1714	0.00011
Brevirhabdus	1855413	G	1278	495	1773	0.00011
Gymnodinialimonas	2937410	G	1114	85	1199	0.00008
Fuscovulum	2818469	G	1059	104	1163	0.00007
Pseudopuniceibacterium	2613960	G	1027	64	1091	0.00007
Gemmobacter	204456	G	1001	160	1161	0.00007
Roseovarius	74030	G	7318	887	8205	0.00051
Sulfitobacter	60136	G	7276	1084	8360	0.00052
Salipiger	263377	G	5627	1440	7067	0.00044
Roseivivax	93682	G	4269	560	4829	0.00030
Celeribacter	875170	G	3081	934	4015	0.00025
Phaeobacter	302485	G	2830	432	3262	0.00020
Leisingera	191028	G	2538	265	2803	0.00018
Ruegeria	97050	G	2427	293	2720	0.00017
Pseudosulfitobacter	2854186	G	1961	420	2381	0.00015
Yangia	2919626	G	1878	245	2123	0.00013
Sagittula	58842	G	1852	582	2434	0.00015
Ponticoccus	983507	G	1461	173	1634	0.00010
Mameliella	1434019	G	1305	186	1491	0.00009
Roseobacter	2433	G	1180	24	1204	0.00008
Dinoroseobacter	309512	G	1180	332	1512	0.00009
Octadecabacter	53945	G	1116	58	1174	0.00007
Ketogulonicigenium	92944	G	1095	107	1202	0.00008
Actibacterium	1433986	G	1088	419	1507	0.00009
Roseibacterium	159345	G	1026	68	1094	0.00007
Caulobacter	75	G	48364	5003	53367	0.00335
Brevundimonas	41275	G	31546	3855	35401	0.00222
Phenylobacterium	20	G	19569	2786	22355	0.00140
Asticcacaulis	76890	G	2523	165	2688	0.00017
Terricaulis	2768684	G	1810	49	1859	0.00012
Marinicauda	1649466	G	2367	339	2706	0.00017
Hyphomonas	85	G	2756	98	2854	0.00018
Candidatus Viadribacter	2892997	G	1071	21	1092	0.00007
Burkholderia	32008	G	129151	43843	172994	0.01085
Paraburkholderia	1822464	G	70902	7689	78591	0.00493
Cupriavidus	106589	G	67575	25095	92670	0.00581
Ralstonia	48736	G	24142	10974	35116	0.00220
Caballeronia	1827195	G	21317	2953	24270	0.00152
Pandoraea	93217	G	17241	2525	19766	0.00124
Polynucleobacter	44013	G	1862	40	1902	0.00012
Lautropia	47670	G	1172	188	1360	0.00009
Chitinimonas	240411	G	1094	77	1171	0.00007
Variovorax	34072	G	71094	21214	92308	0.00579
Hydrogenophaga	47420	G	26172	10015	36187	0.00227
Acidovorax	12916	G	26014	11855	37869	0.00237
Ramlibacter	174951	G	19730	7191	26921	0.00169
Comamonas	283	G	15602	6155	21757	0.00136
Rhodoferax	28065	G	14211	3285	17496	0.00110
Diaphorobacter	238749	G	8171	7883	16054	0.00101
Schlegelella	215579	G	7962	2189	10151	0.00064
Delftia	80865	G	7827	7207	15034	0.00094
Polaromonas	52972	G	6257	517	6774	0.00042
Kinneretia	683756	G	5572	3158	8730	0.00055
Ottowia	219181	G	4471	708	5179	0.00032
Alicycliphilus	201096	G	3920	6023	9943	0.00062
Melaminivora	1649468	G	3499	2779	6278	0.00039
Serpentinimonas	2490452	G	2339	475	2814	0.00018
Verminephrobacter	364316	G	1939	216	2155	0.00014
Hylemonella	232523	G	1638	216	1854	0.00012
Pulveribacter	2678886	G	1536	727	2263	0.00014
Simplicispira	352450	G	1197	378	1575	0.00010
Massilia	149698	G	80235	13291	93526	0.00587
Duganella	75654	G	7040	2001	9041	0.00057
Herbaspirillum	963	G	12324	2105	14429	0.00090
Janthinobacterium	29580	G	12127	2103	14230	0.00089
Collimonas	202907	G	5431	546	5977	0.00037
Noviherbaspirillum	1344552	G	3143	475	3618	0.00023
Achromobacter	222	G	36736	14878	51614	0.00324
Bordetella	517	G	31721	12236	43957	0.00276
Pigmentiphaga	152267	G	5010	517	5527	0.00035
Orrella	1921582	G	2408	675	3083	0.00019
Castellaniella	359336	G	2200	1375	3575	0.00022
Alcaligenes	507	G	1605	319	1924	0.00012
Pusillimonas (ex Stolz et al. 2005)	305976	G	1050	167	1217	0.00008
Rhizobacter	212743	G	10336	2148	12484	0.00078
Sphaerotilus	34102	G	6906	3224	10130	0.00064
Methylibium	316612	G	5734	1723	7457	0.00047
Rubrivivax	28067	G	5250	1545	6795	0.00043
Thiomonas	32012	G	4558	568	5126	0.00032
Aquincola	391952	G	4279	1413	5692	0.00036
Mitsuaria	65047	G	3972	747	4719	0.00030
Leptothrix	88	G	3787	1148	4935	0.00031
Xylophilus	54066	G	3428	967	4395	0.00028
Ideonella	36862	G	2296	1337	3633	0.00023
Tepidimonas	114248	G	1888	645	2533	0.00016
Aquabacterium	92793	G	1851	469	2320	0.00015
Roseateles	93681	G	1805	329	2134	0.00013
Inhella	644355	G	1270	192	1462	0.00009
Paucibacter	318147	G	1125	184	1309	0.00008
Sutterella	40544	G	1593	119	1712	0.00011
Thauera	33057	G	13103	7310	20413	0.00128
Azoarcus	12960	G	11273	3321	14594	0.00092
Nitrogeniibacter	2891294	G	3650	516	4166	0.00026
Aromatoleum	551759	G	10433	2765	13198	0.00083
Azospira	146937	G	7238	3031	10269	0.00064
Niveibacterium	1769726	G	1814	225	2039	0.00013
Oryzomicrobium	1911577	G	1373	307	1680	0.00011
Dechloromonas	73029	G	3185	494	3679	0.00023
Ferribacterium	88875	G	2839	433	3272	0.00021
Quatrionicoccus	138117	G	1268	338	1606	0.00010
Usitatibacter	2803845	G	20225	1426	21651	0.00136
Denitratisoma	311181	G	2872	1299	4171	0.00026
Sulfuritalea	1054211	G	2217	307	2524	0.00016
Methyloversatilis	378210	G	1996	250	2246	0.00014
Sterolibacterium	157591	G	1457	381	1838	0.00012
Nitrosospira	35798	G	7107	211	7318	0.00046
Nitrosomonas	914	G	1226	134	1360	0.00009
Thiobacillus	919	G	2627	474	3101	0.00019
Sulfuritortus	1938335	G	1814	738	2552	0.00016
Sideroxydans	314343	G	1873	246	2119	0.00013
Ferrigenium	2249462	G	1256	249	1505	0.00009
Sulfuriferula	1778653	G	1552	239	1791	0.00011
Sulfurimicrobium	2772198	G	1377	188	1565	0.00010
Chromobacterium	535	G	11433	2301	13734	0.00086
Jeongeupia	885864	G	3210	534	3744	0.00023
Paludibacterium	400060	G	2641	386	3027	0.00019
Pseudogulbenkiania	568394	G	1886	552	2438	0.00015
Vogesella	57739	G	1883	408	2291	0.00014
Aquitalea	407217	G	1602	270	1872	0.00012
Microvirgula	57479	G	1342	226	1568	0.00010
Neisseria	482	G	3972	1373	5345	0.00034
Crenobacter	1654931	G	2221	636	2857	0.00018
Chitinolyticbacter	1055692	G	1492	165	1657	0.00010
Casimicrobium	2706000	G	1532	666	2198	0.00014
Lysobacter	68	G	79818	11640	91458	0.00574
Stenotrophomonas	40323	G	34233	12699	46932	0.00294
Xanthomonas	338	G	32830	16392	49222	0.00309
Luteimonas	83614	G	19688	3218	22906	0.00144
Pseudoxanthomonas	83618	G	13492	5060	18552	0.00116
Thermomonas	141948	G	9001	1967	10968	0.00069
Arenimonas	490567	G	2089	333	2422	0.00015
Pseudolysobacter	2709666	G	1741	36	1777	0.00011
Frateuria	70411	G	27621	4838	32459	0.00204
Luteibacter	242605	G	12120	1021	13141	0.00082
Rhodanobacter	75309	G	11347	1708	13055	0.00082
Dyella	231454	G	10348	1208	11556	0.00072
Dokdonella	323413	G	4884	642	5526	0.00035
Aerosticca	2707020	G	2337	2603	4940	0.00031
Ahniella	2233801	G	1170	23	1193	0.00007
Pseudomonas	286	G	225765	65419	291184	0.01826
Azotobacter	352	G	4923	1632	6555	0.00041
Halopseudomonas	2901189	G	2691	393	3084	0.00019
Marinobacter	2742	G	5394	357	5751	0.00036
Klebsiella	570	G	6652	40513	47165	0.00296
Raoultella	160674	G	1772	814	2586	0.00016
Enterobacter	547	G	7294	18593	25887	0.00162
Citrobacter	544	G	3257	2557	5814	0.00036
Cronobacter	413496	G	2126	466	2592	0.00016
Leclercia	83654	G	1785	793	2578	0.00016
Kosakonia	1330547	G	1760	245	2005	0.00013
Salmonella	590	G	1555	25958	27513	0.00173
Pluralibacter	1330546	G	1328	270	1598	0.00010
Escherichia	561	G	1249	16575	17824	0.00112
Cedecea	158483	G	1022	119	1141	0.00007
Serratia	613	G	10912	2396	13308	0.00083
Rahnella	34037	G	1081	230	1311	0.00008
Yersinia	629	G	1038	328	1366	0.00009
Pantoea	53335	G	6690	1083	7773	0.00049
Erwinia	551	G	2641	379	3020	0.00019
Mixta	2100764	G	1474	353	1827	0.00011
Dickeya	204037	G	3262	549	3811	0.00024
Pectobacterium	122277	G	1778	267	2045	0.00013
Brenneria	71655	G	1165	221	1386	0.00009
Edwardsiella	635	G	1805	821	2626	0.00016
Sodalis	84565	G	1323	73	1396	0.00009
Thioalkalivibrio	106633	G	6507	881	7388	0.00046
Spiribacter	1335745	G	4531	255	4786	0.00030
Acidihalobacter	1765964	G	2842	194	3036	0.00019
Halorhodospira	85108	G	1529	99	1628	0.00010
Alkalilimnicola	133193	G	1265	125	1390	0.00009
Aquisalimonas	406099	G	1255	68	1323	0.00008
Ectothiorhodospira	1051	G	1137	85	1222	0.00008
Thiodictyon	53392	G	2644	117	2761	0.00017
Allochromatium	85072	G	2376	491	2867	0.00018
Thioflavicoccus	156885	G	2200	166	2366	0.00015
Marichromatium	85076	G	2162	349	2511	0.00016
Thiocapsa	1056	G	1748	79	1827	0.00011
Thiocystis	13724	G	1326	97	1423	0.00009
Wenzhouxiangella	1676142	G	2346	91	2437	0.00015
Thiohalobacter	1273155	G	1667	158	1825	0.00011
Guyparkeria	2035712	G	1363	245	1608	0.00010
Sulfurivermis	2034504	G	1180	369	1549	0.00010
Halomonas	2745	G	26420	3150	29570	0.00185
Cobetia	204286	G	1756	1044	2800	0.00018
Halotalea	376488	G	1487	237	1724	0.00011
Salinicola	404432	G	1415	127	1542	0.00010
Kushneria	504090	G	1154	46	1200	0.00008
Alcanivorax	59753	G	3481	1224	4705	0.00030
Marinobacterium	48075	G	1047	105	1152	0.00007
Aeromonas	642	G	15513	9110	24623	0.00154
Zobellella	347533	G	1026	192	1218	0.00008
Methylococcus	413	G	4822	299	5121	0.00032
Methylomonas	416	G	3208	89	3297	0.00021
Methylomagnum	1760987	G	1492	55	1547	0.00010
Methylomicrobium	39773	G	1283	265	1548	0.00010
Methylogaea	1295378	G	1236	81	1317	0.00008
Methylocaldum	73778	G	1162	56	1218	0.00008
Shewanella	22	G	4665	638	5303	0.00033
Pseudoalteromonas	53246	G	1346	148	1494	0.00009
Microbulbifer	48073	G	4450	230	4680	0.00029
Solimonas	413435	G	4015	321	4336	0.00027
Flagellatimonas	2893022	G	1245	61	1306	0.00008
Steroidobacter	469322	G	2160	471	2631	0.00017
Sulfurifustis	1692042	G	4324	218	4542	0.00028
Sulfuricaulis	1744881	G	1837	113	1950	0.00012
Acidiferrobacter	986106	G	1584	24	1608	0.00010
Vibrio	662	G	4516	1206	5722	0.00036
Acinetobacter	469	G	2199	774	2973	0.00019
Immundisolibacter	1934947	G	2216	338	2554	0.00016
Legionella	445	G	1129	87	1216	0.00008
Salinisphaera	180541	G	1565	50	1615	0.00010
Corallococcus	83461	G	33849	2819	36668	0.00230
Myxococcus	32	G	20927	21189	42116	0.00264
Pyxidicoccus	224458	G	11872	491	12363	0.00078
Archangium	47	G	38780	3802	42582	0.00267
Cystobacter	42	G	7258	1621	8879	0.00056
Stigmatella	40	G	6964	508	7472	0.00047
Melittangium	44	G	5472	1112	6584	0.00041
Anaeromyxobacter	161492	G	48280	2798	51078	0.00320
Vulgatibacter	1524214	G	5431	332	5763	0.00036
Sorangium	39643	G	72809	7489	80298	0.00504
Polyangium	55	G	17552	1433	18985	0.00119
Chondromyces	50	G	8567	330	8897	0.00056
Sandaracinus	1055688	G	25824	1119	26943	0.00169
Labilithrix	1524217	G	17268	655	17923	0.00112
Haliangium	162027	G	12084	531	12615	0.00079
Geomonas	2651583	G	8498	1150	9648	0.00061
Geobacter	28231	G	7152	647	7799	0.00049
Citrifermentans	2883512	G	2545	496	3041	0.00019
Geotalea	2910589	G	1193	65	1258	0.00008
Desulfuromonas	890	G	5718	627	6345	0.00040
Syntrophotalea	2812025	G	1184	120	1304	0.00008
Desulfovibrio	872	G	5817	600	6417	0.00040
Pseudodesulfovibrio	2035811	G	5613	949	6562	0.00041
Solidesulfovibrio	2910984	G	3761	335	4096	0.00026
Oceanidesulfovibrio	2905722	G	1459	73	1532	0.00010
Desulfocurvibacter	2582840	G	1099	63	1162	0.00007
Desulfolutivibrio	2773294	G	1044	234	1278	0.00008
Desulfomicrobium	898	G	1122	122	1244	0.00008
Desulfosarcina	2299	G	2479	387	2866	0.00018
Desulfobulbus	893	G	1479	276	1755	0.00011
Persicimonas	2766927	G	4307	106	4413	0.00028
Bradymonas	1779136	G	1485	577	2062	0.00013
Desulfarculus	453229	G	1702	917	2619	0.00016
Campylobacter	194	G	1004	138	1142	0.00007
Acidithiobacillus	119977	G	1991	166	2157	0.00014
Gemmata	113	G	31462	2853	34315	0.00215
Urbifossiella	2807415	G	26073	2069	28142	0.00176
Frigoriglobus	2774146	G	17299	2631	19930	0.00125
Limnoglobus	2731450	G	13210	576	13786	0.00086
Tuwongella	2051044	G	1546	56	1602	0.00010
Telmatocola	1382832	G	1323	11	1334	0.00008
Aquisphaera	1511635	G	22823	3175	25998	0.00163
Tautonia	2680020	G	19498	1346	20844	0.00131
Paludisphaera	1763521	G	16767	2977	19744	0.00124
Singulisphaera	466152	G	15300	1824	17124	0.00107
Isosphaera	127	G	1887	113	2000	0.00013
Lignipirellula	2795775	G	3702	388	4090	0.00026
Stieleria	2795973	G	3647	346	3993	0.00025
Anatilimnocola	2807414	G	3559	349	3908	0.00025
Rosistilla	2795779	G	3335	220	3555	0.00022
Pirellula	123	G	2402	74	2476	0.00016
Bremerella	2714594	G	2057	136	2193	0.00014
Roseimaritima	1579506	G	1953	117	2070	0.00013
Lacipirellula	2691417	G	8059	530	8589	0.00054
Pirellulimonas	2795783	G	4598	471	5069	0.00032
Botrimarina	2795782	G	3877	336	4213	0.00026
Aeoliella	2795781	G	1451	116	1567	0.00010
Planctomyces	118	G	18576	3856	22432	0.00141
Gimesia	1649453	G	5364	270	5634	0.00035
Alienimonas	2714737	G	3863	253	4116	0.00026
Caulifigura	2795778	G	3819	223	4042	0.00025
Maioricimonas	2795777	G	3575	414	3989	0.00025
Symmachiella	2795780	G	1674	91	1765	0.00011
Humisphaera	2807511	G	8571	186	8757	0.00055
Phycisphaera	666508	G	3309	233	3542	0.00022
Mucisphaera	2913022	G	1486	73	1559	0.00010
Opitutus	178440	G	10188	811	10999	0.00069
Lacunisphaera	1961799	G	2930	355	3285	0.00021
Oleiharenicola	2100741	G	2087	94	2181	0.00014
Nibricoccus	2576890	G	1818	69	1887	0.00012
Ereboglobus	2028344	G	1397	66	1463	0.00009
Verrucomicrobium	2735	G	4548	328	4876	0.00031
Luteolibacter	518753	G	2917	98	3015	0.00019
Roseimicrobium	1348508	G	2346	64	2410	0.00015
Akkermansia	239934	G	1312	78	1390	0.00009
Methylacidimicrobium	1541670	G	1288	97	1385	0.00009
Hymenobacter	89966	G	19383	850	20233	0.00127
Pontibacter	323449	G	1974	218	2192	0.00014
Spirosoma	107	G	3958	169	4127	0.00026
Dyadobacter	120831	G	1288	70	1358	0.00009
Fibrella	861914	G	1088	67	1155	0.00007
Chryseolinea	1433993	G	1119	27	1146	0.00007
Niastella	354354	G	15382	777	16159	0.00101
Chitinophaga	79328	G	3015	108	3123	0.00020
Flavisolibacter	398041	G	2620	101	2721	0.00017
Panacibacter	1874621	G	1118	27	1145	0.00007
Alistipes	239759	G	4953	1498	6451	0.00040
Prevotella	838	G	1819	191	2010	0.00013
Bacteroides	816	G	1586	627	2213	0.00014
Flavobacterium	237	G	2913	707	3620	0.00023
Chryseobacterium	59732	G	2008	651	2659	0.00017
Rhodothermus	29548	G	3446	144	3590	0.00023
Rhodocaloribacter	2893090	G	3294	255	3549	0.00022
Salinibacter	146918	G	2345	29	2374	0.00015
Mucilaginibacter	423349	G	5574	347	5921	0.00037
Pedobacter	84567	G	1464	75	1539	0.00010
Sphingobacterium	28453	G	1089	420	1509	0.00009
Chlorobaculum	256319	G	1826	158	1984	0.00012
Gemmatirosa	1706036	G	58583	3883	62466	0.00392
Gemmatimonas	173479	G	16113	323	16436	0.00103
Granulicella	940557	G	11054	940	11994	0.00075
Terriglobus	392733	G	8190	823	9013	0.00057
Edaphobacter	388463	G	7599	829	8428	0.00053
Acidobacterium	33973	G	6658	462	7120	0.00045
Candidatus Koribacter	658061	G	6226	181	6407	0.00040
Acidisarcina	2608728	G	2283	142	2425	0.00015
Paludibaculum	1649475	G	8082	178	8260	0.00052
Luteitalea	2004797	G	34471	1623	36094	0.00226
Chloracidobacterium	458032	G	3095	79	3174	0.00020
Sulfidibacter	2915177	G	2112	42	2154	0.00014
Nitrospira	1234	G	8842	98	8940	0.00056
Treponema	157	G	1098	346	1444	0.00009
Fusarium	5506	G	15766	1216	16982	0.00107
Metarhizium	5529	G	3410	412	3822	0.00024
Pochonia	243023	G	2546	115	2661	0.00017
Ustilaginoidea	124426	G	1100	49	1149	0.00007
Trichoderma	5543	G	7047	264	7311	0.00046
Beauveria	5581	G	3684	123	3807	0.00024
Cordyceps	45234	G	1677	97	1774	0.00011
Purpureocillium	1052105	G	3393	205	3598	0.00023
Drechmeria	98402	G	1483	58	1541	0.00010
Colletotrichum	5455	G	2065	386	2451	0.00015
Thermothielavioides	2609811	G	2795	184	2979	0.00019
Thermothelomyces	1920207	G	2369	114	2483	0.00016
Pyricularia	48558	G	2598	24	2622	0.00016
Neopestalotiopsis	1562158	G	1167	15	1182	0.00007
Aspergillus	5052	G	7899	505	8404	0.00053
Penicillium	5073	G	3177	197	3374	0.00021
Pseudozyma	63298	G	2861	79	2940	0.00018
Phytophthora	4783	G	7408	990	8398	0.00053
