name	taxonomy_id	taxonomy_lvl	kraken_assigned_reads	added_reads	new_est_reads	fraction_total_reads
Streptomycetales	85011	O	1366215	235786	1602001	0.14674
Micrococcales	85006	O	722274	89188	811462	0.07433
Corynebacteriales	85007	O	555432	58621	614053	0.05625
Propionibacteriales	85009	O	516615	79623	596238	0.05462
Pseudonocardiales	85010	O	381795	48044	429839	0.03937
Micromonosporales	85008	O	315546	36783	352329	0.03227
Streptosporangiales	85012	O	197677	26454	224131	0.02053
Geodermatophilales	1643682	O	67677	14315	81992	0.00751
Frankiales	85013	O	28201	2369	30570	0.00280
Actinomycetales	2037	O	27639	3408	31047	0.00284
Jiangellales	1217098	O	15104	2221	17325	0.00159
Bifidobacteriales	85004	O	11231	4123	15354	0.00141
Nakamurellales	1643684	O	10609	1186	11795	0.00108
Catenulisporales	414714	O	7635	934	8569	0.00079
Jatrophihabitantales	2805415	O	6215	456	6671	0.00061
Glycomycetales	85014	O	3783	256	4039	0.00037
Kineosporiales	622452	O	3459	803	4262	0.00039
Sporichthyales	2495578	O	2073	839	2912	0.00027
Actinopolysporales	622450	O	1744	150	1894	0.00017
Acidothermales	1643683	O	1209	51	1260	0.00012
Solirubrobacterales	588673	O	109083	13902	122985	0.01127
Miltoncostaeales	2843198	O	24239	2696	26935	0.00247
Rubrobacterales	84996	O	63100	7029	70129	0.00642
Acidimicrobiales	84993	O	43394	4064	47458	0.00435
Eggerthellales	1643822	O	9971	1394	11365	0.00104
Coriobacteriales	84999	O	7252	1240	8492	0.00078
Egibacterales	1747768	O	4121	210	4331	0.00040
Egicoccales	1755823	O	3702	491	4193	0.00038
Euzebyales	908621	O	3626	258	3884	0.00036
Bacillales	1385	O	105072	55358	160430	0.01470
Lactobacillales	186826	O	5563	2247	7810	0.00072
Eubacteriales	186802	O	25080	6340	31420	0.00288
Thermoanaerobacterales	68295	O	3007	374	3381	0.00031
Selenomonadales	909929	O	3191	163	3354	0.00031
Limnochordales	1676649	O	2037	62	2099	0.00019
Deinococcales	118964	O	22559	1186	23745	0.00218
Thermales	68933	O	9125	454	9579	0.00088
Trueperales	2762275	O	1719	72	1791	0.00016
Synechococcales	1890424	O	14658	868	15526	0.00142
Nostocales	1161	O	5045	356	5401	0.00049
Pseudanabaenales	2881377	O	3615	194	3809	0.00035
Gloeobacterales	307595	O	3485	65	3550	0.00033
Oscillatoriales	1150	O	2198	198	2396	0.00022
Sphaerobacterales	85001	O	4672	210	4882	0.00045
Thermomicrobiales	189776	O	1175	17	1192	0.00011
Chloroflexales	32064	O	4428	127	4555	0.00042
Tepidiformales	2682226	O	2959	97	3056	0.00028
Ardenticatenales	1382929	O	2749	43	2792	0.00026
Caldilineales	475963	O	1409	69	1478	0.00014
Ktedonobacterales	388448	O	1270	29	1299	0.00012
Anaerolineales	292629	O	1139	646	1785	0.00016
Fimbriimonadales	1663425	O	1998	9	2007	0.00018
Hyphomicrobiales	356	O	1573371	67506	1640877	0.15031
Sphingomonadales	204457	O	349371	28766	378137	0.03464
Rhodospirillales	204441	O	164213	131422	295635	0.02708
Rhodobacterales	204455	O	120723	7937	128660	0.01179
Caulobacterales	204458	O	82817	6891	89708	0.00822
Maricaulales	2800059	O	3856	326	4182	0.00038
Hyphomonadales	2800060	O	3657	118	3775	0.00035
Parvularculales	255473	O	1234	70	1304	0.00012
Burkholderiales	80840	O	744144	144804	888948	0.08143
Rhodocyclales	206389	O	53197	13543	66740	0.00611
Nitrosomonadales	32003	O	46407	4924	51331	0.00470
Neisseriales	206351	O	33565	7745	41310	0.00378
Xanthomonadales	135614	O	232531	34350	266881	0.02445
Pseudomonadales	72274	O	220919	49425	270344	0.02476
Enterobacterales	91347	O	69413	93719	163132	0.01494
Chromatiales	135613	O	39079	2509	41588	0.00381
Oceanospirillales	135619	O	37007	4287	41294	0.00378
Aeromonadales	135624	O	14786	9444	24230	0.00222
Methylococcales	135618	O	13072	492	13564	0.00124
Alteromonadales	135622	O	8523	1010	9533	0.00087
Cellvibrionales	1706369	O	7799	346	8145	0.00075
Acidiferrobacterales	1692040	O	7185	292	7477	0.00068
Nevskiales	1775403	O	6967	1010	7977	0.00073
Vibrionales	135623	O	5140	1661	6801	0.00062
Moraxellales	2887326	O	2653	2890	5543	0.00051
Thiotrichales	72273	O	1842	94	1936	0.00018
Immundisolibacterales	1934945	O	1819	291	2110	0.00019
Legionellales	118969	O	1684	57	1741	0.00016
Salinisphaerales	742030	O	1317	46	1363	0.00012
Pasteurellales	135625	O	1059	1495	2554	0.00023
Myxococcales	29	O	287290	33951	321241	0.02943
Desulfuromonadales	69541	O	27839	1789	29628	0.00271
Desulfovibrionales	213115	O	20441	1238	21679	0.00199
Desulfobacterales	213118	O	7654	483	8137	0.00075
Bradymonadales	1779134	O	5611	127	5738	0.00053
Syntrophobacterales	213462	O	1698	271	1969	0.00018
Desulfarculales	453227	O	1486	553	2039	0.00019
Campylobacterales	213849	O	3230	229	3459	0.00032
Acidithiobacillales	225057	O	1651	135	1786	0.00016
Gemmatales	2691355	O	88613	2589	91202	0.00835
Isosphaerales	2691356	O	50952	4724	55676	0.00510
Pirellulales	2691354	O	38804	859	39663	0.00363
Planctomycetales	112	O	33923	3155	37078	0.00340
Tepidisphaerales	1771349	O	7462	183	7645	0.00070
Phycisphaerales	666506	O	4491	254	4745	0.00043
Opitutales	415000	O	15634	652	16286	0.00149
Verrucomicrobiales	48461	O	10047	1861	11908	0.00109
Chitinophagales	1853229	O	36138	275	36413	0.00334
Cytophagales	768507	O	28562	510	29072	0.00266
Bacteroidales	171549	O	10740	1664	12404	0.00114
Flavobacteriales	200644	O	9038	578	9616	0.00088
Bacteroidetes Order II. Incertae sedis	1100069	O	8504	334	8838	0.00081
Sphingobacteriales	200666	O	4702	311	5013	0.00046
Chlorobiales	191411	O	3245	366	3611	0.00033
Gemmatimonadales	219686	O	72038	3479	75517	0.00692
Acidobacteriales	204433	O	40950	800	41750	0.00382
Bryobacterales	332160	O	7792	194	7986	0.00073
Vicinamibacterales	2910145	O	37078	5178	42256	0.00387
Acanthopleuribacterales	533206	O	1827	32	1859	0.00017
Nitrospirales	189778	O	7040	87	7127	0.00065
Spirochaetales	136	O	2743	133	2876	0.00026
Synergistales	649776	O	2866	811	3677	0.00034
Hypocreales	5125	O	28442	563	29005	0.00266
Glomerellales	1028384	O	1565	233	1798	0.00016
Sordariales	5139	O	3861	69	3930	0.00036
Magnaporthales	639021	O	2025	13	2038	0.00019
Xylariales	37989	O	1032	10	1042	0.00010
Eurotiales	5042	O	5755	132	5887	0.00054
Pleosporales	92860	O	1076	173	1249	0.00011
Saccharomycetales	4892	O	2031	159	2190	0.00020
Ustilaginales	5267	O	3195	63	3258	0.00030
Peronosporales	4776	O	6138	820	6958	0.00064
