name	taxonomy_id	taxonomy_lvl	kraken_assigned_reads	added_reads	new_est_reads	fraction_total_reads
Streptomycetales	85011	O	2170218	410938	2581156	0.13008
Micrococcales	85006	O	1500632	185382	1686014	0.08497
Propionibacteriales	85009	O	1250506	205122	1455628	0.07336
Corynebacteriales	85007	O	984244	102032	1086276	0.05474
Pseudonocardiales	85010	O	867257	112584	979841	0.04938
Micromonosporales	85008	O	638561	75436	713997	0.03598
Streptosporangiales	85012	O	395091	54916	450007	0.02268
Geodermatophilales	1643682	O	167716	36576	204292	0.01030
Actinomycetales	2037	O	48833	6208	55041	0.00277
Frankiales	85013	O	46531	3987	50518	0.00255
Jiangellales	1217098	O	40560	6276	46836	0.00236
Nakamurellales	1643684	O	19600	2268	21868	0.00110
Bifidobacteriales	85004	O	19263	6769	26032	0.00131
Catenulisporales	414714	O	11599	1459	13058	0.00066
Jatrophihabitantales	2805415	O	9445	714	10159	0.00051
Glycomycetales	85014	O	7223	503	7726	0.00039
Kineosporiales	622452	O	6630	1582	8212	0.00041
Sporichthyales	2495578	O	4090	1696	5786	0.00029
Actinopolysporales	622450	O	3152	278	3430	0.00017
Acidothermales	1643683	O	2223	98	2321	0.00012
Solirubrobacterales	588673	O	238406	31058	269464	0.01358
Miltoncostaeales	2843198	O	48153	5421	53574	0.00270
Rubrobacterales	84996	O	129299	14643	143942	0.00725
Acidimicrobiales	84993	O	73958	7119	81077	0.00409
Eggerthellales	1643822	O	16372	2322	18694	0.00094
Coriobacteriales	84999	O	12318	2177	14495	0.00073
Egibacterales	1747768	O	7424	386	7810	0.00039
Egicoccales	1755823	O	6684	904	7588	0.00038
Euzebyales	908621	O	6416	465	6881	0.00035
Bacillales	1385	O	169832	113876	283708	0.01430
Lactobacillales	186826	O	9891	5083	14974	0.00075
Eubacteriales	186802	O	42759	7187	49946	0.00252
Thermoanaerobacterales	68295	O	4888	639	5527	0.00028
Selenomonadales	909929	O	5414	281	5695	0.00029
Veillonellales	1843489	O	1436	368	1804	0.00009
Limnochordales	1676649	O	3357	109	3466	0.00017
Synechococcales	1890424	O	25298	1720	27018	0.00136
Nostocales	1161	O	10709	763	11472	0.00058
Pseudanabaenales	2881377	O	6354	377	6731	0.00034
Gloeobacterales	307595	O	5554	110	5664	0.00029
Oscillatoriales	1150	O	3703	316	4019	0.00020
Chroococcales	1118	O	1771	222	1993	0.00010
Deinococcales	118964	O	38425	1634	40059	0.00202
Thermales	68933	O	14983	777	15760	0.00079
Trueperales	2762275	O	2918	133	3051	0.00015
Sphaerobacterales	85001	O	8418	420	8838	0.00045
Thermomicrobiales	189776	O	2064	36	2100	0.00011
Chloroflexales	32064	O	7433	230	7663	0.00039
Tepidiformales	2682226	O	5695	198	5893	0.00030
Ardenticatenales	1382929	O	4618	76	4694	0.00024
Caldilineales	475963	O	2456	133	2589	0.00013
Anaerolineales	292629	O	1831	29	1860	0.00009
Ktedonobacterales	388448	O	1589	1108	2697	0.00014
Fimbriimonadales	1663425	O	2994	14	3008	0.00015
Hyphomicrobiales	356	O	2467642	130363	2598005	0.13093
Sphingomonadales	204457	O	679694	67499	747193	0.03765
Rhodospirillales	204441	O	260760	197254	458014	0.02308
Rhodobacterales	204455	O	205054	12815	217869	0.01098
Caulobacterales	204458	O	114631	9277	123908	0.00624
Maricaulales	2800059	O	6204	507	6711	0.00034
Hyphomonadales	2800060	O	5424	172	5596	0.00028
Parvularculales	255473	O	1977	109	2086	0.00011
Rickettsiales	766	O	1530	977	2507	0.00013
Burkholderiales	80840	O	1287613	309064	1596677	0.08046
Rhodocyclales	206389	O	88839	21008	109847	0.00554
Nitrosomonadales	32003	O	75859	7205	83064	0.00419
Neisseriales	206351	O	56140	11925	68065	0.00343
Xanthomonadales	135614	O	467400	73534	540934	0.02726
Pseudomonadales	72274	O	419499	102180	521679	0.02629
Enterobacterales	91347	O	114674	165594	280268	0.01412
Chromatiales	135613	O	64488	3994	68482	0.00345
Oceanospirillales	135619	O	64465	7368	71833	0.00362
Aeromonadales	135624	O	24325	15043	39368	0.00198
Methylococcales	135618	O	21159	785	21944	0.00111
Alteromonadales	135622	O	15781	1724	17505	0.00088
Cellvibrionales	1706369	O	14480	601	15081	0.00076
Acidiferrobacterales	1692040	O	12140	486	12626	0.00064
Nevskiales	1775403	O	11699	1528	13227	0.00067
Vibrionales	135623	O	9231	1738	10969	0.00055
Legionellales	118969	O	8803	481	9284	0.00047
Moraxellales	2887326	O	5203	1518	6721	0.00034
Immundisolibacterales	1934945	O	4513	4186	8699	0.00044
Thiotrichales	72273	O	3300	168	3468	0.00017
Pasteurellales	135625	O	2204	616	2820	0.00014
Salinisphaerales	742030	O	2039	1907	3946	0.00020
Cardiobacteriales	135615	O	1393	165	1558	0.00008
Myxococcales	29	O	472376	45110	517486	0.02608
Desulfuromonadales	69541	O	45205	3054	48259	0.00243
Desulfovibrionales	213115	O	33089	2203	35292	0.00178
Desulfobacterales	213118	O	11921	793	12714	0.00064
Bradymonadales	1779134	O	9412	225	9637	0.00049
Syntrophobacterales	213462	O	2579	482	3061	0.00015
Desulfarculales	453227	O	2409	1019	3428	0.00017
Syntrophales	2914038	O	1486	409	1895	0.00010
Campylobacterales	213849	O	5733	343	6076	0.00031
Acidithiobacillales	225057	O	2773	232	3005	0.00015
Bdellovibrionales	213481	O	1666	20	1686	0.00008
Gemmatales	2691355	O	90862	2518	93380	0.00471
Pirellulales	2691354	O	85554	1734	87288	0.00440
Isosphaerales	2691356	O	74718	6822	81540	0.00411
Planctomycetales	112	O	55635	4715	60350	0.00304
Tepidisphaerales	1771349	O	11960	282	12242	0.00062
Phycisphaerales	666506	O	7345	417	7762	0.00039
Opitutales	415000	O	45700	1602	47302	0.00238
Puniceicoccales	415001	O	1465	140	1605	0.00008
Verrucomicrobiales	48461	O	19337	2957	22294	0.00112
Kiritimatiellales	1921782	O	1225	1115	2340	0.00012
Cytophagales	768507	O	50573	943	51516	0.00260
Flavobacteriales	200644	O	41804	2198	44002	0.00222
Sphingobacteriales	200666	O	27481	1289	28770	0.00145
Bacteroidales	171549	O	18001	2789	20790	0.00105
Chitinophagales	1853229	O	15491	184	15675	0.00079
Bacteroidetes Order II. Incertae sedis	1100069	O	14125	577	14702	0.00074
Chlorobiales	191411	O	5492	633	6125	0.00031
Gemmatimonadales	219686	O	130416	6529	136945	0.00690
Vicinamibacterales	2910145	O	66643	3512	70155	0.00354
Acidobacteriales	204433	O	50907	1030	51937	0.00262
Bryobacterales	332160	O	10010	5184	15194	0.00077
Acanthopleuribacterales	533206	O	2997	53	3050	0.00015
Nitrospirales	189778	O	15482	202	15684	0.00079
Spirochaetales	136	O	4580	234	4814	0.00024
Leptospirales	1643688	O	1465	117	1582	0.00008
Synergistales	649776	O	4592	1384	5976	0.00030
Hypocreales	5125	O	43664	1097	44761	0.00226
Glomerellales	1028384	O	2435	458	2893	0.00015
Sordariales	5139	O	5470	125	5595	0.00028
Magnaporthales	639021	O	3185	25	3210	0.00016
Xylariales	37989	O	1564	21	1585	0.00008
Helotiales	5178	O	2291	17	2308	0.00012
Eurotiales	5042	O	6386	227	6613	0.00033
Pleosporales	92860	O	1958	450	2408	0.00012
Mycosphaerellales	2726947	O	1146	11	1157	0.00006
Saccharomycetales	4892	O	4021	361	4382	0.00022
Ustilaginales	5267	O	5642	195	5837	0.00029
Polyporales	5303	O	1294	17	1311	0.00007
Peronosporales	4776	O	10664	2012	12676	0.00064
Pythiales	121069	O	1045	22	1067	0.00005
