name	taxonomy_id	taxonomy_lvl	kraken_assigned_reads	added_reads	new_est_reads	fraction_total_reads
Streptomyces	1883	G	2257488	440232	2697720	0.14257
Kitasatospora	2063	G	71714	19619	91333	0.00483
Yinghuangia	2805681	G	39395	5194	44589	0.00236
Streptacidiphilus	228398	G	26443	6279	32722	0.00173
Microbacterium	33882	G	189483	27297	216780	0.01146
Agromyces	33877	G	66551	13061	79612	0.00421
Leifsonia	110932	G	48972	21647	70619	0.00373
Curtobacterium	2034	G	38947	6764	45711	0.00242
Rathayibacter	33886	G	34280	6461	40741	0.00215
Clavibacter	1573	G	25969	12184	38153	0.00202
Leucobacter	55968	G	25331	3878	29209	0.00154
Agrococcus	46352	G	24034	5362	29396	0.00155
Protaetiibacter	2680004	G	15718	3753	19471	0.00103
Salinibacterium	235888	G	10381	1382	11763	0.00062
Cryobacterium	69578	G	9185	1067	10252	0.00054
Frondihabitans	447237	G	7564	971	8535	0.00045
Microterricola	518733	G	6736	1350	8086	0.00043
Plantibacter	190323	G	6465	667	7132	0.00038
Microcella	337004	G	6245	1772	8017	0.00042
Cnuibacter	1759331	G	4791	843	5634	0.00030
Gryllotalpicola	1195526	G	4672	736	5408	0.00029
Herbiconiux	881616	G	4647	756	5403	0.00029
Frigoribacterium	96492	G	4405	1051	5456	0.00029
Mycetocola	76634	G	4106	425	4531	0.00024
Subtercola	120212	G	3911	264	4175	0.00022
Humibacter	427753	G	3848	698	4546	0.00024
Amnibacterium	1029631	G	3572	700	4272	0.00023
Chryseoglobus	1331730	G	3469	577	4046	0.00021
Gulosibacter	256818	G	2761	644	3405	0.00018
Marisediminicola	1230698	G	2751	278	3029	0.00016
Diaminobutyricimonas	1433997	G	2308	352	2660	0.00014
Glaciihabitans	1649454	G	2199	142	2341	0.00012
Agreia	110934	G	2001	196	2197	0.00012
Arthrobacter	1663	G	167335	35731	203066	0.01073
Sinomonas	596707	G	29518	6685	36203	0.00191
Pseudarthrobacter	1742993	G	28999	8707	37706	0.00199
Kocuria	57493	G	22983	5650	28633	0.00151
Micrococcus	1269	G	10981	6200	17181	0.00091
Glutamicibacter	1742989	G	7153	2019	9172	0.00048
Paenarthrobacter	1742992	G	5647	2601	8248	0.00044
Rothia	32207	G	4728	1636	6364	0.00034
Citricoccus	169133	G	3821	827	4648	0.00025
Nesterenkonia	57494	G	1361	72	1433	0.00008
Cellulomonas	1707	G	93448	28003	121451	0.00642
Actinotalea	458839	G	5824	1865	7689	0.00041
Oerskovia	162491	G	5006	1419	6425	0.00034
Pseudactinotalea	1926259	G	3908	494	4402	0.00023
Paraoerskovia	665568	G	3341	766	4107	0.00022
Janibacter	53457	G	23007	5983	28990	0.00153
Phycicoccus	367298	G	20833	5414	26247	0.00139
Intrasporangium	53357	G	19773	4464	24237	0.00128
Pedococcus	2805645	G	18084	5077	23161	0.00122
Tetrasphaera	99479	G	13896	3453	17349	0.00092
Arsenicicoccus	267408	G	7128	2421	9549	0.00050
Cellulosimicrobium	157920	G	29215	10779	39994	0.00211
Xylanimonas	186188	G	15300	4336	19636	0.00104
Isoptericola	254250	G	11817	4687	16504	0.00087
Ornithinimicrobium	125287	G	23827	4389	28216	0.00149
Serinicoccus	265976	G	18249	4384	22633	0.00120
Brachybacterium	43668	G	28320	4049	32369	0.00171
Dermabacter	36739	G	1987	942	2929	0.00015
Brevibacterium	1696	G	29127	5029	34156	0.00181
Dermacoccus	57495	G	8260	2525	10785	0.00057
Luteipulveratus	745364	G	6374	788	7162	0.00038
Allobranchiibius	2040262	G	5155	999	6154	0.00033
Yimella	908935	G	2955	520	3475	0.00018
Georgenia	154116	G	21449	5441	26890	0.00142
Ruania	626119	G	18072	1871	19943	0.00105
Pengzhenrongella	2888818	G	6841	1664	8505	0.00045
Luteimicrobium	754249	G	6152	1656	7808	0.00041
Beutenbergia	84756	G	7214	1046	8260	0.00044
Miniimonas	947525	G	5006	2290	7296	0.00039
Sanguibacter	60919	G	8928	2349	11277	0.00060
Gephyromycinifex	2885697	G	1972	211	2183	0.00012
Austwickia	1184606	G	1455	104	1559	0.00008
Kytococcus	57499	G	3746	1670	5416	0.00029
Demequina	577469	G	1293	87	1380	0.00007
Mycolicibacterium	1866885	G	234746	37832	272578	0.01440
Mycobacterium	1763	G	210705	54520	265225	0.01402
Mycolicibacter	1073531	G	14903	4779	19682	0.00104
Mycobacteroides	670516	G	13338	3654	16992	0.00090
Mycolicibacillus	2126281	G	2886	646	3532	0.00019
Hoyosella	697025	G	1298	58	1356	0.00007
Nocardia	1817	G	167319	23721	191040	0.01010
Rhodococcus	1827	G	130391	28272	158663	0.00838
Corynebacterium	1716	G	77229	15795	93024	0.00492
Gordonia	2053	G	64472	12883	77355	0.00409
Skermania	59613	G	3194	303	3497	0.00018
Tsukamurella	2060	G	20792	4330	25122	0.00133
Dietzia	37914	G	11983	2372	14355	0.00076
Tomitella	741759	G	7379	1264	8643	0.00046
Segniliparus	286801	G	1830	83	1913	0.00010
Nocardioides	1839	G	710707	133078	843785	0.04459
Aeromicrobium	2040	G	40450	6869	47319	0.00250
Marmoricola	86795	G	11546	3862	15408	0.00081
Pimelobacter	2044	G	10646	3583	14229	0.00075
Friedmanniella	53387	G	8531	1456	9987	0.00053
Mumia	1546255	G	6614	1004	7618	0.00040
Micropruina	116071	G	3271	404	3675	0.00019
Microlunatus	29404	G	28922	2750	31672	0.00167
Tessaracoccus	72763	G	22495	9631	32126	0.00170
Brevilactibacter	2717325	G	8659	2850	11509	0.00061
Acidipropionibacterium	1912215	G	7417	2391	9808	0.00052
Propionibacterium	1743	G	7378	1949	9327	0.00049
Auraticoccus	1278221	G	5643	860	6503	0.00034
Raineyella	1911549	G	3462	389	3851	0.00020
Cutibacterium	1912216	G	3435	633	4068	0.00022
Arachnia	2801844	G	3365	209	3574	0.00019
Kribbella	182639	G	65721	8213	73934	0.00391
Actinopolymorpha	117156	G	12885	1220	14105	0.00075
Micromonospora	1873	G	326806	73385	400191	0.02115
Actinoplanes	1865	G	194733	27567	222300	0.01175
Dactylosporangium	35753	G	51901	4847	56748	0.00300
Phytohabitans	907364	G	33364	3692	37056	0.00196
Plantactinospora	673534	G	23998	3617	27615	0.00146
Couchioplanes	56433	G	23255	4907	28162	0.00149
Actinocatenispora	390988	G	21924	2310	24234	0.00128
Catellatospora	53365	G	18840	3475	22315	0.00118
Polymorphospora	338583	G	11698	2146	13844	0.00073
Natronosporangium	2920401	G	6340	364	6704	0.00035
Verrucosispora	84593	G	5229	3293	8522	0.00045
Salinispora	168694	G	3875	539	4414	0.00023
Amycolatopsis	1813	G	237503	39215	276718	0.01462
Pseudonocardia	1847	G	191861	28915	220776	0.01167
Saccharopolyspora	1835	G	47306	8378	55684	0.00294
Saccharothrix	2071	G	35955	8756	44711	0.00236
Kutzneria	43356	G	23840	4259	28099	0.00148
Saccharomonospora	1851	G	23668	3712	27380	0.00145
Lentzea	165301	G	15892	2893	18785	0.00099
Actinoalloteichus	65496	G	14555	1203	15758	0.00083
Actinosynnema	40566	G	13832	3743	17575	0.00093
Kibdelosporangium	2029	G	10540	1096	11636	0.00061
Allokutzneria	1137960	G	10289	2119	12408	0.00066
Alloactinosynnema	674734	G	8032	1534	9566	0.00051
Prauserella	142577	G	5039	399	5438	0.00029
Allosaccharopolyspora	2893576	G	4031	757	4788	0.00025
Actinomadura	1988	G	195003	31695	226698	0.01198
Thermomonospora	2019	G	18720	4667	23387	0.00124
Nonomuraea	83681	G	96401	13835	110236	0.00583
Streptosporangium	2000	G	40567	6691	47258	0.00250
Thermobispora	147067	G	7779	1536	9315	0.00049
Nocardiopsis	2013	G	29770	5304	35074	0.00185
Thermobifida	83677	G	10851	1878	12729	0.00067
Streptomonospora	104204	G	5735	947	6682	0.00035
Spiractinospora	2913367	G	3977	221	4198	0.00022
Blastococcus	38501	G	60848	15869	76717	0.00405
Modestobacter	88138	G	43641	11908	55549	0.00294
Geodermatophilus	1860	G	27988	8419	36407	0.00192
Frankia	1854	G	50866	4249	55115	0.00291
Actinomyces	1654	G	34571	4027	38598	0.00204
Schaalia	2529408	G	4420	651	5071	0.00027
Flaviflexus	1522056	G	2664	534	3198	0.00017
Trueperella	1069494	G	2251	551	2802	0.00015
Pauljensenia	2740557	G	1211	344	1555	0.00008
Nanchangia	2888879	G	1128	103	1231	0.00007
Jiangella	281472	G	32216	4763	36979	0.00195
Catenulispora	414878	G	22580	2747	25327	0.00134
Bifidobacterium	1678	G	18438	4371	22809	0.00121
Nakamurella	53460	G	18395	1999	20394	0.00108
Jatrophihabitans	1434010	G	10770	787	11557	0.00061
Stackebrandtia	283810	G	6081	462	6543	0.00035
Kineococcus	33981	G	6605	1525	8130	0.00043
Epidermidibacterium	2078948	G	4020	1610	5630	0.00030
Actinopolyspora	1849	G	3056	261	3317	0.00018
Acidothermus	28048	G	2260	97	2357	0.00012
Conexibacter	191494	G	201254	25596	226850	0.01199
Miltoncostaea	2843200	G	48105	5400	53505	0.00283
Baekduia	2600304	G	81301	11802	93103	0.00492
Rubrobacter	42255	G	31591	1157	32748	0.00173
Aquihabitans	1648491	G	34928	5197	40125	0.00212
Actinomarinicola	2789775	G	15587	2791	18378	0.00097
Iamia	467975	G	15359	2221	17580	0.00093
Ilumatobacter	682522	G	7535	419	7954	0.00042
Acidimicrobium	53634	G	2517	177	2694	0.00014
Eggerthella	84111	G	4705	1389	6094	0.00032
Gordonibacter	644652	G	2455	923	3378	0.00018
Adlercreutzia	447020	G	2212	426	2638	0.00014
Arabiibacter	2005386	G	2070	356	2426	0.00013
Raoultibacter	1926677	G	1029	70	1099	0.00006
Olsenella	133925	G	3284	551	3835	0.00020
Parolsenella	2082587	G	2040	617	2657	0.00014
Thermophilibacter	2847307	G	1121	353	1474	0.00008
Parafannyhessea	2847312	G	1087	555	1642	0.00009
Collinsella	102106	G	2929	746	3675	0.00019
Egibacter	1747770	G	7314	368	7682	0.00041
Euzebya	908623	G	6402	447	6849	0.00036
Egicoccus	1755825	G	6381	839	7220	0.00038
Priestia	2800373	G	55390	46417	101807	0.00538
Bacillus	1386	G	32357	66577	98934	0.00523
Mesobacillus	2675231	G	10718	2785	13503	0.00071
Neobacillus	2675232	G	7751	2811	10562	0.00056
Cytobacillus	2675230	G	5611	2284	7895	0.00042
Lysinibacillus	400634	G	4510	1257	5767	0.00030
Peribacillus	2675229	G	4508	1745	6253	0.00033
Geobacillus	129337	G	3733	1316	5049	0.00027
Metabacillus	2675233	G	3156	1065	4221	0.00022
Hydrogenibacillus	1609627	G	2446	312	2758	0.00015
Anoxybacillus	150247	G	2259	501	2760	0.00015
Parageobacillus	1906945	G	1269	313	1582	0.00008
Virgibacillus	84406	G	1169	140	1309	0.00007
Paenibacillus	44249	G	66055	5844	71899	0.00380
Brevibacillus	55080	G	9608	1597	11205	0.00059
Cohnella	329857	G	4469	569	5038	0.00027
Thermobacillus	76632	G	2188	259	2447	0.00013
Saccharibacillus	456492	G	1668	170	1838	0.00010
Planococcus	1372	G	2586	812	3398	0.00018
Sporosarcina	1569	G	2038	517	2555	0.00014
Alicyclobacillus	29330	G	3610	239	3849	0.00020
Tumebacillus	432330	G	2365	712	3077	0.00016
Kyrpidia	1129704	G	1056	47	1103	0.00006
Staphylococcus	1279	G	1828	5432	7260	0.00038
Exiguobacterium	33986	G	1764	469	2233	0.00012
Streptococcus	1301	G	1905	4281	6186	0.00033
Faecalibacterium	216851	G	2548	1805	4353	0.00023
Dysosmobacter	2591381	G	1435	743	2178	0.00012
Flavonifractor	946234	G	1212	353	1565	0.00008
Thermaerobacter	73918	G	8281	682	8963	0.00047
Clostridium	1485	G	2853	783	3636	0.00019
Symbiobacterium	2733	G	3365	321	3686	0.00019
Christensenella	990721	G	1113	461	1574	0.00008
Moorella	44260	G	1452	136	1588	0.00008
Gelria	189326	G	1133	148	1281	0.00007
Selenomonas	970	G	4167	202	4369	0.00023
Megasphaera	906	G	1064	324	1388	0.00007
Limnochorda	1676651	G	3322	106	3428	0.00018
Deinococcus	1298	G	38138	3251	41389	0.00219
Thermus	270	G	6046	387	6433	0.00034
Meiothermus	65551	G	3133	160	3293	0.00017
Oceanithermus	208447	G	3116	264	3380	0.00018
Marinithermus	186191	G	2066	289	2355	0.00012
Truepera	332248	G	2856	124	2980	0.00016
Synechococcus	1129	G	17757	2024	19781	0.00105
Cyanobium	167375	G	3640	809	4449	0.00024
Nostoc	1177	G	2382	1094	3476	0.00018
Calothrix	1186	G	1336	374	1710	0.00009
Gloeobacter	33071	G	4857	131	4988	0.00026
Leptolyngbya	47251	G	2330	237	2567	0.00014
Sphaerobacter	2056	G	8848	502	9350	0.00049
Thermomicrobium	499	G	2067	43	2110	0.00011
Roseiflexus	120961	G	5000	245	5245	0.00028
Chloroflexus	1107	G	1808	64	1872	0.00010
Tepidiforma	2682228	G	6302	221	6523	0.00034
Candidatus Promineofilum	1988031	G	4622	76	4698	0.00025
Ktedonosporobacter	2692417	G	2434	71	2505	0.00013
Caldilinea	233191	G	2216	136	2352	0.00012
Dehalogenimonas	670486	G	1051	63	1114	0.00006
Thermobaculum	262406	G	1085	118	1203	0.00006
Fimbriimonas	1005038	G	3101	14	3115	0.00016
Bradyrhizobium	374	G	741082	80417	821499	0.04341
Rhodopseudomonas	1073	G	39538	9204	48742	0.00258
Nitrobacter	911	G	18373	1938	20311	0.00107
Tardiphaga	1395974	G	14551	1458	16009	0.00085
Afipia	1033	G	11176	4650	15826	0.00084
Variibacter	1649510	G	7758	501	8259	0.00044
Mesorhizobium	68287	G	228003	36466	264469	0.01398
Aquibium	2911176	G	11718	2387	14105	0.00075
Aminobacter	31988	G	10238	5512	15750	0.00083
Nitratireductor	245876	G	7812	990	8802	0.00047
Phyllobacterium	28100	G	5301	450	5751	0.00030
Roseitalea	1915401	G	3337	476	3813	0.00020
Hoeflea	274591	G	2832	224	3056	0.00016
Oricola	1594166	G	2440	282	2722	0.00014
Salaquimonas	2712688	G	1040	39	1079	0.00006
Rhizobium	379	G	109625	28304	137929	0.00729
Agrobacterium	357	G	22208	8070	30278	0.00160
Neorhizobium	1525371	G	10602	2086	12688	0.00067
Pseudorhizobium	1903858	G	2952	477	3429	0.00018
Sinorhizobium	28105	G	27545	12223	39768	0.00210
Ensifer	106591	G	22414	3728	26142	0.00138
Shinella	323620	G	17861	11147	29008	0.00153
Ciceribacter	1648508	G	2492	424	2916	0.00015
Georhizobium	2661800	G	2128	392	2520	0.00013
Methylobacterium	407	G	106733	16923	123656	0.00653
Microvirga	186650	G	58947	6008	64955	0.00343
Methylorubrum	2282523	G	23570	8320	31890	0.00169
Rhodoplanes	29407	G	72823	6084	78907	0.00417
Hyphomicrobium	81	G	27973	1493	29466	0.00156
Methyloceanibacter	1484898	G	6795	381	7176	0.00038
Methyloligella	1485594	G	4414	452	4866	0.00026
Aquabacter	45402	G	4015	572	4587	0.00024
Rhodomicrobium	1068	G	2960	170	3130	0.00017
Caenibius	2827482	G	2320	916	3236	0.00017
Filomicrobium	119044	G	1199	28	1227	0.00006
Pseudolabrys	556257	G	56426	7292	63718	0.00337
Starkeya	152053	G	15265	3441	18706	0.00099
Xanthobacter	279	G	13932	2831	16763	0.00089
Ancylobacter	99	G	13619	4111	17730	0.00094
Labrys	204476	G	5529	493	6022	0.00032
Azorhizobium	6	G	4671	866	5537	0.00029
Devosia	46913	G	38338	2771	41109	0.00217
Youhaiella	1827478	G	4040	857	4897	0.00026
Paradevosia	1573407	G	3945	1376	5321	0.00028
Pelagibacterium	1082930	G	1729	254	1983	0.00010
Bosea	85413	G	48855	6630	55485	0.00293
Aureimonas	414371	G	19489	3470	22959	0.00121
Martelella	293088	G	10352	1642	11994	0.00063
Aurantimonas	182269	G	5255	1354	6609	0.00035
Nordella	169055	G	13405	637	14042	0.00074
Pseudorhodoplanes	1734920	G	11076	699	11775	0.00062
Terrihabitans	2874214	G	3559	344	3903	0.00021
Methylocystis	133	G	16948	1338	18286	0.00097
Methylosinus	425	G	8581	1146	9727	0.00051
Phreatobacter	1632780	G	20283	2966	23249	0.00123
Stappia	152161	G	8090	1317	9407	0.00050
Roseibium	150830	G	3866	423	4289	0.00023
Pannonibacter	227873	G	3710	2276	5986	0.00032
Labrenzia	478070	G	3190	234	3424	0.00018
Kaustia	2838250	G	6367	538	6905	0.00036
Parvibaculum	256616	G	3403	2165	5568	0.00029
Pyruvatibacter	1742974	G	2249	247	2496	0.00013
Candidatus Phaeomarinobacter	1541445	G	1013	44	1057	0.00006
Methylocella	120652	G	6052	510	6562	0.00035
Methylovirgula	1156568	G	5189	388	5577	0.00029
Beijerinckia	532	G	1448	108	1556	0.00008
Blastochloris	59282	G	11880	2439	14319	0.00076
Chelatococcus	28209	G	11426	2219	13645	0.00072
Kaistia	166953	G	7789	1662	9451	0.00050
Brucella	234	G	6466	3194	9660	0.00051
Acuticoccus	1904377	G	7052	665	7717	0.00041
Lichenihabitans	2723776	G	4359	180	4539	0.00024
Hartmannibacter	1572860	G	4224	653	4877	0.00026
Breoghania	1406135	G	4054	465	4519	0.00024
Sphingomonas	13687	G	276678	32837	309515	0.01636
Sphingobium	165695	G	48739	21663	70402	0.00372
Sphingopyxis	165697	G	45376	8397	53773	0.00284
Novosphingobium	165696	G	35219	11308	46527	0.00246
Rhizorhabdus	1649486	G	15427	6426	21853	0.00115
Sphingosinithalassobacter	2676233	G	6280	1352	7632	0.00040
Allosphingosinicella	2823232	G	5210	562	5772	0.00031
Parasphingopyxis	1234545	G	3747	161	3908	0.00021
Sphingorhabdus	1434046	G	3508	191	3699	0.00020
Blastomonas	150203	G	3298	510	3808	0.00020
Hankyongella	1763827	G	2525	429	2954	0.00016
Tardibacter	2685927	G	2080	1395	3475	0.00018
Citromicrobium	72173	G	1861	761	2622	0.00014
Novosphingopyxis	2709686	G	1644	814	2458	0.00013
Parasphingorhabdus	2709685	G	1111	28	1139	0.00006
Erythrobacter	1041	G	20864	4678	25542	0.00135
Porphyrobacter	1111	G	6316	1515	7831	0.00041
Qipengyuania	1855416	G	12871	2955	15826	0.00084
Croceicoccus	1295327	G	7654	4035	11689	0.00062
Altererythrobacter	361177	G	7226	1581	8807	0.00047
Tsuneonella	2800686	G	6830	1192	8022	0.00042
Aurantiacibacter	2800681	G	1621	228	1849	0.00010
Pelagerythrobacter	2800685	G	1393	165	1558	0.00008
Paraurantiacibacter	2800682	G	1235	138	1373	0.00007
Croceibacterium	2676755	G	1231	429	1660	0.00009
Sphingosinicella	335405	G	11999	1130	13129	0.00069
Polymorphobacter	1508451	G	6297	229	6526	0.00034
Sandaracinobacter	56358	G	2525	158	2683	0.00014
Roseomonas	125216	G	42406	5327	47733	0.00252
Rhodovastum	504465	G	9866	825	10691	0.00056
Komagataeibacter	1434011	G	7115	2754	9869	0.00052
Acidiphilium	522	G	6065	2893	8958	0.00047
Roseococcus	35812	G	5304	408	5712	0.00030
Sediminicoccus	1706033	G	4375	186	4561	0.00024
Lichenicola	2804525	G	4236	170	4406	0.00023
Acidibrevibacterium	2603324	G	4179	326	4505	0.00024
Acetobacter	434	G	3705	1026	4731	0.00025
Gluconobacter	441	G	2717	589	3306	0.00017
Gluconacetobacter	89583	G	2654	457	3111	0.00016
Granulibacter	364409	G	1870	139	2009	0.00011
Asaia	91914	G	1153	161	1314	0.00007
Neoasaia	320496	G	1138	189	1327	0.00007
Azospirillum	191	G	66470	7334	73804	0.00390
Skermanella	204447	G	22402	2698	25100	0.00133
Nitrospirillum	1543705	G	5522	539	6061	0.00032
Indioceanicola	2478349	G	3832	439	4271	0.00023
Niveispirillum	1543704	G	2240	209	2449	0.00013
Hypericibacter	2705399	G	34473	1807	36280	0.00192
Magnetospirillum	13134	G	12678	212424	225102	0.01190
Rhodospirillum	1081	G	7733	768	8501	0.00045
Tistrella	171436	G	5636	2289	7925	0.00042
Ferrovibrio	1231242	G	4433	249	4682	0.00025
Defluviicoccus	111830	G	2708	212	2920	0.00015
Pararhodospirillum	1612157	G	1729	111	1840	0.00010
Stella	93	G	11897	726	12623	0.00067
Elioraea	457933	G	5486	236	5722	0.00030
Thalassospira	168934	G	2291	188	2479	0.00013
Magnetospira	1182780	G	1114	31	1145	0.00006
Paracoccus	265	G	38436	5978	44414	0.00235
Cereibacter	1653176	G	9949	2402	12351	0.00065
Rhodobacter	1060	G	9789	2487	12276	0.00065
Rhodovulum	34008	G	5507	1056	6563	0.00035
Paroceanicella	2683599	G	4479	990	5469	0.00029
Polymorphum	991903	G	4398	973	5371	0.00028
Thioclava	285107	G	3276	347	3623	0.00019
Pikeienuella	2831955	G	3076	260	3336	0.00018
Pontivivens	1844015	G	2722	174	2896	0.00015
Pelagovum	2795377	G	2544	270	2814	0.00015
Silicimonas	1955420	G	2351	117	2468	0.00013
Pukyongiella	2831925	G	1993	397	2390	0.00013
Frigidibacter	1775705	G	1991	726	2717	0.00014
Brevirhabdus	1855413	G	1798	706	2504	0.00013
Gymnodinialimonas	2937410	G	1537	123	1660	0.00009
Fuscovulum	2818469	G	1501	154	1655	0.00009
Falsirhodobacter	1434002	G	1382	162	1544	0.00008
Haematobacter	366614	G	1338	466	1804	0.00010
Pacificitalea	2846749	G	1326	241	1567	0.00008
Pseudopuniceibacterium	2613960	G	1303	85	1388	0.00007
Gemmobacter	204456	G	1236	215	1451	0.00008
Tabrizicola	1443919	G	1217	88	1305	0.00007
Pseudooceanicola	1679449	G	1145	93	1238	0.00007
Sulfitobacter	60136	G	10170	1573	11743	0.00062
Roseovarius	74030	G	10101	1272	11373	0.00060
Salipiger	263377	G	7902	2128	10030	0.00053
Roseivivax	93682	G	5891	741	6632	0.00035
Celeribacter	875170	G	4353	1385	5738	0.00030
Phaeobacter	302485	G	3869	630	4499	0.00024
Leisingera	191028	G	3520	388	3908	0.00021
Ruegeria	97050	G	3360	410	3770	0.00020
Pseudosulfitobacter	2854186	G	2777	615	3392	0.00018
Yangia	2919626	G	2649	373	3022	0.00016
Sagittula	58842	G	2510	840	3350	0.00018
Ponticoccus	983507	G	2003	252	2255	0.00012
Mameliella	1434019	G	1815	275	2090	0.00011
Dinoroseobacter	309512	G	1655	485	2140	0.00011
Roseobacter	2433	G	1650	41	1691	0.00009
Ketogulonicigenium	92944	G	1569	172	1741	0.00009
Octadecabacter	53945	G	1391	77	1468	0.00008
Roseibacterium	159345	G	1387	99	1486	0.00008
Actibacterium	1433986	G	1355	538	1893	0.00010
Oceanicola	252301	G	1315	57	1372	0.00007
Maribius	387095	G	1006	44	1050	0.00006
Caulobacter	75	G	79275	9289	88564	0.00468
Brevundimonas	41275	G	48103	6312	54415	0.00288
Phenylobacterium	20	G	29348	4470	33818	0.00179
Asticcacaulis	76890	G	4075	281	4356	0.00023
Terricaulis	2768684	G	2659	81	2740	0.00014
Marinicauda	1649466	G	3521	529	4050	0.00021
Maricaulis	74317	G	1237	69	1306	0.00007
Glycocaulis	1433402	G	1144	52	1196	0.00006
Hyphomonas	85	G	4233	171	4404	0.00023
Candidatus Viadribacter	2892997	G	1669	37	1706	0.00009
Aquisalinus	1795639	G	1513	64	1577	0.00008
Burkholderia	32008	G	178418	70175	248593	0.01314
Cupriavidus	106589	G	96889	30346	127235	0.00672
Paraburkholderia	1822464	G	90388	10325	100713	0.00532
Ralstonia	48736	G	26383	13612	39995	0.00211
Pandoraea	93217	G	23927	3718	27645	0.00146
Caballeronia	1827195	G	23000	2970	25970	0.00137
Polynucleobacter	44013	G	2655	64	2719	0.00014
Lautropia	47670	G	1593	277	1870	0.00010
Chitinimonas	240411	G	1474	113	1587	0.00008
Mycetohabitans	2571159	G	1220	79	1299	0.00007
Variovorax	34072	G	87736	27846	115582	0.00611
Hydrogenophaga	47420	G	34235	14187	48422	0.00256
Acidovorax	12916	G	32918	16268	49186	0.00260
Ramlibacter	174951	G	21738	8231	29969	0.00158
Comamonas	283	G	19988	10149	30137	0.00159
Rhodoferax	28065	G	16789	3620	20409	0.00108
Diaphorobacter	238749	G	10818	10515	21333	0.00113
Schlegelella	215579	G	10249	3035	13284	0.00070
Delftia	80865	G	10171	11823	21994	0.00116
Polaromonas	52972	G	7665	563	8228	0.00043
Kinneretia	683756	G	7181	4400	11581	0.00061
Ottowia	219181	G	5629	921	6550	0.00035
Alicycliphilus	201096	G	5062	8049	13111	0.00069
Melaminivora	1649468	G	4503	3772	8275	0.00044
Serpentinimonas	2490452	G	3001	662	3663	0.00019
Verminephrobacter	364316	G	2474	284	2758	0.00015
Hylemonella	232523	G	2061	281	2342	0.00012
Pulveribacter	2678886	G	2037	979	3016	0.00016
Simplicispira	352450	G	1621	552	2173	0.00011
Massilia	149698	G	84316	14462	98778	0.00522
Duganella	75654	G	7908	2532	10440	0.00055
Janthinobacterium	29580	G	17556	3560	21116	0.00112
Herbaspirillum	963	G	17041	3196	20237	0.00107
Collimonas	202907	G	8710	967	9677	0.00051
Noviherbaspirillum	1344552	G	4944	827	5771	0.00031
Undibacterium	401469	G	1178	68	1246	0.00007
Achromobacter	222	G	54550	22979	77529	0.00410
Bordetella	517	G	43562	15869	59431	0.00314
Pigmentiphaga	152267	G	6828	757	7585	0.00040
Orrella	1921582	G	3223	980	4203	0.00022
Castellaniella	359336	G	3071	2025	5096	0.00027
Alcaligenes	507	G	2143	508	2651	0.00014
Pusillimonas (ex Stolz et al. 2005)	305976	G	1578	273	1851	0.00010
Advenella	290425	G	1041	30	1071	0.00006
Rhizobacter	212743	G	12763	2760	15523	0.00082
Sphaerotilus	34102	G	8905	4388	13293	0.00070
Rubrivivax	28067	G	6929	2134	9063	0.00048
Methylibium	316612	G	6409	1945	8354	0.00044
Thiomonas	32012	G	6276	722	6998	0.00037
Mitsuaria	65047	G	5207	1021	6228	0.00033
Aquincola	391952	G	5053	1744	6797	0.00036
Leptothrix	88	G	4542	1427	5969	0.00032
Xylophilus	54066	G	4316	1290	5606	0.00030
Ideonella	36862	G	2807	1713	4520	0.00024
Tepidimonas	114248	G	2602	946	3548	0.00019
Aquabacterium	92793	G	2312	616	2928	0.00015
Roseateles	93681	G	2248	427	2675	0.00014
Inhella	644355	G	1686	270	1956	0.00010
Paucibacter	318147	G	1479	257	1736	0.00009
Sutterella	40544	G	2266	184	2450	0.00013
Thauera	33057	G	18439	10975	29414	0.00155
Azoarcus	12960	G	15434	4704	20138	0.00106
Nitrogeniibacter	2891294	G	5079	763	5842	0.00031
Aromatoleum	551759	G	14406	4051	18457	0.00098
Azospira	146937	G	9821	4300	14121	0.00075
Niveibacterium	1769726	G	2493	340	2833	0.00015
Oryzomicrobium	1911577	G	1925	468	2393	0.00013
Dechloromonas	73029	G	4540	744	5284	0.00028
Ferribacterium	88875	G	3688	596	4284	0.00023
Quatrionicoccus	138117	G	1624	451	2075	0.00011
Usitatibacter	2803845	G	27677	2102	29779	0.00157
Denitratisoma	311181	G	4045	1975	6020	0.00032
Sulfuritalea	1054211	G	3055	456	3511	0.00019
Methyloversatilis	378210	G	2522	338	2860	0.00015
Sterolibacterium	157591	G	1973	545	2518	0.00013
Nitrosospira	35798	G	6249	195	6444	0.00034
Nitrosomonas	914	G	2779	254	3033	0.00016
Sideroxydans	314343	G	2788	373	3161	0.00017
Ferrigenium	2249462	G	1746	351	2097	0.00011
Thiobacillus	919	G	3726	716	4442	0.00023
Sulfuritortus	1938335	G	2389	1027	3416	0.00018
Sulfuriferula	1778653	G	2289	368	2657	0.00014
Sulfurimicrobium	2772198	G	2085	265	2350	0.00012
Sulfuricella	935200	G	1102	99	1201	0.00006
Chromobacterium	535	G	15634	3387	19021	0.00101
Jeongeupia	885864	G	4356	772	5128	0.00027
Paludibacterium	400060	G	3861	613	4474	0.00024
Vogesella	57739	G	2507	574	3081	0.00016
Pseudogulbenkiania	568394	G	2468	768	3236	0.00017
Aquitalea	407217	G	2298	409	2707	0.00014
Microvirgula	57479	G	1827	328	2155	0.00011
Laribacter	168470	G	1304	1095	2399	0.00013
Neisseria	482	G	5733	2082	7815	0.00041
Crenobacter	1654931	G	3171	984	4155	0.00022
Chitinolyticbacter	1055692	G	1991	236	2227	0.00012
Vitreoscilla	59	G	1082	182	1264	0.00007
Casimicrobium	2706000	G	2168	993	3161	0.00017
Lysobacter	68	G	123245	17914	141159	0.00746
Stenotrophomonas	40323	G	49120	18984	68104	0.00360
Xanthomonas	338	G	48157	30285	78442	0.00415
Luteimonas	83614	G	30733	5623	36356	0.00192
Pseudoxanthomonas	83618	G	21187	8569	29756	0.00157
Thermomonas	141948	G	13756	3427	17183	0.00091
Arenimonas	490567	G	5010	902	5912	0.00031
Pseudolysobacter	2709666	G	3013	71	3084	0.00016
Dyella	231454	G	31592	4023	35615	0.00188
Frateuria	70411	G	30925	6691	37616	0.00199
Luteibacter	242605	G	23429	2223	25652	0.00136
Rhodanobacter	75309	G	20905	3787	24692	0.00130
Dokdonella	323413	G	9402	1421	10823	0.00057
Aerosticca	2707020	G	4032	4829	8861	0.00047
Ahniella	2233801	G	1689	38	1727	0.00009
Pseudomonas	286	G	308944	86192	395136	0.02088
Azotobacter	352	G	6506	8539	15045	0.00080
Halopseudomonas	2901189	G	3638	514	4152	0.00022
Marinobacter	2742	G	7376	589	7965	0.00042
Klebsiella	570	G	9071	55400	64471	0.00341
Raoultella	160674	G	2433	1406	3839	0.00020
Enterobacter	547	G	9820	15397	25217	0.00133
Citrobacter	544	G	4498	4342	8840	0.00047
Cronobacter	413496	G	2974	607	3581	0.00019
Kosakonia	1330547	G	2552	381	2933	0.00016
Leclercia	83654	G	2517	1217	3734	0.00020
Salmonella	590	G	2057	59458	61515	0.00325
Pluralibacter	1330546	G	1753	396	2149	0.00011
Escherichia	561	G	1628	33422	35050	0.00185
Cedecea	158483	G	1516	199	1715	0.00009
Serratia	613	G	14854	3790	18644	0.00099
Yersinia	629	G	1491	3004	4495	0.00024
Rahnella	34037	G	1476	353	1829	0.00010
Pantoea	53335	G	9192	1589	10781	0.00057
Erwinia	551	G	3648	563	4211	0.00022
Mixta	2100764	G	2079	548	2627	0.00014
Dickeya	204037	G	4369	813	5182	0.00027
Pectobacterium	122277	G	2467	430	2897	0.00015
Brenneria	71655	G	1578	127	1705	0.00009
Edwardsiella	635	G	2535	791	3326	0.00018
Sodalis	84565	G	1809	111	1920	0.00010
Thioalkalivibrio	106633	G	9464	1355	10819	0.00057
Spiribacter	1335745	G	6445	387	6832	0.00036
Acidihalobacter	1765964	G	4162	298	4460	0.00024
Halorhodospira	85108	G	2154	150	2304	0.00012
Aquisalimonas	406099	G	1930	109	2039	0.00011
Alkalilimnicola	133193	G	1883	197	2080	0.00011
Ectothiorhodospira	1051	G	1613	129	1742	0.00009
Thiodictyon	53392	G	3519	159	3678	0.00019
Allochromatium	85072	G	3500	675	4175	0.00022
Marichromatium	85076	G	3201	523	3724	0.00020
Thioflavicoccus	156885	G	2999	233	3232	0.00017
Thiocapsa	1056	G	2380	107	2487	0.00013
Thiocystis	13724	G	1927	139	2066	0.00011
Thermochromatium	85073	G	1109	217	1326	0.00007
Wenzhouxiangella	1676142	G	3332	141	3473	0.00018
Thiohalobacter	1273155	G	2339	223	2562	0.00014
Guyparkeria	2035712	G	2046	417	2463	0.00013
Sulfurivermis	2034504	G	1760	580	2340	0.00012
Halothiobacillus	109262	G	1264	88	1352	0.00007
Halomonas	2745	G	36694	4647	41341	0.00218
Cobetia	204286	G	2441	1390	3831	0.00020
Halotalea	376488	G	2133	362	2495	0.00013
Salinicola	404432	G	2018	195	2213	0.00012
Kushneria	504090	G	1600	69	1669	0.00009
Chromohalobacter	42054	G	1367	126	1493	0.00008
Alcanivorax	59753	G	4724	1910	6634	0.00035
Marinobacterium	48075	G	1454	159	1613	0.00009
Hahella	158481	G	1034	35	1069	0.00006
Aeromonas	642	G	21191	16437	37628	0.00199
Zobellella	347533	G	1398	301	1699	0.00009
Methylococcus	413	G	6989	470	7459	0.00039
Methylomonas	416	G	4355	128	4483	0.00024
Methylomagnum	1760987	G	2084	84	2168	0.00011
Methylomicrobium	39773	G	1845	405	2250	0.00012
Methylogaea	1295378	G	1673	118	1791	0.00009
Methylocaldum	73778	G	1602	82	1684	0.00009
Shewanella	22	G	6526	1005	7531	0.00040
Pseudoalteromonas	53246	G	1968	251	2219	0.00012
Microbulbifer	48073	G	6270	373	6643	0.00035
Kineobactrum	2678529	G	1147	59	1206	0.00006
Cellvibrio	10	G	1396	61	1457	0.00008
Solimonas	413435	G	6394	568	6962	0.00037
Flagellatimonas	2893022	G	1848	104	1952	0.00010
Steroidobacter	469322	G	3267	747	4014	0.00021
Sulfurifustis	1692042	G	6397	359	6756	0.00036
Sulfuricaulis	1744881	G	2828	192	3020	0.00016
Acidiferrobacter	986106	G	2346	40	2386	0.00013
Vibrio	662	G	6260	1918	8178	0.00043
Acinetobacter	469	G	3127	1176	4303	0.00023
Legionella	445	G	2406	220	2626	0.00014
Immundisolibacter	1934947	G	3129	513	3642	0.00019
Thiothrix	1030	G	1013	30	1043	0.00006
Salinisphaera	180541	G	2153	77	2230	0.00012
Cardiobacterium	2717	G	1172	144	1316	0.00007
Corallococcus	83461	G	37581	2693	40274	0.00213
Myxococcus	32	G	29446	43933	73379	0.00388
Pyxidicoccus	224458	G	14836	540	15376	0.00081
Archangium	47	G	42902	4391	47293	0.00250
Stigmatella	40	G	10042	666	10708	0.00057
Cystobacter	42	G	9361	2253	11614	0.00061
Melittangium	44	G	7296	1589	8885	0.00047
Anaeromyxobacter	161492	G	67999	4236	72235	0.00382
Vulgatibacter	1524214	G	8276	538	8814	0.00047
Sorangium	39643	G	96690	10154	106844	0.00565
Polyangium	55	G	24670	2093	26763	0.00141
Chondromyces	50	G	12034	495	12529	0.00066
Sandaracinus	1055688	G	41938	1959	43897	0.00232
Labilithrix	1524217	G	22585	892	23477	0.00124
Haliangium	162027	G	16505	736	17241	0.00091
Geomonas	2651583	G	11806	1638	13444	0.00071
Geobacter	28231	G	10093	933	11026	0.00058
Citrifermentans	2883512	G	3413	685	4098	0.00022
Geotalea	2910589	G	1483	84	1567	0.00008
Desulfuromonas	890	G	7724	826	8550	0.00045
Pelobacter	18	G	1233	381	1614	0.00009
Syntrophotalea	2812025	G	1666	165	1831	0.00010
Desulfovibrio	872	G	7964	921	8885	0.00047
Pseudodesulfovibrio	2035811	G	7845	1253	9098	0.00048
Solidesulfovibrio	2910984	G	4980	448	5428	0.00029
Oceanidesulfovibrio	2905722	G	2016	105	2121	0.00011
Desulfocurvibacter	2582840	G	1478	92	1570	0.00008
Desulfolutivibrio	2773294	G	1386	308	1694	0.00009
Megalodesulfovibrio	2910978	G	1247	51	1298	0.00007
Desulfomicrobium	898	G	1527	158	1685	0.00009
Desulfosarcina	2299	G	3478	522	4000	0.00021
Desulfobulbus	893	G	2025	315	2340	0.00012
Persicimonas	2766927	G	5950	155	6105	0.00032
Bradymonas	1779136	G	2123	895	3018	0.00016
Syntrophobacter	29526	G	1343	452	1795	0.00009
Desulfarculus	453229	G	2250	1058	3308	0.00017
Campylobacter	194	G	1387	249	1636	0.00009
Acidithiobacillus	119977	G	2577	242	2819	0.00015
Bdellovibrio	958	G	1053	55	1108	0.00006
Urbifossiella	2807415	G	40267	2829	43096	0.00228
Gemmata	113	G	31904	2485	34389	0.00182
Frigoriglobus	2774146	G	17339	2278	19617	0.00104
Limnoglobus	2731450	G	12603	473	13076	0.00069
Tuwongella	2051044	G	1509	48	1557	0.00008
Telmatocola	1382832	G	1162	8	1170	0.00006
Singulisphaera	466152	G	22763	2325	25088	0.00133
Aquisphaera	1511635	G	18491	2239	20730	0.00110
Paludisphaera	1763521	G	17143	2615	19758	0.00104
Tautonia	2680020	G	15909	1013	16922	0.00089
Isosphaera	127	G	2020	102	2122	0.00011
Lacipirellula	2691417	G	12777	722	13499	0.00071
Pirellulimonas	2795783	G	5242	469	5711	0.00030
Botrimarina	2795782	G	4395	337	4732	0.00025
Aeoliella	2795781	G	1704	116	1820	0.00010
Stieleria	2795973	G	4145	349	4494	0.00024
Rosistilla	2795779	G	3744	216	3960	0.00021
Lignipirellula	2795775	G	3702	346	4048	0.00021
Anatilimnocola	2807414	G	3048	268	3316	0.00018
Bremerella	2714594	G	2449	140	2589	0.00014
Pirellula	123	G	2272	59	2331	0.00012
Roseimaritima	1579506	G	2230	116	2346	0.00012
Rubripirellula	1579505	G	1029	153	1182	0.00006
Planctomyces	118	G	17808	3171	20979	0.00111
Gimesia	1649453	G	6028	276	6304	0.00033
Caulifigura	2795778	G	4830	261	5091	0.00027
Alienimonas	2714737	G	4345	263	4608	0.00024
Maioricimonas	2795777	G	3901	416	4317	0.00023
Symmachiella	2795780	G	1859	93	1952	0.00010
Fuerstiella	1936111	G	1105	16	1121	0.00006
Crateriforma	2714592	G	1007	142	1149	0.00006
Rubinisphaera	1649490	G	1003	83	1086	0.00006
Humisphaera	2807511	G	11223	227	11450	0.00061
Phycisphaera	666508	G	4674	303	4977	0.00026
Mucisphaera	2913022	G	2083	90	2173	0.00011
Opitutus	178440	G	21831	1640	23471	0.00124
Lacunisphaera	1961799	G	6091	609	6700	0.00035
Nibricoccus	2576890	G	4597	147	4744	0.00025
Oleiharenicola	2100741	G	3776	145	3921	0.00021
Ereboglobus	2028344	G	2207	79	2286	0.00012
Ruficoccus	2175957	G	1073	129	1202	0.00006
Verrucomicrobium	2735	G	5521	369	5890	0.00031
Luteolibacter	518753	G	4169	142	4311	0.00023
Roseimicrobium	1348508	G	3467	114	3581	0.00019
Akkermansia	239934	G	1997	125	2122	0.00011
Methylacidimicrobium	1541670	G	1733	114	1847	0.00010
Kiritimatiella	1921784	G	1205	1099	2304	0.00012
Hymenobacter	89966	G	27158	1374	28532	0.00151
Pontibacter	323449	G	2802	352	3154	0.00017
Spirosoma	107	G	5269	263	5532	0.00029
Chryseolinea	1433993	G	3962	112	4074	0.00022
Dyadobacter	120831	G	1507	101	1608	0.00009
Fibrella	861914	G	1406	103	1509	0.00008
Niastella	354354	G	9947	467	10414	0.00055
Chitinophaga	79328	G	3026	99	3125	0.00017
Alistipes	239759	G	7118	2139	9257	0.00049
Prevotella	838	G	2738	295	3033	0.00016
Bacteroides	816	G	2021	798	2819	0.00015
Flavobacterium	237	G	4363	1070	5433	0.00029
Chryseobacterium	59732	G	2271	803	3074	0.00016
Rhodothermus	29548	G	4833	238	5071	0.00027
Rhodocaloribacter	2893090	G	4795	434	5229	0.00028
Salinibacter	146918	G	3374	50	3424	0.00018
Mucilaginibacter	423349	G	5277	334	5611	0.00030
Pedobacter	84567	G	1559	91	1650	0.00009
Sphingobacterium	28453	G	1317	526	1843	0.00010
Chlorobaculum	256319	G	2470	196	2666	0.00014
Prosthecochloris	1101	G	1014	93	1107	0.00006
Gemmatirosa	1706036	G	81571	6993	88564	0.00468
Gemmatimonas	173479	G	33277	876	34153	0.00180
Edaphobacter	388463	G	16788	1644	18432	0.00097
Granulicella	940557	G	14574	1121	15695	0.00083
Terriglobus	392733	G	10538	957	11495	0.00061
Acidobacterium	33973	G	8851	560	9411	0.00050
Candidatus Koribacter	658061	G	8272	224	8496	0.00045
Acidisarcina	2608728	G	3012	166	3178	0.00017
Paludibaculum	1649475	G	10056	222	10278	0.00054
Luteitalea	2004797	G	39567	2049	41616	0.00220
Chloracidobacterium	458032	G	4280	136	4416	0.00023
Sulfidibacter	2915177	G	2576	42	2618	0.00014
Nitrospira	1234	G	9814	135	9949	0.00053
Treponema	157	G	1702	214	1916	0.00010
Spirochaeta	146	G	1169	41	1210	0.00006
Fusarium	5506	G	25200	1931	27131	0.00143
Trichoderma	5543	G	7459	477	7936	0.00042
Metarhizium	5529	G	4471	757	5228	0.00028
Ustilaginoidea	124426	G	1371	99	1470	0.00008
Beauveria	5581	G	4300	244	4544	0.00024
Cordyceps	45234	G	2108	163	2271	0.00012
Purpureocillium	1052105	G	2369	286	2655	0.00014
Drechmeria	98402	G	1844	131	1975	0.00010
Colletotrichum	5455	G	2626	531	3157	0.00017
Thermothielavioides	2609811	G	2675	143	2818	0.00015
Thermothelomyces	1920207	G	1973	77	2050	0.00011
Pyricularia	48558	G	3136	26	3162	0.00017
Neopestalotiopsis	1562158	G	1581	22	1603	0.00008
Aspergillus	5052	G	2560	227	2787	0.00015
Penicillium	5073	G	1835	134	1969	0.00010
Pseudozyma	63298	G	3717	93	3810	0.00020
Phlebiopsis	82309	G	1308	21	1329	0.00007
Phytophthora	4783	G	9904	1386	11290	0.00060
Pythium	4797	G	1087	21	1108	0.00006
