name	taxonomy_id	taxonomy_lvl	kraken_assigned_reads	added_reads	new_est_reads	fraction_total_reads
Streptomycetaceae	2062	F	2640248	437715	3077963	0.15368
Microbacteriaceae	85023	F	569857	59003	628860	0.03140
Micrococcaceae	1268	F	413860	68862	482722	0.02410
Cellulomonadaceae	85016	F	105040	27156	132196	0.00660
Intrasporangiaceae	85021	F	100568	19425	119993	0.00599
Promicromonosporaceae	85017	F	51759	15673	67432	0.00337
Ornithinimicrobiaceae	2805590	F	42454	6722	49176	0.00246
Dermabacteraceae	85020	F	29781	4265	34046	0.00170
Brevibacteriaceae	85019	F	27686	4313	31999	0.00160
Dermacoccaceae	145357	F	21917	3872	25789	0.00129
Bogoriellaceae	145358	F	21119	4834	25953	0.00130
Ruaniaceae	1331736	F	16955	17202	34157	0.00171
Beutenbergiaceae	125316	F	11811	2915	14726	0.00074
Sanguibacteraceae	145360	F	8625	2065	10690	0.00053
Dermatophilaceae	85018	F	3770	273	4043	0.00020
Kytococcaceae	2805426	F	3653	1489	5142	0.00026
Demequinaceae	1042322	F	1176	71	1247	0.00006
Mycobacteriaceae	1762	F	528586	50056	578642	0.02889
Nocardiaceae	85025	F	358465	54664	413129	0.02063
Corynebacteriaceae	1653	F	73853	13401	87254	0.00436
Gordoniaceae	85026	F	67074	10780	77854	0.00389
Tsukamurellaceae	85028	F	20644	3924	24568	0.00123
Dietziaceae	85029	F	11596	10257	21853	0.00109
Segniliparaceae	316606	F	1582	64	1646	0.00008
Nocardioidaceae	85015	F	880251	134215	1014466	0.05065
Propionibacteriaceae	31957	F	93581	12759	106340	0.00531
Kribbellaceae	2726069	F	52967	6010	58977	0.00294
Actinopolymorphaceae	2805400	F	15177	1295	16472	0.00082
Pseudonocardiaceae	2070	F	795145	91990	887135	0.04429
Micromonosporaceae	28056	F	614589	61964	676553	0.03378
Thermomonosporaceae	2012	F	194964	28172	223136	0.01114
Streptosporangiaceae	2004	F	162280	20848	183128	0.00914
Nocardiopsaceae	83676	F	46386	5504	51890	0.00259
Geodermatophilaceae	85030	F	153326	28674	182000	0.00909
Nakamurellaceae	85031	F	50280	6042	56322	0.00281
Frankiaceae	74712	F	48334	3557	51891	0.00259
Actinomycetaceae	2049	F	46936	5049	51985	0.00260
Jiangellaceae	1217100	F	27371	3565	30936	0.00154
Bifidobacteriaceae	31953	F	17467	3162	20629	0.00103
Catenulisporaceae	414877	F	14693	1588	16281	0.00081
Jatrophihabitantaceae	2805416	F	11028	713	11741	0.00059
Glycomycetaceae	85034	F	6673	401	7074	0.00035
Kineosporiaceae	83778	F	6654	1363	8017	0.00040
Sporichthyaceae	85033	F	3766	1348	5114	0.00026
Actinopolysporaceae	622451	F	3225	244	3469	0.00017
Acidothermaceae	85032	F	1923	72	1995	0.00010
Conexibacteraceae	320583	F	210424	23409	233833	0.01167
Miltoncostaeaceae	2843199	F	40416	3921	44337	0.00221
Baekduiaceae	2600303	F	93351	11636	104987	0.00524
Rubrobacteraceae	84997	F	28968	923	29891	0.00149
Iamiaceae	633392	F	53544	5106	58650	0.00293
Ilumatobacteraceae	2448023	F	6019	290	6309	0.00032
Acidimicrobiaceae	84994	F	2119	129	2248	0.00011
Eggerthellaceae	1643826	F	14544	1695	16239	0.00081
Atopobiaceae	1643824	F	7179	1196	8375	0.00042
Coriobacteriaceae	84107	F	3217	599	3816	0.00019
Egibacteraceae	1747769	F	6456	274	6730	0.00034
Egicoccaceae	1755824	F	5892	658	6550	0.00033
Euzebyaceae	908622	F	5831	342	6173	0.00031
Bacillaceae	186817	F	81770	57500	139270	0.00695
Paenibacillaceae	186822	F	67060	4289	71349	0.00356
Alicyclobacillaceae	186823	F	6219	699	6918	0.00035
Planococcaceae	186818	F	3402	757	4159	0.00021
Thermoactinomycetaceae	186824	F	2049	175	2224	0.00011
Staphylococcaceae	90964	F	1525	7877	9402	0.00047
Lactobacillaceae	33958	F	4442	1215	5657	0.00028
Streptococcaceae	1300	F	1773	892	2665	0.00013
Oscillospiraceae	216572	F	10147	2747	12894	0.00064
Clostridiales Family XVII. Incertae Sedis	539000	F	7556	1571	9127	0.00046
Lachnospiraceae	186803	F	3374	917	4291	0.00021
Symbiobacteriaceae	543349	F	3061	183	3244	0.00016
Clostridiaceae	31979	F	2822	899	3721	0.00019
Peptococcaceae	186807	F	1820	120	1940	0.00010
Christensenellaceae	990719	F	1014	325	1339	0.00007
Thermoanaerobacteraceae	186814	F	3562	492	4054	0.00020
Selenomonadaceae	1843491	F	3634	149	3783	0.00019
Veillonellaceae	31977	F	1289	293	1582	0.00008
Limnochordaceae	1676650	F	2848	77	2925	0.00015
Deinococcaceae	183710	F	36041	1270	37311	0.00186
Thermaceae	188786	F	12510	532	13042	0.00065
Trueperaceae	332247	F	2538	96	2634	0.00013
Synechococcaceae	1890426	F	16433	1438	17871	0.00089
Prochlorococcaceae	2881426	F	4008	676	4684	0.00023
Oscillatoriaceae	1892254	F	3554	501	4055	0.00020
Microcoleaceae	1892252	F	1740	176	1916	0.00010
Coleofasciculaceae	1892251	F	1261	410	1671	0.00008
Nostocaceae	1162	F	3012	995	4007	0.00020
Calotrichaceae	2661849	F	1377	150	1527	0.00008
Leptolyngbyaceae	1890438	F	2969	193	3162	0.00016
Gloeobacteraceae	1890422	F	4782	81	4863	0.00024
Sphaerobacteraceae	85002	F	7629	374	8003	0.00040
Thermomicrobiaceae	189777	F	1763	34	1797	0.00009
Roseiflexaceae	1508635	F	6045	256	6301	0.00031
Chloroflexaceae	1106	F	2047	66	2113	0.00011
Tepidiformaceae	2682227	F	4727	140	4867	0.00024
Ardenticatenaceae	1382930	F	4375	61	4436	0.00022
Ktedonosporobacteraceae	2692416	F	2453	58	2511	0.00013
Caldilineaceae	475964	F	2091	105	2196	0.00011
Anaerolineaceae	292628	F	1790	897	2687	0.00013
Fimbriimonadaceae	1663426	F	2517	9	2526	0.00013
Bradyrhizobiaceae	41294	F	1360908	81957	1442865	0.07204
Phyllobacteriaceae	69277	F	423995	46848	470843	0.02351
Rhizobiaceae	82115	F	264437	37691	302128	0.01508
Methylobacteriaceae	119045	F	198264	20291	218555	0.01091
Xanthobacteraceae	335928	F	173627	15099	188726	0.00942
Hyphomicrobiaceae	45401	F	139366	7808	147174	0.00735
Boseaceae	2831100	F	134861	14218	149079	0.00744
Devosiaceae	2831106	F	42653	2280	44933	0.00224
Aurantimonadaceae	255475	F	32650	30600	63250	0.00316
Methylocystaceae	31993	F	23687	1282	24969	0.00125
Phreatobacteraceae	2843305	F	19254	2005	21259	0.00106
Stappiaceae	2821832	F	18166	2625	20791	0.00104
Beijerinckiaceae	45404	F	11685	532	12217	0.00061
Blastochloridaceae	2831090	F	11250	1674	12924	0.00065
Parvibaculaceae	2813035	F	10873	1769	12642	0.00063
Chelatococcaceae	2036754	F	10023	1402	11425	0.00057
Kaistiaceae	2831111	F	7435	1138	8573	0.00043
Brucellaceae	118882	F	7390	2406	9796	0.00049
Amorphaceae	2685818	F	6585	463	7048	0.00035
Lichenihabitantaceae	2723775	F	4052	127	4179	0.00021
Pleomorphomonadaceae	2843308	F	3921	431	4352	0.00022
Breoghaniaceae	2831104	F	3635	303	3938	0.00020
Sphingomonadaceae	41297	F	434074	57276	491350	0.02453
Erythrobacteraceae	335929	F	66892	9173	76065	0.00380
Sphingosinicellaceae	2820280	F	16970	912	17882	0.00089
Azospirillaceae	2829815	F	100260	7687	107947	0.00539
Acetobacteraceae	433	F	92363	12290	104653	0.00523
Rhodospirillaceae	41295	F	50493	164067	214560	0.01071
Stellaceae	2844601	F	9701	474	10175	0.00051
Elioraeaceae	2690195	F	4823	169	4992	0.00025
Thalassospiraceae	2844866	F	2987	146	3133	0.00016
Rhodobacteraceae	31989	F	108758	10529	119287	0.00596
Roseobacteraceae	2854170	F	74111	7840	81951	0.00409
Caulobacteraceae	76892	F	120897	8106	129003	0.00644
Maricaulaceae	2800061	F	5793	415	6208	0.00031
Hyphomonadaceae	69657	F	4924	137	5061	0.00025
Parvularculaceae	255474	F	1812	86	1898	0.00009
Burkholderiaceae	119060	F	740870	136797	877667	0.04382
Comamonadaceae	80864	F	357564	91130	448694	0.02240
Oxalobacteraceae	75682	F	171422	17386	188808	0.00943
Alcaligenaceae	506	F	118804	137963	256767	0.01282
Sutterellaceae	995019	F	2175	140	2315	0.00012
Zoogloeaceae	2008794	F	37849	11876	49725	0.00248
Rhodocyclaceae	75787	F	27868	6939	34807	0.00174
Azonexaceae	2008795	F	10233	882	11115	0.00055
Usitatibacteraceae	2803844	F	25807	1585	27392	0.00137
Nitrosomonadaceae	206379	F	15455	450	15905	0.00079
Sterolibacteriaceae	2008793	F	11167	2409	13576	0.00068
Thiobacillaceae	2008790	F	5947	1333	7280	0.00036
Gallionellaceae	90627	F	5846	540	6386	0.00032
Sulfuricellaceae	2772226	F	4983	498	5481	0.00027
Methylophilaceae	32011	F	2595	182	2777	0.00014
Chromobacteriaceae	1499392	F	36901	5621	42522	0.00212
Neisseriaceae	481	F	14391	2214	16605	0.00083
Casimicrobiaceae	2705999	F	2054	803	2857	0.00014
Pseudomonadaceae	135621	F	442458	105861	548319	0.02738
Marinobacteraceae	2887365	F	6986	438	7424	0.00037
Xanthomonadaceae	32033	F	278486	41413	319899	0.01597
Rhodanobacteraceae	1775411	F	74714	8875	83589	0.00417
Enterobacteriaceae	543	F	49234	114695	163929	0.00818
Yersiniaceae	1903411	F	19915	3642	23557	0.00118
Erwiniaceae	1903409	F	15040	1802	16842	0.00084
Pectobacteriaceae	1903410	F	9139	8271	17410	0.00087
Hafniaceae	1903412	F	2744	649	3393	0.00017
Morganellaceae	1903414	F	2190	973	3163	0.00016
Bruguierivoracaceae	2812006	F	1804	89	1893	0.00009
Ectothiorhodospiraceae	72276	F	25371	1655	27026	0.00135
Chromatiaceae	1046	F	19963	1005	20968	0.00105
Wenzhouxiangellaceae	1676141	F	3065	2469	5534	0.00028
Thioalkalibacteraceae	2035710	F	1768	306	2074	0.00010
Thioalkalispiraceae	1096778	F	1574	422	1996	0.00010
Halothiobacillaceae	255526	F	1192	70	1262	0.00006
Halomonadaceae	28256	F	46091	3862	49953	0.00249
Alcanivoracaceae	224372	F	4627	1500	6127	0.00031
Oceanospirillaceae	135620	F	3131	239	3370	0.00017
Aeromonadaceae	84642	F	22852	13611	36463	0.00182
Methylococcaceae	403	F	18944	593	19537	0.00098
Shewanellaceae	267890	F	6051	695	6746	0.00034
Alteromonadaceae	72275	F	2637	463	3100	0.00015
Pseudoalteromonadaceae	267888	F	1764	138	1902	0.00010
Microbulbiferaceae	1706373	F	5602	238	5840	0.00029
Halieaceae	1706372	F	2655	185	2840	0.00014
Cellvibrionaceae	1706371	F	2252	56	2308	0.00012
Spongiibacteraceae	1706375	F	1184	72	1256	0.00006
Sinobacteraceae	568386	F	8573	753	9326	0.00047
Steroidobacteraceae	2689614	F	2668	492	3160	0.00016
Acidiferrobacteraceae	1692041	F	9813	329	10142	0.00051
Vibrionaceae	641	F	7139	1470	8609	0.00043
Moraxellaceae	468	F	4979	3808	8787	0.00044
Immundisolibacteraceae	1934946	F	2794	365	3159	0.00016
Piscirickettsiaceae	135616	F	1392	94	1486	0.00007
Legionellaceae	444	F	1844	86	1930	0.00010
Salinisphaeraceae	742031	F	1915	56	1971	0.00010
Pasteurellaceae	712	F	1576	5065	6641	0.00033
Cardiobacteriaceae	868	F	1249	120	1369	0.00007
Myxococcaceae	31	F	112241	37380	149621	0.00747
Archangiaceae	39	F	64606	2221	66827	0.00334
Anaeromyxobacteraceae	1524215	F	63094	3299	66393	0.00331
Vulgatibacteraceae	1524213	F	7135	387	7522	0.00038
Polyangiaceae	49	F	132476	7698	140174	0.00700
Sandaracinaceae	1055686	F	34197	1401	35598	0.00178
Labilitrichaceae	1524216	F	22344	802	23146	0.00116
Kofleriaceae	224464	F	16586	604	17190	0.00086
Geobacteraceae	213422	F	26333	1812	28145	0.00141
Desulfuromonadaceae	213421	F	8293	919	9212	0.00046
Syntrophotaleaceae	2812024	F	1506	125	1631	0.00008
Desulfovibrionaceae	194924	F	26503	1655	28158	0.00141
Desulfomicrobiaceae	213116	F	1412	110	1522	0.00008
Desulfobacteraceae	213119	F	6106	379	6485	0.00032
Desulfobulbaceae	213121	F	2508	235	2743	0.00014
Bradymonadaceae	1779135	F	7576	804	8380	0.00042
Syntrophobacteraceae	213465	F	2129	331	2460	0.00012
Desulfarculaceae	453228	F	2051	737	2788	0.00014
Syntrophaceae	213468	F	1133	199	1332	0.00007
Campylobacteraceae	72294	F	1221	150	1371	0.00007
Bdellovibrionaceae	213483	F	3498	32	3530	0.00018
Acidithiobacillaceae	225058	F	2464	168	2632	0.00013
Gemmataceae	1914233	F	103434	2472	105906	0.00529
Isosphaeraceae	1763524	F	81238	6442	87680	0.00438
Pirellulaceae	2691357	F	25376	867	26243	0.00131
Lacipirellulaceae	2691359	F	22090	847	22937	0.00115
Planctomycetaceae	126	F	46763	4233	50996	0.00255
Tepidisphaeraceae	1771355	F	8336	164	8500	0.00042
Phycisphaeraceae	666507	F	6375	304	6679	0.00033
Opitutaceae	134623	F	26015	771	26786	0.00134
Puniceicoccaceae	415002	F	1243	106	1349	0.00007
Verrucomicrobiaceae	203557	F	13837	404	14241	0.00071
Akkermansiaceae	1647988	F	1751	1854	3605	0.00018
Kiritimatiellaceae	1921783	F	1123	994	2117	0.00011
Hymenobacteraceae	1853232	F	28204	865	29069	0.00145
Cytophagaceae	89373	F	5268	178	5446	0.00027
Spirosomaceae	2896860	F	4539	174	4713	0.00024
Fulvivirgaceae	2762286	F	2121	43	2164	0.00011
Cyclobacteriaceae	563798	F	1111	79	1190	0.00006
Chitinophagaceae	563835	F	30653	239	30892	0.00154
Sphingobacteriaceae	84566	F	26963	1482	28445	0.00142
Flavobacteriaceae	49546	F	10202	462	10664	0.00053
Weeksellaceae	2762318	F	5153	791	5944	0.00030
Rikenellaceae	171550	F	6235	1151	7386	0.00037
Prevotellaceae	171552	F	2616	234	2850	0.00014
Bacteroidaceae	815	F	2319	578	2897	0.00014
Tannerellaceae	2005525	F	1145	176	1321	0.00007
Rhodothermaceae	563843	F	11275	390	11665	0.00058
Chlorobiaceae	191412	F	4474	460	4934	0.00025
Gemmatimonadaceae	219687	F	93192	4064	97256	0.00486
Acidobacteriaceae	204434	F	48106	829	48935	0.00244
Bryobacteraceae	1962910	F	9016	199	9215	0.00046
Vicinamibacteraceae	2211325	F	39089	5827	44916	0.00224
Acanthopleuribacteraceae	533207	F	2457	39	2496	0.00012
Nitrospiraceae	189779	F	12079	132	12211	0.00061
Treponemataceae	2845253	F	1448	188	1636	0.00008
Spirochaetaceae	137	F	1370	31	1401	0.00007
Leptospiraceae	170	F	1131	32	1163	0.00006
Synergistaceae	649777	F	4105	1062	5167	0.00026
Nectriaceae	110618	F	22758	1465	24223	0.00121
Hypocreaceae	5129	F	8353	284	8637	0.00043
Clavicipitaceae	34397	F	7122	500	7622	0.00038
Cordycipitaceae	474943	F	7066	183	7249	0.00036
Ophiocordycipitaceae	474942	F	6145	284	6429	0.00032
Bionectriaceae	103887	F	1161	70	1231	0.00006
Glomerellaceae	681950	F	2788	446	3234	0.00016
Chaetomiaceae	35718	F	6476	186	6662	0.00033
Pyriculariaceae	2528436	F	3254	24	3278	0.00016
Sporocadaceae	1812776	F	2026	25	2051	0.00010
Aspergillaceae	1131492	F	15027	480	15507	0.00077
Trichocomaceae	28568	F	2126	95	2221	0.00011
Didymosphaeriaceae	221678	F	1096	294	1390	0.00007
Mycosphaerellaceae	93133	F	1169	9	1178	0.00006
Saccharomycetaceae	4893	F	1754	245	1999	0.00010
Ustilaginaceae	5268	F	5383	109	5492	0.00027
Phanerochaetaceae	396331	F	1272	10	1282	0.00006
Peronosporaceae	4777	F	9768	1119	10887	0.00054
