name	taxonomy_id	taxonomy_lvl	kraken_assigned_reads	added_reads	new_est_reads	fraction_total_reads
Streptomycetales	85011	O	2640248	437309	3077557	0.15337
Micrococcales	85006	O	1503442	164842	1668284	0.08314
Corynebacteriales	85007	O	1106297	98798	1205095	0.06005
Propionibacteriales	85009	O	1051693	144502	1196195	0.05961
Pseudonocardiales	85010	O	795145	91954	887099	0.04421
Micromonosporales	85008	O	614589	61936	676525	0.03371
Streptosporangiales	85012	O	408590	49543	458133	0.02283
Geodermatophilales	1643682	O	153326	28662	181988	0.00907
Nakamurellales	1643684	O	50280	6040	56320	0.00281
Frankiales	85013	O	48334	3555	51889	0.00259
Actinomycetales	2037	O	46936	5046	51982	0.00259
Jiangellales	1217098	O	27371	3564	30935	0.00154
Bifidobacteriales	85004	O	17467	3155	20622	0.00103
Catenulisporales	414714	O	14693	1587	16280	0.00081
Jatrophihabitantales	2805415	O	11028	713	11741	0.00059
Glycomycetales	85014	O	6673	401	7074	0.00035
Kineosporiales	622452	O	6654	1362	8016	0.00040
Sporichthyales	2495578	O	3766	1348	5114	0.00025
Actinopolysporales	622450	O	3225	244	3469	0.00017
Acidothermales	1643683	O	1923	72	1995	0.00010
Solirubrobacterales	588673	O	210424	23395	233819	0.01165
Miltoncostaeales	2843198	O	40416	3917	44333	0.00221
Rubrobacterales	84996	O	122471	12400	134871	0.00672
Acidimicrobiales	84993	O	62132	5073	67205	0.00335
Eggerthellales	1643822	O	14544	1693	16237	0.00081
Coriobacteriales	84999	O	10589	1600	12189	0.00061
Egibacterales	1747768	O	6456	274	6730	0.00034
Egicoccales	1755823	O	5892	657	6549	0.00033
Euzebyales	908621	O	5831	342	6173	0.00031
Bacillales	1385	O	167044	66696	233740	0.01165
Lactobacillales	186826	O	7884	2611	10495	0.00052
Eubacteriales	186802	O	35955	5573	41528	0.00207
Thermoanaerobacterales	68295	O	4081	443	4524	0.00023
Selenomonadales	909929	O	4552	195	4747	0.00024
Veillonellales	1843489	O	1289	287	1576	0.00008
Limnochordales	1676649	O	2848	76	2924	0.00015
Deinococcales	118964	O	36041	1267	37308	0.00186
Thermales	68933	O	12510	531	13041	0.00065
Trueperales	2762275	O	2538	96	2634	0.00013
Synechococcales	1890424	O	22081	1127	23208	0.00116
Oscillatoriales	1150	O	7252	463	7715	0.00038
Chroococcales	1118	O	1223	117	1340	0.00007
Nostocales	1161	O	6831	367	7198	0.00036
Pseudanabaenales	2881377	O	4810	220	5030	0.00025
Gloeobacterales	307595	O	4782	75	4857	0.00024
Sphaerobacterales	85001	O	7629	374	8003	0.00040
Thermomicrobiales	189776	O	1763	34	1797	0.00009
Chloroflexales	32064	O	8185	229	8414	0.00042
Tepidiformales	2682226	O	4727	139	4866	0.00024
Ardenticatenales	1382929	O	4375	61	4436	0.00022
Ktedonobacterales	388448	O	2453	58	2511	0.00013
Caldilineales	475963	O	2091	104	2195	0.00011
Anaerolineales	292629	O	1790	897	2687	0.00013
Fimbriimonadales	1663425	O	2517	9	2526	0.00013
Hyphomicrobiales	356	O	3068150	114931	3183081	0.15863
Sphingomonadales	204457	O	534073	51467	585540	0.02918
Rhodospirillales	204441	O	267285	178160	445445	0.02220
Rhodobacterales	204455	O	190073	11157	201230	0.01003
Caulobacterales	204458	O	120897	8099	128996	0.00643
Maricaulales	2800059	O	5793	415	6208	0.00031
Hyphomonadales	2800060	O	4924	137	5061	0.00025
Parvularculales	255473	O	1812	86	1898	0.00009
Burkholderiales	80840	O	1546015	228035	1774050	0.08841
Rhodocyclales	206389	O	78950	17035	95985	0.00478
Nitrosomonadales	32003	O	72752	6044	78796	0.00393
Neisseriales	206351	O	51959	10019	61978	0.00309
Pseudomonadales	72274	O	449935	105698	555633	0.02769
Xanthomonadales	135614	O	359886	43554	403440	0.02011
Enterobacterales	91347	O	106889	123502	230391	0.01148
Chromatiales	135613	O	57328	3036	60364	0.00301
Oceanospirillales	135619	O	56649	5441	62090	0.00309
Aeromonadales	135624	O	22898	13590	36488	0.00182
Methylococcales	135618	O	18944	592	19536	0.00097
Alteromonadales	135622	O	12251	1259	13510	0.00067
Cellvibrionales	1706369	O	11822	422	12244	0.00061
Nevskiales	1775403	O	11248	1236	12484	0.00062
Acidiferrobacterales	1692040	O	9813	328	10141	0.00051
Vibrionales	135623	O	7139	1467	8606	0.00043
Moraxellales	2887326	O	4979	4010	8989	0.00045
Immundisolibacterales	1934945	O	2794	365	3159	0.00016
Thiotrichales	72273	O	2597	121	2718	0.00014
Legionellales	118969	O	2530	83	2613	0.00013
Salinisphaerales	742030	O	1915	56	1971	0.00010
Pasteurellales	135625	O	1576	5059	6635	0.00033
Cardiobacteriales	135615	O	1249	120	1369	0.00007
Myxococcales	29	O	472195	34218	506413	0.02524
Desulfuromonadales	69541	O	36861	2120	38981	0.00194
Desulfovibrionales	213115	O	28418	1594	30012	0.00150
Desulfobacterales	213118	O	9864	569	10433	0.00052
Bradymonadales	1779134	O	8212	167	8379	0.00042
Syntrophobacterales	213462	O	2129	330	2459	0.00012
Desulfarculales	453227	O	2051	735	2786	0.00014
Syntrophales	2914038	O	1133	254	1387	0.00007
Campylobacterales	213849	O	4361	174	4535	0.00023
Bdellovibrionales	213481	O	3498	32	3530	0.00018
Acidithiobacillales	225057	O	2464	168	2632	0.00013
Gemmatales	2691355	O	103434	2470	105904	0.00528
Isosphaerales	2691356	O	81238	6438	87676	0.00437
Pirellulales	2691354	O	48916	933	49849	0.00248
Planctomycetales	112	O	46763	4230	50993	0.00254
Tepidisphaerales	1771349	O	8336	164	8500	0.00042
Phycisphaerales	666506	O	6375	304	6679	0.00033
Opitutales	415000	O	26015	770	26785	0.00133
Puniceicoccales	415001	O	1243	106	1349	0.00007
Verrucomicrobiales	48461	O	15647	2199	17846	0.00089
Kiritimatiellales	1921782	O	1123	993	2116	0.00011
Cytophagales	768507	O	42289	658	42947	0.00214
Chitinophagales	1853229	O	30653	232	30885	0.00154
Sphingobacteriales	200666	O	26963	1391	28354	0.00141
Flavobacteriales	200644	O	16157	911	17068	0.00085
Bacteroidales	171549	O	15290	2037	17327	0.00086
Bacteroidetes Order II. Incertae sedis	1100069	O	11275	387	11662	0.00058
Chlorobiales	191411	O	4474	457	4931	0.00025
Gemmatimonadales	219686	O	93192	4057	97249	0.00485
Acidobacteriales	204433	O	48106	828	48934	0.00244
Bryobacterales	332160	O	9016	199	9215	0.00046
Vicinamibacterales	2910145	O	39089	5824	44913	0.00224
Acanthopleuribacterales	533206	O	2457	39	2496	0.00012
Nitrospirales	189778	O	12079	131	12210	0.00061
Spirochaetales	136	O	3803	169	3972	0.00020
Leptospirales	1643688	O	1131	32	1163	0.00006
Synergistales	649776	O	4105	1062	5167	0.00026
Hypocreales	5125	O	54150	1202	55352	0.00276
Glomerellales	1028384	O	2788	436	3224	0.00016
Sordariales	5139	O	7507	142	7649	0.00038
Magnaporthales	639021	O	3254	23	3277	0.00016
Xylariales	37989	O	2026	24	2050	0.00010
Eurotiales	5042	O	18087	452	18539	0.00092
Pleosporales	92860	O	1858	323	2181	0.00011
Mycosphaerellales	2726947	O	1169	8	1177	0.00006
Saccharomycetales	4892	O	3142	228	3370	0.00017
Ustilaginales	5267	O	5383	105	5488	0.00027
Polyporales	5303	O	1272	10	1282	0.00006
Peronosporales	4776	O	9768	1116	10884	0.00054
