name	taxonomy_id	taxonomy_lvl	kraken_assigned_reads	added_reads	new_est_reads	fraction_total_reads
Streptomyces sp. SN-593	659352	S	10060	2696	12756	0.00161
Streptomyces sp. CdTB01	1725411	S	9547	3524	13071	0.00165
Streptomyces sp. 3214.6	1882757	S	9476	3647	13123	0.00165
Streptomyces sp. BH-MK-02	2880933	S	6393	1712	8105	0.00102
Streptomyces sp. So13.3	2136173	S	6200	1357	7557	0.00095
Streptomyces sp. CB01881	2078691	S	5800	1258	7058	0.00089
Streptomyces sp. SCSIO 64649	2878388	S	4942	992	5934	0.00075
Streptomyces sp. A2-16	2781734	S	4916	2030	6946	0.00088
Streptomyces sp. ZYC-3	2797636	S	4804	1255	6059	0.00076
Streptomyces sp. P3	2135430	S	4520	1483	6003	0.00076
Streptomyces sp. SAT1	1849967	S	4215	1952	6167	0.00078
Streptomyces sp. ST1015	1848900	S	4170	1104	5274	0.00067
Streptomyces sp. GQFP	2907545	S	4087	904	4991	0.00063
Streptomyces sp. NA02950	2742137	S	4019	979	4998	0.00063
Streptomyces sp. NEAU-sy36	2751189	S	3974	1903	5877	0.00074
Streptomyces sp. NHF165	2175864	S	3925	789	4714	0.00059
Streptomyces sp. LRE541	2931983	S	3915	1177	5092	0.00064
Streptomyces sp. MA3_2.13	2867410	S	3837	553	4390	0.00055
Streptomyces sp. DSM 40868	2721173	S	3814	1817	5631	0.00071
Streptomyces sp. Z423-1	2730915	S	3804	1440	5244	0.00066
Streptomyces sp. RPA4-2	2721244	S	3582	1400	4982	0.00063
Streptomyces sp. Go 40/10	2825844	S	3569	2143	5712	0.00072
Streptomyces sp. SCUT-3	2684469	S	3562	1568	5130	0.00065
Streptomyces sp. WAC 01438	2203204	S	3556	1537	5093	0.00064
Streptomyces sp. SYP-A7193	2662065	S	3387	3024	6411	0.00081
Streptomyces sp. 3025	2923272	S	3277	686	3963	0.00050
Streptomyces sp. S4.7	2705439	S	3247	1387	4634	0.00058
Streptomyces sp. GMY02	1333528	S	3133	669	3802	0.00048
Streptomyces sp. AgN23	1188315	S	3067	3694	6761	0.00085
Streptomyces sp. RTd22	1841249	S	3060	2189	5249	0.00066
Streptomyces sp. MBT27	1488356	S	3052	1095	4147	0.00052
Streptomyces sp. 891-h	2720714	S	2964	644	3608	0.00046
Streptomyces sp. JB150	2714844	S	2962	1275	4237	0.00053
Streptomyces sp. GS7	2692234	S	2926	987	3913	0.00049
Streptomyces sp. MG62	2838015	S	2904	1448	4352	0.00055
Streptomyces sp. HM190	2695266	S	2903	1186	4089	0.00052
Streptomyces sp. YIM 121038	2136401	S	2874	1087	3961	0.00050
Streptomyces sp. NA04227	2742136	S	2841	777	3618	0.00046
Streptomyces sp. MST-110588	2833628	S	2785	813	3598	0.00045
Streptomyces sp. Go-475	2072505	S	2775	1709	4484	0.00057
Streptomyces sp. AMCC400023	2056258	S	2758	1625	4383	0.00055
Streptomyces sp. Rer75	2750011	S	2734	2163	4897	0.00062
Streptomyces sp. BJ20	2930049	S	2714	1404	4118	0.00052
Streptomyces sp. C8S0	2585716	S	2701	913	3614	0.00046
Streptomyces sp. W1SF4	2305220	S	2652	1177	3829	0.00048
Streptomyces sp. MOE7	1961713	S	2641	4185	6826	0.00086
Streptomyces sp. jing01	2726118	S	2563	1892	4455	0.00056
Streptomyces sp. MG28	2865673	S	2531	1287	3818	0.00048
Streptomyces sp. S1D4-11	2721246	S	2501	2883	5384	0.00068
Streptomyces sp. BHT-5-2	2866715	S	2477	989	3466	0.00044
Streptomyces sp. SirexAA-E	862751	S	2455	962	3417	0.00043
Streptomyces sp. CB09001	2083284	S	2444	2253	4697	0.00059
Streptomyces sp. CMB-StM0423	2059884	S	2402	1984	4386	0.00055
Streptomyces sp. SM18	1736046	S	2388	867	3255	0.00041
Streptomyces sp. QHH-9511	2684468	S	2363	801	3164	0.00040
Streptomyces sp. 135	2838850	S	2233	960	3193	0.00040
Streptomyces sp. HSG2	2797167	S	2072	538	2610	0.00033
Streptomyces sp. HP-A2021	2927875	S	2024	1520	3544	0.00045
Streptomyces sp. Tu 2975	2676871	S	1986	787	2773	0.00035
Streptomyces sp. SUK 48	2582831	S	1966	1728	3694	0.00047
Streptomyces sp. fd1-xmd	1812480	S	1959	1232	3191	0.00040
Streptomyces sp. WAC 01529	2203205	S	1942	898	2840	0.00036
Streptomyces sp. XC 2026	2782004	S	1879	2130	4009	0.00051
Streptomyces sp. INR7	2607753	S	1814	1386	3200	0.00040
Streptomyces sp. TN58	234612	S	1695	1133	2828	0.00036
Streptomyces sp. HF10	2692233	S	1687	1678	3365	0.00042
Streptomyces sp. WY228	2855836	S	1682	1216	2898	0.00037
Streptomyces sp. CCM_MD2014	1561022	S	1660	2442	4102	0.00052
Streptomyces sp. WAC 06738	2203210	S	1552	2962	4514	0.00057
Streptomyces sp. CNQ-509	444103	S	1386	2581	3967	0.00050
Streptomyces sp. YPW6	2840373	S	1329	925	2254	0.00028
Streptomyces sp. 769	1262452	S	1277	1321	2598	0.00033
Streptomyces sp. ADI95-16	1522758	S	1222	1937	3159	0.00040
Streptomyces sp. Mg1	465541	S	1216	2050	3266	0.00041
Streptomyces sp. CRSS-Y-16	2906474	S	1115	14080	15195	0.00192
Streptomyces sp. M2	646637	S	1102	13155	14257	0.00180
Streptomyces sp. 11-1-2	1851167	S	1094	2848	3942	0.00050
Streptomyces sp. 2323.1	1938841	S	1083	861	1944	0.00025
Streptomyces sp. EAS-AB2608	2779671	S	1066	3213	4279	0.00054
Streptomyces sp. RPA4-5	2721245	S	1051	900	1951	0.00025
Streptomyces sp. PAMC 26508	1265601	S	1038	8270	9308	0.00117
Streptomyces rapamycinicus	1226757	S	7733	2154	9887	0.00125
Streptomyces hygroscopicus	1912	S	6508	12010	18518	0.00234
Streptomyces yatensis	155177	S	4063	3743	7806	0.00098
Streptomyces violaceusniger	68280	S	2898	2425	5323	0.00067
Streptomyces venezuelae	54571	S	15516	7410	22926	0.00289
Streptomyces cadmiisoli	2184053	S	3600	997	4597	0.00058
Streptomyces aurantiacus	47760	S	3494	946	4440	0.00056
Streptomyces qaidamensis	1783515	S	2243	1112	3355	0.00042
Streptomyces alboniger	132473	S	1714	743	2457	0.00031
Streptomyces koyangensis	188770	S	1400	1721	3121	0.00039
Streptomyces lydicus	47763	S	11801	9870	21671	0.00273
Streptomyces chartreusis	1969	S	6913	3442	10355	0.00131
Streptomyces niveus	193462	S	6761	3384	10145	0.00128
Streptomyces griseus	1911	S	2613	2735	5348	0.00067
Streptomyces anulatus	1892	S	1900	2521	4421	0.00056
Streptomyces albus	1888	S	6219	3700	9919	0.00125
Streptomyces griseorubiginosus	67304	S	6174	2325	8499	0.00107
Streptomyces bingchenggensis	379067	S	6090	1220	7310	0.00092
Streptomyces collinus	42684	S	5769	4276	10045	0.00127
Streptomyces aquilus	2548456	S	5458	1836	7294	0.00092
Streptomyces griseochromogenes	68214	S	5451	1712	7163	0.00090
Streptomyces seoulensis	73044	S	5331	2214	7545	0.00095
Streptomyces formicae	1616117	S	5132	1858	6990	0.00088
Streptomyces buecherae	2763006	S	4889	1290	6179	0.00078
Streptomyces cattleya	29303	S	4817	1431	6248	0.00079
Streptomyces asoensis	249586	S	4758	1598	6356	0.00080
Streptomyces bathyalis	2710756	S	4622	788	5410	0.00068
Streptomyces lincolnensis	1915	S	4538	1490	6028	0.00076
Streptomyces tsukubensis	83656	S	4464	1085	5549	0.00070
Streptomyces griseoviridis	45398	S	4320	1536	5856	0.00074
Streptomyces spectabilis	68270	S	4313	1608	5921	0.00075
Streptomyces antimycoticus	68175	S	4019	5379	9398	0.00119
Streptomyces armeniacus	83291	S	3955	568	4523	0.00057
Streptomyces cyaneochromogenes	2496836	S	3855	1294	5149	0.00065
Streptomyces ferrugineus	1413221	S	3833	1396	5229	0.00066
Streptomyces actuosus	1885	S	3781	1776	5557	0.00070
Streptomyces broussonetiae	2686304	S	3781	1289	5070	0.00064
Streptomyces avermitilis	33903	S	3750	1204	4954	0.00062
Streptomyces incarnatus	665007	S	3715	1248	4963	0.00063
Streptomyces davaonensis	348043	S	3705	1172	4877	0.00062
Streptomyces roseirectus	2768066	S	3687	991	4678	0.00059
Streptomyces xanthii	2768069	S	3624	1178	4802	0.00061
Streptomyces capitiformicae	2014920	S	3602	645	4247	0.00054
Streptomyces harbinensis	1176198	S	3510	983	4493	0.00057
Streptomyces fodineus	1904616	S	3481	1413	4894	0.00062
Streptomyces rimosus	1927	S	3472	5101	8573	0.00108
Streptomyces antibioticus	1890	S	3446	1368	4814	0.00061
Streptomyces roseochromogenus	285450	S	3352	1204	4556	0.00057
Streptomyces nodosus	40318	S	3345	931	4276	0.00054
Streptomyces xinghaiensis	1038928	S	3228	1016	4244	0.00054
Streptomyces dangxiongensis	1442032	S	3184	1235	4419	0.00056
Streptomyces calvus	67282	S	3179	1379	4558	0.00057
Streptomyces liangshanensis	2717324	S	3153	852	4005	0.00051
Streptomyces durmitorensis	319947	S	3124	748	3872	0.00049
Streptomyces dengpaensis	2049881	S	3124	971	4095	0.00052
Streptomyces albulus	68570	S	3084	1031	4115	0.00052
Streptomyces nigra	1827580	S	3050	1325	4375	0.00055
Streptomyces paludis	2282738	S	3014	705	3719	0.00047
Streptomyces genisteinicus	2768068	S	2982	996	3978	0.00050
Streptomyces galilaeus	33899	S	2982	1121	4103	0.00052
Streptomyces vietnamensis	362257	S	2980	1112	4092	0.00052
Streptomyces ambofaciens	1889	S	2941	1925	4866	0.00061
Streptomyces olivoreticuli	68246	S	2929	881	3810	0.00048
Streptomyces aureoverticillatus	66871	S	2923	879	3802	0.00048
Streptomyces alboflavus	67267	S	2918	901	3819	0.00048
Streptomyces phaeolivaceus	2653200	S	2916	944	3860	0.00049
Streptomyces clavuligerus	1901	S	2885	749	3634	0.00046
Streptomyces atratus	1893	S	2856	630	3486	0.00044
Streptomyces glaucescens	1907	S	2844	1362	4206	0.00053
Streptomyces lunaelactis	1535768	S	2842	641	3483	0.00044
Streptomyces parvulus	146923	S	2827	1412	4239	0.00053
Streptomyces griseocarneus	51201	S	2799	1040	3839	0.00048
Streptomyces rectiverticillatus	173860	S	2787	949	3736	0.00047
Streptomyces prasinus	67345	S	2757	979	3736	0.00047
Streptomyces luteoverticillatus	66425	S	2746	967	3713	0.00047
Streptomyces pluripotens	1355015	S	2720	689	3409	0.00043
Streptomyces globosus	68209	S	2713	1061	3774	0.00048
Streptomyces cyanogenus	80860	S	2686	1374	4060	0.00051
Streptomyces pratensis	1169025	S	2662	728	3390	0.00043
Streptomyces pactum	68249	S	2648	1220	3868	0.00049
Streptomyces chromofuscus	42881	S	2643	1139	3782	0.00048
Streptomyces viridosporus	67581	S	2639	1180	3819	0.00048
Streptomyces hundungensis	1077946	S	2550	876	3426	0.00043
Streptomyces ficellus	1977088	S	2539	977	3516	0.00044
Streptomyces gilvosporeus	553510	S	2520	883	3403	0.00043
Streptomyces exfoliatus	1905	S	2485	935	3420	0.00043
Streptomyces tendae	1932	S	2448	1135	3583	0.00045
Streptomyces fagopyri	2662397	S	2434	969	3403	0.00043
Streptomyces lavendulae	1914	S	2411	925	3336	0.00042
Streptomyces subrutilus	36818	S	2393	974	3367	0.00042
Streptomyces katrae	68223	S	2339	959	3298	0.00042
Streptomyces peucetius	1950	S	2338	693	3031	0.00038
Streptomyces xiamenensis	408015	S	2263	2436	4699	0.00059
Streptomyces inhibens	2293571	S	2247	768	3015	0.00038
Streptomyces deccanensis	424188	S	2228	1121	3349	0.00042
Streptomyces vinaceus	1960	S	2202	876	3078	0.00039
Streptomyces pristinaespiralis	38300	S	2202	1046	3248	0.00041
Streptomyces mobaraensis	35621	S	2176	113192	115368	0.01455
Streptomyces kanamyceticus	1967	S	2175	872	3047	0.00038
Streptomyces nitrosporeus	28894	S	2150	663	2813	0.00035
Streptomyces angustmyceticus	285578	S	2117	971	3088	0.00039
Streptomyces coeruleorubidus	116188	S	1995	1145	3140	0.00040
Streptomyces tirandamycinicus	2174846	S	1978	725	2703	0.00034
Streptomyces gardneri	66892	S	1960	935	2895	0.00037
Streptomyces finlayi	67296	S	1936	484	2420	0.00031
Streptomyces hawaiiensis	67305	S	1908	989	2897	0.00037
Streptomyces qinzhouensis	2599401	S	1902	507	2409	0.00030
Streptomyces coelicolor	1902	S	1442	23395	24837	0.00313
Streptomyces huasconensis	1854574	S	1855	837	2692	0.00034
Streptomyces tuirus	68278	S	1823	1071	2894	0.00037
Streptomyces spongiicola	1690221	S	1814	848	2662	0.00034
Streptomyces rutgersensis	53451	S	1814	996	2810	0.00035
Streptomyces nojiriensis	66374	S	1776	893	2669	0.00034
Streptomyces gobiensis	2875706	S	1680	332	2012	0.00025
Streptomyces cyaneogriseus	68192	S	1441	1345	2786	0.00035
Streptomyces leeuwenhoekii	1437453	S	1417	1192	2609	0.00033
Streptomyces decoyicus	249567	S	1089	741	1830	0.00023
Kitasatospora sp. MMS16-BH015	2018025	S	5342	1872	7214	0.00091
Kitasatospora sp. NA04385	2742135	S	4200	2440	6640	0.00084
Kitasatospora setae	2066	S	3940	2195	6135	0.00077
Kitasatospora aureofaciens	1894	S	3426	1500	4926	0.00062
Kitasatospora albolonga	68173	S	1062	1004	2066	0.00026
Streptacidiphilus sp. P02-A3a	2704468	S	4618	1463	6081	0.00077
Streptacidiphilus sp. PB12-B1b	2705012	S	3539	1445	4984	0.00063
Streptacidiphilus bronchialis	2126346	S	3349	1132	4481	0.00057
Yinghuangia sp. ASG 101	2896848	S	10474	1743	12217	0.00154
Microbacterium sp. SSW1-36	2851648	S	2573	1096	3669	0.00046
Microbacterium sp. No. 7	1714373	S	2356	1174	3530	0.00045
Microbacterium sp. JZ31	1906274	S	1695	573	2268	0.00029
Microbacterium sp. 4R-513	2567934	S	1679	404	2083	0.00026
Microbacterium sp. 10M-3C3	2483401	S	1591	1383	2974	0.00038
Microbacterium sp. SSW1-51	2851650	S	1408	791	2199	0.00028
Microbacterium sp. YJN-G	2763257	S	1383	741	2124	0.00027
Microbacterium sp. BH-3-3-3	1906742	S	1318	405	1723	0.00022
Microbacterium sp. A18JL241	2782166	S	1143	448	1591	0.00020
Microbacterium sp. Y-01	2048898	S	1123	1041	2164	0.00027
Microbacterium sp. XT11	367477	S	1107	359	1466	0.00018
Microbacterium sp. H1-D42	2925844	S	1071	275	1346	0.00017
Microbacterium sp. NIBRBAC000506063	2734618	S	1071	497	1568	0.00020
Microbacterium sp. ABRD_28	2268461	S	1056	184	1240	0.00016
Microbacterium sp. cx-55	2875948	S	1013	186	1199	0.00015
Microbacterium sp. PM5	2014534	S	1007	244	1251	0.00016
Microbacterium foliorum	104336	S	2983	693	3676	0.00046
Microbacterium hominis	162426	S	2201	8530	10731	0.00135
Microbacterium oleivorans	273677	S	2154	430	2584	0.00033
Microbacterium cremeum	2782169	S	1690	361	2051	0.00026
Microbacterium resistens	156977	S	1633	302	1935	0.00024
Microbacterium sediminis	904291	S	1601	727	2328	0.00029
Microbacterium atlanticum	2782168	S	1553	346	1899	0.00024
Microbacterium lemovicicum	1072463	S	1496	341	1837	0.00023
Microbacterium oryzae	743009	S	1391	412	1803	0.00023
Microbacterium testaceum	2033	S	1379	256	1635	0.00021
Microbacterium pygmaeum	370764	S	1298	162	1460	0.00018
Microbacterium caowuchunii	2614638	S	1262	240	1502	0.00019
Microbacterium hydrocarbonoxydans	273678	S	1248	249	1497	0.00019
Microbacterium aurum	36805	S	1230	393	1623	0.00020
Microbacterium protaetiae	2509458	S	1205	260	1465	0.00018
Microbacterium wangchenii	2541726	S	1203	297	1500	0.00019
Microbacterium lushaniae	2614639	S	1148	290	1438	0.00018
Microbacterium esteraromaticum	57043	S	1109	261	1370	0.00017
Microbacterium oxydans	82380	S	1105	1111	2216	0.00028
Microbacterium luteum	2782167	S	1082	445	1527	0.00019
Microbacterium chocolatum	84292	S	1065	238	1303	0.00016
Agromyces sp. H17E-10	2932244	S	2135	692	2827	0.00036
Agromyces sp. LHK192	2498704	S	2030	583	2613	0.00033
Agromyces sp. CFWR-12	2929802	S	1634	890	2524	0.00032
Agromyces soli	659012	S	2116	766	2882	0.00036
Agromyces flavus	589382	S	2043	639	2682	0.00034
Agromyces aureus	453304	S	1960	556	2516	0.00032
Agromyces protaetiae	2509455	S	1678	482	2160	0.00027
Agromyces archimandritae	2781962	S	1659	480	2139	0.00027
Agromyces marinus	1389020	S	1571	571	2142	0.00027
Agromyces intestinalis	2592652	S	1483	766	2249	0.00028
Agromyces badenianii	2080742	S	1280	417	1697	0.00021
Agromyces laixinhei	2585717	S	1207	276	1483	0.00019
Leifsonia sp. 21MFCrub1.1	1798223	S	2991	3493	6484	0.00082
Leifsonia sp. PS1209	2724914	S	2625	730	3355	0.00042
Leifsonia sp. ZF2019	2781978	S	2511	697	3208	0.00040
Leifsonia shinshuensis	150026	S	5115	1474	6589	0.00083
Leifsonia xyli	1575	S	1553	217	1770	0.00022
Curtobacterium sp. BH-2-1-1	1905847	S	1492	1460	2952	0.00037
Curtobacterium sp. L6-1	2841594	S	1435	967	2402	0.00030
Curtobacterium sp. MR_MD2014	1561023	S	1010	2251	3261	0.00041
Curtobacterium flaccumfaciens	2035	S	2185	1250	3435	0.00043
Curtobacterium luteum	33881	S	1388	579	1967	0.00025
Rathayibacter sp. VKM Ac-2759	2609252	S	1808	864	2672	0.00034
Rathayibacter sp. VKM Ac-2760	2609253	S	1574	1411	2985	0.00038
Rathayibacter sp. VKM Ac-2804	2609257	S	1110	1395	2505	0.00032
Rathayibacter festucae	110937	S	1734	2047	3781	0.00048
Rathayibacter tanaceti	1671680	S	1014	277	1291	0.00016
Clavibacter michiganensis	28447	S	7557	7340	14897	0.00188
Leucobacter sp. H25R-14	2932245	S	1206	1248	2454	0.00031
Leucobacter sp. NB 10	2873270	S	1133	691	1824	0.00023
Leucobacter muris	1935379	S	1252	489	1741	0.00022
Leucobacter triazinivorans	1784719	S	1199	791	1990	0.00025
Agrococcus sp. SGAir0287	2070347	S	1855	578	2433	0.00031
Agrococcus sp. SCSIO52902	2933290	S	1679	846	2525	0.00032
Agrococcus sp. Marseille-Q4369	2810513	S	1670	605	2275	0.00029
Agrococcus jejuensis	399736	S	2026	659	2685	0.00034
Agrococcus carbonis	684552	S	1629	763	2392	0.00030
Protaetiibacter intestinalis	2419774	S	1625	601	2226	0.00028
Protaetiibacter sp. SSC-01	2759943	S	1608	615	2223	0.00028
Protaetiibacter larvae	2592654	S	1225	401	1626	0.00021
Salinibacterium sp. ZJ450	2708338	S	1117	199	1316	0.00017
Salinibacterium sp. ZJ70	2708084	S	1044	293	1337	0.00017
Frondihabitans sp. PAMC 28766	1795630	S	1912	267	2179	0.00027
Frondihabitans sp. 762G35	1446794	S	1479	325	1804	0.00023
Microterricola viridarii	412690	S	2651	694	3345	0.00042
Microcella flavibacter	1804990	S	1512	757	2269	0.00029
Herbiconiux sp. SALV-R1	2735133	S	2060	436	2496	0.00031
Gryllotalpicola protaetiae	2419771	S	1998	409	2407	0.00030
Cnuibacter physcomitrellae	1619308	S	1975	451	2426	0.00031
Frigoribacterium sp. NBH87	2596916	S	1813	563	2376	0.00030
Subtercola sp. AK-R2A1-2	2895559	S	1035	109	1144	0.00014
Humibacter sp. WJ7-1	2599293	S	1654	377	2031	0.00026
Amnibacterium sp. L3-i23	2905871	S	1353	341	1694	0.00021
Gulosibacter sediminis	1729695	S	1150	337	1487	0.00019
Arthrobacter sp. NicSoilC5	2831000	S	13786	6999	20785	0.00262
Arthrobacter sp. QXT-31	1357915	S	5647	1752	7399	0.00093
Arthrobacter sp. FW305-BF8	2879617	S	4317	1295	5612	0.00071
Arthrobacter sp. FW306-06-A	2879621	S	2364	7711	10075	0.00127
Arthrobacter sp. PM3	2017685	S	2029	323	2352	0.00030
Arthrobacter sp. NicSoilB8	2830998	S	1976	558	2534	0.00032
Arthrobacter sp. PGP41	2079227	S	1698	554	2252	0.00028
Arthrobacter sp. 24S4-2	2575374	S	1688	408	2096	0.00026
Arthrobacter sp. KBS0702	2578107	S	1628	702	2330	0.00029
Arthrobacter sp. UKPF54-2	2600159	S	1562	714	2276	0.00029
Arthrobacter sp. PAMC25564	2565366	S	1551	461	2012	0.00025
Arthrobacter sp. U41	1849032	S	1522	458	1980	0.00025
Arthrobacter sp. FB24	290399	S	1480	461	1941	0.00024
Arthrobacter sp. FW306-07-I	2879622	S	1480	7682	9162	0.00116
Arthrobacter sp. FW306-2-2C-D06B	2879618	S	1458	317	1775	0.00022
Arthrobacter sp. NicSoilB4	2830997	S	1453	495	1948	0.00025
Arthrobacter sp. FW306-05-C	2879620	S	1380	6741	8121	0.00102
Arthrobacter sp. QL17	2895818	S	1356	437	1793	0.00023
Arthrobacter sp. ERGS1:01	1704044	S	1263	337	1600	0.00020
Arthrobacter sp. PAMC25284	2861279	S	1122	320	1442	0.00018
Arthrobacter agilis	37921	S	2199	447	2646	0.00033
Arthrobacter crystallopoietes	37928	S	1916	431	2347	0.00030
Arthrobacter sulfonylureivorans	2486855	S	1310	261	1571	0.00020
Arthrobacter dokdonellae	2211210	S	1193	289	1482	0.00019
Arthrobacter woluwensis	156980	S	1146	306	1452	0.00018
Pseudarthrobacter sp. NIBRBAC000502771	2590774	S	1952	6350	8302	0.00105
Pseudarthrobacter sp. NIBRBAC000502770	2590785	S	1952	5497	7449	0.00094
Pseudarthrobacter sp. L1SW	2851598	S	1249	589	1838	0.00023
Pseudarthrobacter sp. BIM B-2242	2772401	S	1179	335	1514	0.00019
Pseudarthrobacter chlorophenolicus	85085	S	1236	735	1971	0.00025
Pseudarthrobacter phenanthrenivorans	361575	S	1202	642	1844	0.00023
Pseudarthrobacter equi	728066	S	1156	754	1910	0.00024
Sinomonas atrocyanea	37927	S	11502	3540	15042	0.00190
Sinomonas sp. R1AF57	2020377	S	2755	585	3340	0.00042
Kocuria rosea	1275	S	1877	1081	2958	0.00037
Kocuria flava	446860	S	1629	1110	2739	0.00035
Kocuria turfanensis	388357	S	1519	1059	2578	0.00033
Micrococcus luteus	1270	S	2369	4215	6584	0.00083
Rothia kristinae	37923	S	1156	676	1832	0.00023
Citricoccus sp. SGAir0253	2567881	S	1616	424	2040	0.00026
Cellulomonas sp. Y8	2591145	S	2840	1259	4099	0.00052
Cellulomonas sp. H30R-01	2704467	S	2738	1099	3837	0.00048
Cellulomonas sp. C5510	2871170	S	2438	1004	3442	0.00043
Cellulomonas sp. JZ18	2654191	S	2349	1034	3383	0.00043
Cellulomonas sp. zg-ZUI188	2819978	S	2211	635	2846	0.00036
Cellulomonas sp. zg-ZUI222	2816956	S	2060	798	2858	0.00036
Cellulomonas sp. zg-ZUI157	2819979	S	2006	709	2715	0.00034
Cellulomonas sp. EW123	2608402	S	1839	1075	2914	0.00037
Cellulomonas sp. PSBB021	2003551	S	1668	1313	2981	0.00038
Cellulomonas fimi	1708	S	2552	2326	4878	0.00062
Cellulomonas iranensis	76862	S	2332	1118	3450	0.00044
Cellulomonas shaoxiangyii	2566013	S	2107	899	3006	0.00038
Cellulomonas flavigena	1711	S	2027	785	2812	0.00035
Cellulomonas gilvus	11	S	1825	817	2642	0.00033
Cellulomonas taurus	2729175	S	1518	507	2025	0.00026
Actinotalea sp. JY-7876	2758442	S	2301	834	3135	0.00040
Oerskovia sp. KBS0722	1179673	S	1870	611	2481	0.00031
Pseudactinotalea sp. HY158	2654547	S	1719	259	1978	0.00025
Paraoerskovia marina	545619	S	1268	340	1608	0.00020
Janibacter melonis	262209	S	2966	1066	4032	0.00051
Janibacter limosus	53458	S	2044	596	2640	0.00033
Janibacter indicus	857417	S	1019	2518	3537	0.00045
Intrasporangium calvum	53358	S	7795	2022	9817	0.00124
Phycicoccus sp. HDW14	2714941	S	4346	1522	5868	0.00074
Phycicoccus endophyticus	1690220	S	2992	935	3927	0.00050
Pedococcus dokdonensis	443156	S	5527	1737	7264	0.00092
Tetrasphaera sp. HKS02	1813880	S	4841	1350	6191	0.00078
Arsenicicoccus sp. oral taxon 190	1658671	S	2713	1072	3785	0.00048
Cellulosimicrobium cellulans	1710	S	4217	5771	9988	0.00126
Cellulosimicrobium sp. BI34T	2587808	S	1802	1128	2930	0.00037
Xylanimonas protaetiae	2509457	S	2034	925	2959	0.00037
Xylanimonas cellulosilytica	186189	S	1782	659	2441	0.00031
Xylanimonas allomyrinae	2509459	S	1778	583	2361	0.00030
Isoptericola variabilis	139208	S	2255	1220	3475	0.00044
Isoptericola dokdonensis	372663	S	2050	826	2876	0.00036
Ornithinimicrobium avium	2283195	S	2573	693	3266	0.00041
Ornithinimicrobium sp. HY006	2508882	S	1732	585	2317	0.00029
Ornithinimicrobium flavum	1288636	S	1880	611	2491	0.00031
Ornithinimicrobium ciconiae	2594265	S	1523	245	1768	0.00022
Ornithinimicrobium pratense	2593973	S	1322	379	1701	0.00021
Serinicoccus chungangensis	767452	S	1877	636	2513	0.00032
Serinicoccus hydrothermalis	1758689	S	1795	790	2585	0.00033
Serinicoccus profundi	1078471	S	1649	592	2241	0.00028
Serinicoccus marinus	247333	S	1492	685	2177	0.00027
Brachybacterium sp. SGAir0954	2571029	S	1716	481	2197	0.00028
Brachybacterium sp. CBA3105	2887346	S	1687	392	2079	0.00026
Brachybacterium sp. P6-10-X1	1903186	S	1501	268	1769	0.00022
Brachybacterium ginsengisoli	1331682	S	1977	597	2574	0.00032
Brachybacterium saurashtrense	556288	S	1425	417	1842	0.00023
Brachybacterium faecium	43669	S	1361	427	1788	0.00023
Brachybacterium vulturis	2017484	S	1076	408	1484	0.00019
Brevibacterium sp. CS2	2575923	S	1467	662	2129	0.00027
Brevibacterium casei	33889	S	1650	3318	4968	0.00063
Dermacoccus nishinomiyaensis	1274	S	1879	815	2694	0.00034
Dermacoccus sp. PAMC28757	2762331	S	1165	431	1596	0.00020
Luteipulveratus mongoliensis	571913	S	2449	351	2800	0.00035
Allobranchiibius sp. GilTou73	2904523	S	2132	479	2611	0.00033
Yimella sp. cx-51	2770551	S	1173	244	1417	0.00018
Georgenia sp. TF02-10	2917725	S	2304	848	3152	0.00040
Georgenia yuyongxinii	2589797	S	2275	570	2845	0.00036
Georgenia wutianyii	2585135	S	2118	744	2862	0.00036
Georgenia faecalis	2483799	S	1909	529	2438	0.00031
Haloactinobacterium kanbiaonis	2675754	S	2665	417	3082	0.00039
Ruania sp. LR1S40	2897774	S	1367	360	1727	0.00022
Ruania zhangjianzhongii	2603206	S	1500	169	1669	0.00021
Pengzhenrongella sicca	2819238	S	2773	802	3575	0.00045
Luteimicrobium xylanilyticum	1133546	S	2494	787	3281	0.00041
Beutenbergia cavernae	84757	S	3021	517	3538	0.00045
Miniimonas sp. S16	2171623	S	2183	1151	3334	0.00042
Sanguibacter keddieii	60920	S	1879	577	2456	0.00031
Sanguibacter sp. HDW7	2714931	S	1693	546	2239	0.00028
Kytococcus sedentarius	1276	S	1577	580	2157	0.00027
Mycobacterium mantenii	560555	S	6144	714	6858	0.00086
Mycobacterium colombiense	339268	S	5755	925	6680	0.00084
Mycobacterium avium	1764	S	4573	3175	7748	0.00098
Mycobacterium marseillense	701042	S	3368	750	4118	0.00052
Mycobacterium intracellulare	1767	S	2242	23513	25755	0.00325
Mycobacterium sp. TY59	2775496	S	6061	1913	7974	0.00101
Mycobacterium sp. JS623	212767	S	2537	297	2834	0.00036
Mycobacterium sp. EPa45	1545728	S	1804	530	2334	0.00029
Mycobacterium sp. IDR2000157661	2867005	S	1571	420	1991	0.00025
Mycobacterium sp. DL440	2675523	S	1475	422	1897	0.00024
Mycobacterium sp. DL592	2675524	S	1439	346	1785	0.00023
Mycobacterium sp. YC-RL4	1682113	S	1424	602	2026	0.00026
Mycobacterium sp. MS1601	1936029	S	1307	221	1528	0.00019
Mycobacterium parmense	185642	S	2337	401	2738	0.00035
Mycobacterium saskatchewanense	220927	S	2331	450	2781	0.00035
Mycobacterium heidelbergense	53376	S	2181	481	2662	0.00034
Mycobacterium shigaense	722731	S	1910	271	2181	0.00028
Mycobacterium kubicae	120959	S	1771	270	2041	0.00026
Mycobacterium florentinum	292462	S	1649	365	2014	0.00025
Mycobacterium lentiflavum	141349	S	1595	377	1972	0.00025
Mycobacterium simiae	1784	S	1575	134	1709	0.00022
Mycobacterium stomatepiae	470076	S	1573	315	1888	0.00024
Mycobacterium conspicuum	44010	S	3666	422	4088	0.00052
Mycobacterium rufum	318424	S	2679	818	3497	0.00044
Mycobacterium grossiae	1552759	S	2339	704	3043	0.00038
Mycobacterium paraterrae	577492	S	2018	226	2244	0.00028
Mycobacterium dioxanotrophicus	482462	S	1924	491	2415	0.00030
Mycobacterium cookii	1775	S	1849	182	2031	0.00026
Mycobacterium branderi	43348	S	1826	221	2047	0.00026
Mycobacterium paragordonae	1389713	S	1825	212	2037	0.00026
Mycobacterium malmoense	1780	S	1821	261	2082	0.00026
Mycobacterium holsaticum	152142	S	1661	266	1927	0.00024
Mycobacterium paraseoulense	590652	S	1648	292	1940	0.00024
Mycobacterium goodii	134601	S	1611	633	2244	0.00028
Mycobacterium diernhoferi	1801	S	1563	310	1873	0.00024
Mycobacterium frederiksbergense	117567	S	1557	503	2060	0.00026
Mycobacterium seoulense	386911	S	1497	308	1805	0.00023
Mycobacterium gordonae	1778	S	1451	123	1574	0.00020
Mycobacterium riyadhense	486698	S	1441	58	1499	0.00019
Mycobacterium lacus	169765	S	1350	96	1446	0.00018
Mycobacterium crocinum	388459	S	1343	666	2009	0.00025
Mycobacterium noviomagense	459858	S	1286	101	1387	0.00017
Mycobacterium kansasii	1768	S	1282	6267	7549	0.00095
Mycobacterium koreense	1069220	S	1230	370	1600	0.00020
Mycobacterium heckeshornense	110505	S	1204	88	1292	0.00016
Mycobacterium ostraviense	2738409	S	1173	102	1275	0.00016
Mycobacterium vicinigordonae	1719132	S	1153	59	1212	0.00015
Mycobacterium shinjukuense	398694	S	1110	103	1213	0.00015
Mycobacterium basiliense	2094119	S	1040	36	1076	0.00014
Mycobacterium xenopi	1789	S	1020	115	1135	0.00014
Mycolicibacterium litorale	758802	S	3492	1018	4510	0.00057
Mycolicibacterium smegmatis	1772	S	2959	2540	5499	0.00069
Mycolicibacterium sp. YH-1	2908837	S	1812	1146	2958	0.00037
Mycolicibacterium fortuitum	1766	S	2503	1002	3505	0.00044
Mycolicibacterium mageritense	53462	S	2343	422	2765	0.00035
Mycolicibacterium madagascariense	212765	S	2342	354	2696	0.00034
Mycolicibacterium sediminis	1286180	S	2290	421	2711	0.00034
Mycolicibacterium rutilum	370526	S	2149	674	2823	0.00036
Mycolicibacterium neoaurum	1795	S	2104	423	2527	0.00032
Mycolicibacterium chubuense	1800	S	2044	485	2529	0.00032
Mycolicibacterium hassiacum	46351	S	2039	580	2619	0.00033
Mycolicibacterium arabiense	1286181	S	2033	313	2346	0.00030
Mycolicibacterium phlei	1771	S	2017	705	2722	0.00034
Mycolicibacterium vaccae	1810	S	1993	407	2400	0.00030
Mycolicibacterium parafortuitum	39692	S	1968	400	2368	0.00030
Mycolicibacterium chitae	1792	S	1939	474	2413	0.00030
Mycolicibacterium fluoranthenivorans	258505	S	1936	256	2192	0.00028
Mycolicibacterium psychrotolerans	216929	S	1886	440	2326	0.00029
Mycolicibacterium boenickei	146017	S	1791	2970	4761	0.00060
Mycolicibacterium duvalii	39688	S	1761	357	2118	0.00027
Mycolicibacterium thermoresistibile	1797	S	1717	392	2109	0.00027
Mycolicibacterium aichiense	1799	S	1717	310	2027	0.00026
Mycolicibacterium moriokaense	39691	S	1716	217	1933	0.00024
Mycolicibacterium pulveris	36813	S	1716	298	2014	0.00025
Mycolicibacterium phocaicum	319706	S	1711	1029	2740	0.00035
Mycolicibacterium monacense	85693	S	1658	1079	2737	0.00035
Mycolicibacterium tokaiense	39695	S	1651	268	1919	0.00024
Mycolicibacterium rhodesiae	36814	S	1631	285	1916	0.00024
Mycolicibacterium poriferae	39694	S	1618	362	1980	0.00025
Mycolicibacterium fallax	1793	S	1613	655	2268	0.00029
Mycolicibacterium gilvum	1804	S	1598	649	2247	0.00028
Mycolicibacterium confluentis	28047	S	1553	238	1791	0.00023
Mycolicibacterium helvum	1534349	S	1549	195	1744	0.00022
Mycolicibacterium baixiangningiae	2761578	S	1530	258	1788	0.00023
Mycolicibacterium gadium	1794	S	1498	219	1717	0.00022
Mycolicibacterium aurum	1791	S	1470	196	1666	0.00021
Mycolicibacterium insubricum	444597	S	1456	423	1879	0.00024
Mycolicibacterium celeriflavum	1249101	S	1440	297	1737	0.00022
Mycolicibacterium anyangense	1431246	S	1334	222	1556	0.00020
Mycolicibacterium mengxianglii	2736649	S	1277	139	1416	0.00018
Mycolicibacterium alvei	67081	S	1233	374	1607	0.00020
Mycolicibacterium austroafricanum	39687	S	1182	5825	7007	0.00088
Mycolicibacterium mucogenicum	56689	S	1159	537	1696	0.00021
Mycobacterium doricum	126673	S	1051	259	1310	0.00017
Mycolicibacterium sarraceniae	1534348	S	1009	137	1146	0.00014
Mycolicibacter terrae	1788	S	1103	461	1564	0.00020
Mycolicibacter hiberniae	29314	S	1060	287	1347	0.00017
Mycobacteroides abscessus	36809	S	1671	1773	3444	0.00043
Mycobacteroides chelonae	1774	S	1029	410	1439	0.00018
Mycolicibacillus parakoreensis	1069221	S	1337	414	1751	0.00022
Nocardia asteroides	1824	S	11565	4125	15690	0.00198
Nocardia nova	37330	S	7646	1114	8760	0.00110
Nocardia brasiliensis	37326	S	7008	2017	9025	0.00114
Nocardia terpenica	455432	S	6083	1121	7204	0.00091
Nocardia cyriacigeorgica	135487	S	5324	2428	7752	0.00098
Nocardia wallacei	480035	S	4119	1255	5374	0.00068
Nocardia farcinica	37329	S	3821	2414	6235	0.00079
Nocardia arthritidis	228602	S	3256	425	3681	0.00046
Nocardia huaxiensis	2755382	S	2653	551	3204	0.00040
Nocardia otitidiscaviarum	1823	S	2636	543	3179	0.00040
Nocardia tengchongensis	2055889	S	2634	700	3334	0.00042
Nocardia yamanashiensis	209247	S	2590	545	3135	0.00040
Nocardia gipuzkoensis	2749991	S	2581	1030	3611	0.00046
Nocardia yunnanensis	2382165	S	2520	661	3181	0.00040
Nocardia seriolae	37332	S	2471	711	3182	0.00040
Nocardia sp. CS682	1047172	S	2318	593	2911	0.00037
Nocardia iowensis	204891	S	2150	499	2649	0.00033
Nocardia mangyaensis	2213200	S	2135	593	2728	0.00034
Rhodococcus sp. X156	2499145	S	2344	803	3147	0.00040
Rhodococcus sp. MTM3W5.2	1805827	S	2123	569	2692	0.00034
Rhodococcus sp. SGAir0479	2567884	S	1871	707	2578	0.00033
Rhodococcus sp. W8901	2742603	S	1796	631	2427	0.00031
Rhodococcus sp. PBTS 1	1653478	S	1662	449	2111	0.00027
Rhodococcus sp. ABRD24	2507582	S	1143	266	1409	0.00018
Rhodococcus sp. R79	2811421	S	1053	3227	4280	0.00054
Rhodococcus opacus	37919	S	4915	14959	19874	0.00251
Rhodococcus equi	43767	S	2894	1166	4060	0.00051
Rhodococcus fascians	1828	S	2330	618	2948	0.00037
Rhodococcus rhodochrous	1829	S	1540	2024	3564	0.00045
Rhodococcus triatomae	300028	S	1424	448	1872	0.00024
Rhodococcus koreensis	99653	S	1234	942	2176	0.00027
Rhodococcus coprophilus	38310	S	1109	206	1315	0.00017
Corynebacterium cyclohexanicum	322009	S	2916	1055	3971	0.00050
Corynebacterium xerosis	1725	S	1201	2575	3776	0.00048
Corynebacterium frankenforstense	1230998	S	1179	973	2152	0.00027
Corynebacterium sphenisci	191493	S	1126	658	1784	0.00023
Corynebacterium bovis	36808	S	1042	588	1630	0.00021
Gordonia sp. PP30	2935861	S	1604	521	2125	0.00027
Gordonia sp. YC-JH1	2059875	S	1236	949	2185	0.00028
Gordonia sp. KTR9	337191	S	1073	508	1581	0.00020
Gordonia polyisoprenivorans	84595	S	2665	733	3398	0.00043
Gordonia terrae	2055	S	1720	2980	4700	0.00059
Gordonia insulae	2420509	S	1688	395	2083	0.00026
Gordonia phthalatica	1136941	S	1469	671	2140	0.00027
Gordonia amarae	36821	S	1400	325	1725	0.00022
Gordonia bronchialis	2054	S	1298	472	1770	0.00022
Gordonia jinghuaiqii	2758710	S	1291	327	1618	0.00020
Gordonia iterans	1004901	S	1276	465	1741	0.00022
Gordonia pseudoamarae	2831662	S	1167	288	1455	0.00018
Gordonia rubripertincta	36822	S	1150	1635	2785	0.00035
Gordonia otitidis	249058	S	1012	251	1263	0.00016
Skermania piniformis	39122	S	1547	191	1738	0.00022
Tsukamurella paurometabola	2061	S	2761	1351	4112	0.00052
Tsukamurella tyrosinosolvens	57704	S	2237	985	3222	0.00041
Tsukamurella sp. PLM1	2929795	S	1584	513	2097	0.00026
Tsukamurella pulmonis	47312	S	1575	557	2132	0.00027
Dietzia lutea	546160	S	1030	918	1948	0.00025
Tomitella gaofuii	2760083	S	1673	496	2169	0.00027
Tomitella fengzijianii	2597660	S	1467	469	1936	0.00024
Pseudonocardia sp. DSM 110487	2865833	S	90124	12946	103070	0.01300
Pseudonocardia sp. CGMCC 4.1532	2761535	S	7355	4353	11708	0.00148
Pseudonocardia sp. HH130630-07	1690815	S	5063	3902	8965	0.00113
Pseudonocardia sp. AL041005-10	445576	S	4318	3238	7556	0.00095
Pseudonocardia sp. HH130629-09	1641402	S	3292	4235	7527	0.00095
Pseudonocardia dioxanivorans	240495	S	10464	2779	13243	0.00167
Pseudonocardia broussonetiae	2736640	S	10216	3434	13650	0.00172
Pseudonocardia autotrophica	2074	S	5747	1570	7317	0.00092
Pseudonocardia abyssalis	2792008	S	5635	2945	8580	0.00108
Amycolatopsis sp. WQ 127309	2932773	S	12767	3345	16112	0.00203
Amycolatopsis sp. Hca4	2742131	S	11500	3821	15321	0.00193
Amycolatopsis sp. DSM 110486	2865832	S	10515	2061	12576	0.00159
Amycolatopsis sp. FDAARGOS 1241	2778070	S	6611	1427	8038	0.00101
Amycolatopsis sp. CA-230715	2745196	S	5139	766	5905	0.00074
Amycolatopsis sp. YIM 10	2653857	S	4474	1206	5680	0.00072
Amycolatopsis sp. FU40	2914159	S	3625	1574	5199	0.00066
Amycolatopsis sp. AA4	1896961	S	3307	1670	4977	0.00063
Amycolatopsis sp. BJA-103	1911175	S	2521	907	3428	0.00043
Amycolatopsis sp. TNS106	2861750	S	2054	1069	3123	0.00039
Amycolatopsis sp. EV170708-02-1	2919322	S	1734	1445	3179	0.00040
Amycolatopsis pretoriensis	218821	S	13809	3994	17803	0.00225
Amycolatopsis mediterranei	33910	S	12065	14451	26516	0.00334
Amycolatopsis acidiphila	715473	S	6585	1357	7942	0.00100
Amycolatopsis methanolica	1814	S	4409	1595	6004	0.00076
Amycolatopsis keratiniphila	129921	S	2488	1772	4260	0.00054
Amycolatopsis japonica	208439	S	1313	1077	2390	0.00030
Amycolatopsis thermalba	944492	S	4211	1615	5826	0.00073
Amycolatopsis albispora	1804986	S	4056	2152	6208	0.00078
Amycolatopsis aidingensis	2842453	S	3276	376	3652	0.00046
Amycolatopsis orientalis	31958	S	2624	771	3395	0.00043
Saccharopolyspora erythraea	1836	S	7180	1864	9044	0.00114
Saccharopolyspora gregorii	33914	S	5978	1203	7181	0.00091
Saccharopolyspora spinosa	60894	S	1963	1104	3067	0.00039
Saccharopolyspora pogona	333966	S	1745	1683	3428	0.00043
Saccharopolyspora sp. ASAGF58	2719023	S	1197	1281	2478	0.00031
Saccharothrix syringae	103733	S	6349	2159	8508	0.00107
Saccharothrix sp. 6-C	2781735	S	5258	1751	7009	0.00088
Saccharothrix espanaensis	103731	S	5108	1478	6586	0.00083
Kutzneria sp. CA-103260	2802641	S	8241	1756	9997	0.00126
Kutzneria albida	43357	S	5011	1135	6146	0.00078
Saccharomonospora marina	632569	S	2783	630	3413	0.00043
Saccharomonospora azurea	40988	S	1870	553	2423	0.00031
Saccharomonospora cyanea	40989	S	1778	631	2409	0.00030
Saccharomonospora xinjiangensis	75294	S	1532	257	1789	0.00023
Saccharomonospora glauca	40990	S	1319	469	1788	0.00023
Saccharomonospora viridis	1852	S	1199	187	1386	0.00017
Actinoalloteichus hymeniacidonis	340345	S	3370	1074	4444	0.00056
Actinoalloteichus hoggarensis	1470176	S	2176	2008	4184	0.00053
Actinosynnema pretiosum	42197	S	2073	5488	7561	0.00095
Lentzea guizhouensis	1586287	S	5126	1068	6194	0.00078
Kibdelosporangium phytohabitans	860235	S	5065	600	5665	0.00071
Allokutzneria albata	211114	S	4412	1047	5459	0.00069
Alloactinosynnema sp. L-07	1653480	S	3758	822	4580	0.00058
Prauserella marina	530584	S	2431	218	2649	0.00033
Allosaccharopolyspora coralli	2665642	S	1839	392	2231	0.00028
Micromonospora sp. WMMC415	2675222	S	3520	1298	4818	0.00061
Micromonospora sp. HM134	2583243	S	2970	1314	4284	0.00054
Micromonospora sp. WMMA2032	2039870	S	2921	1875	4796	0.00060
Micromonospora sp. B006	2201999	S	2442	1867	4309	0.00054
Micromonospora terminaliae	1914461	S	5243	2611	7854	0.00099
Micromonospora carbonacea	47853	S	4147	1820	5967	0.00075
Micromonospora echinofusca	47858	S	3937	1756	5693	0.00072
Micromonospora krabiensis	307121	S	3910	1323	5233	0.00066
Micromonospora echinaurantiaca	47857	S	3788	1799	5587	0.00070
Micromonospora inositola	47865	S	3644	1768	5412	0.00068
Micromonospora auratinigra	261654	S	3322	1728	5050	0.00064
Micromonospora viridifaciens	1881	S	3319	1426	4745	0.00060
Micromonospora ferruginea	2749844	S	3254	1855	5109	0.00064
Micromonospora siamensis	299152	S	3183	1507	4690	0.00059
Micromonospora coriariae	285665	S	3155	1111	4266	0.00054
Micromonospora purpureochromogenes	47872	S	3140	1643	4783	0.00060
Micromonospora echinospora	1877	S	3111	1069	4180	0.00053
Micromonospora coxensis	356852	S	3082	1683	4765	0.00060
Micromonospora narathiwatensis	299146	S	2953	1373	4326	0.00055
Micromonospora maris	1003110	S	2853	859	3712	0.00047
Micromonospora endophytica (Xie et al. 2001) Li et al. 2019	515350	S	2810	851	3661	0.00046
Micromonospora sagamiensis	47875	S	2737	1033	3770	0.00048
Micromonospora zamorensis	709883	S	2727	864	3591	0.00045
Micromonospora chokoriensis	356851	S	2682	858	3540	0.00045
Micromonospora rifamycinica	291594	S	2663	1187	3850	0.00049
Micromonospora craniellae	2294034	S	2197	1380	3577	0.00045
Micromonospora tulbaghiae	479978	S	1774	1911	3685	0.00046
Micromonospora aurantiaca	47850	S	1363	9380	10743	0.00135
Actinoplanes sp. L3-i22	2836373	S	12583	8986	21569	0.00272
Actinoplanes sp. N902-109	649831	S	9733	2958	12691	0.00160
Actinoplanes sp. OR16	946334	S	8307	3992	12299	0.00155
Actinoplanes ianthinogenes	122358	S	9315	3839	13154	0.00166
Actinoplanes friuliensis	196914	S	9126	1520	10646	0.00134
Actinoplanes missouriensis	1866	S	7491	2525	10016	0.00126
Actinoplanes teichomyceticus	1867	S	7305	3166	10471	0.00132
Actinoplanes derwentensis	113562	S	6477	1027	7504	0.00095
Dactylosporangium vinaceum	53362	S	15004	1725	16729	0.00211
Phytohabitans suffuscus	624315	S	7499	1891	9390	0.00118
Phytohabitans flavus	1076124	S	5886	1145	7031	0.00089
Plantactinospora sp. KBS50	2024580	S	4691	5880	10571	0.00133
Actinocatenispora thailandica	227318	S	5071	1360	6431	0.00081
Actinocatenispora sera	390989	S	4835	1364	6199	0.00078
Couchioplanes caeruleus	56438	S	9486	2473	11959	0.00151
Catellatospora sp. IY07-71	2728827	S	6970	1590	8560	0.00108
Polymorphospora rubra	338584	S	5390	1227	6617	0.00083
Natronosporangium hydrolyticum	2811111	S	2881	205	3086	0.00039
Verrucosispora sp. NA02020	2742132	S	2236	1759	3995	0.00050
Salinispora tropica	168695	S	1733	303	2036	0.00026
Nocardioides sp. G188	2849501	S	9173	2930	12103	0.00153
Nocardioides sp. LMS-CY	2840457	S	5606	1885	7491	0.00094
Nocardioides sp. JS614	196162	S	5382	1637	7019	0.00089
Nocardioides sp. TF02-7	2917724	S	4189	1400	5589	0.00070
Nocardioides sp. S-1144	2582905	S	4119	1638	5757	0.00073
Nocardioides sp. W7	2931390	S	4049	1414	5463	0.00069
Nocardioides sp. zg-579	2663857	S	3720	1928	5648	0.00071
Nocardioides sp. HDW12B	2714939	S	3702	1262	4964	0.00063
Nocardioides sp. cx-173	2898796	S	3572	1262	4834	0.00061
Nocardioides sp. zg-1228	2763008	S	3224	1461	4685	0.00059
Nocardioides sp. InS609-2	2760705	S	3214	771	3985	0.00050
Nocardioides sp. 603	2483798	S	3198	1512	4710	0.00059
Nocardioides sp. SCSIO 67246	2872154	S	3084	848	3932	0.00050
Nocardioides sp. S5	2017486	S	2967	1522	4489	0.00057
Nocardioides sp. MC1495	2736757	S	2859	1056	3915	0.00049
Nocardioides sp. CF8	110319	S	2723	1157	3880	0.00049
Nocardioides sp. zg-536	2803858	S	2684	1201	3885	0.00049
Nocardioides sp. JQ2195	2592334	S	2611	568	3179	0.00040
Nocardioides sp. Kera G14	2884264	S	2493	554	3047	0.00038
Nocardioides sp. dk884	2662361	S	2296	2312	4608	0.00058
Nocardioides sp. WS12	2486272	S	2251	416	2667	0.00034
Nocardioides sp. ZJ1313	2685869	S	2198	2230	4428	0.00056
Nocardioides cynanchi	2558918	S	11156	2815	13971	0.00176
Nocardioides ungokensis	1643322	S	7870	2892	10762	0.00136
Nocardioides anomalus	2712223	S	5223	1664	6887	0.00087
Nocardioides mesophilus	433659	S	5117	1629	6746	0.00085
Nocardioides humi	449461	S	4204	1467	5671	0.00072
Nocardioides aromaticivorans	200618	S	3806	1522	5328	0.00067
Nocardioides okcheonensis	2894081	S	3630	1762	5392	0.00068
Nocardioides dongkuii	2760089	S	3563	1859	5422	0.00068
Nocardioides euryhalodurans	2518370	S	3532	1137	4669	0.00059
Nocardioides aquaticus	160826	S	3257	1054	4311	0.00054
Nocardioides rotundus	1774216	S	3118	1248	4366	0.00055
Nocardioides marinisabuli	419476	S	2964	1738	4702	0.00059
Nocardioides sambongensis	2589074	S	2853	865	3718	0.00047
Nocardioides dokdonensis	450734	S	2834	1388	4222	0.00053
Nocardioides panacisoli	627624	S	2334	610	2944	0.00037
Nocardioides seonyuensis	2518371	S	2290	649	2939	0.00037
Nocardioides houyundeii	2045452	S	2206	715	2921	0.00037
Nocardioides piscis	2714938	S	2059	820	2879	0.00036
Nocardioides daphniae	402297	S	1738	834	2572	0.00032
Nocardioides jishulii	2575440	S	1589	609	2198	0.00028
Nocardioides baekrokdamisoli	1804624	S	1336	182	1518	0.00019
Nocardioides yefusunii	2500546	S	1228	386	1614	0.00020
Aeromicrobium sp. Leaf245	1736306	S	1950	594	2544	0.00032
Aeromicrobium sp. zg-629	2663859	S	1594	517	2111	0.00027
Aeromicrobium sp. A1-2	2107713	S	1367	193	1560	0.00020
Aeromicrobium erythreum	2041	S	2240	671	2911	0.00037
Aeromicrobium chenweiae	2079793	S	2024	658	2682	0.00034
Aeromicrobium choanae	1736691	S	1971	593	2564	0.00032
Aeromicrobium yanjiei	2662028	S	1826	550	2376	0.00030
Aeromicrobium marinum	219314	S	1618	359	1977	0.00025
Pimelobacter simplex	2045	S	3924	1547	5471	0.00069
Marmoricola scoriae	642780	S	3806	1512	5318	0.00067
Friedmanniella luteola	546871	S	3436	717	4153	0.00052
Mumia sp. ZJ1417	2708082	S	2461	454	2915	0.00037
Micropruina glycogenica	75385	S	1426	218	1644	0.00021
Microlunatus sagamiharensis	546874	S	3526	837	4363	0.00055
Microlunatus soli	630515	S	2574	258	2832	0.00036
Microlunatus elymi	2596828	S	2271	250	2521	0.00032
Microlunatus sp. Gsoil 973	2672569	S	1981	156	2137	0.00027
Microlunatus phosphovorus	29405	S	1856	224	2080	0.00026
Tessaracoccus sp. J1M15	2829499	S	1305	438	1743	0.00022
Tessaracoccus defluvii	1285901	S	1376	1004	2380	0.00030
Tessaracoccus aquimaris	1332264	S	1319	681	2000	0.00025
Tessaracoccus flavescens	399497	S	1141	993	2134	0.00027
Brevilactibacter coleopterorum	2714937	S	1875	866	2741	0.00035
Brevilactibacter sp. MC1595	2819349	S	1697	697	2394	0.00030
Acidipropionibacterium acidipropionici	1748	S	1247	806	2053	0.00026
Acidipropionibacterium jensenii	1749	S	1083	692	1775	0.00022
Propionibacterium acidifaciens	556499	S	1134	350	1484	0.00019
Auraticoccus monumenti	675864	S	2398	457	2855	0.00036
Raineyella fluvialis	2662261	S	1424	207	1631	0.00021
Kribbella flavida	182640	S	14257	3378	17635	0.00222
Kribbella qitaiheensis	1544730	S	11212	1818	13030	0.00164
Actinopolymorpha singaporensis	117157	S	7041	816	7857	0.00099
Actinomadura verrucosospora	46165	S	49875	14375	64250	0.00810
Actinomadura sp. NAK00032	2742128	S	15810	5315	21125	0.00266
Actinomadura sp. WMMA1423	2591108	S	13579	3836	17415	0.00220
Actinomadura sp. WMMB 499	1219491	S	9410	2203	11613	0.00146
Actinomadura madurae	1993	S	10573	2969	13542	0.00171
Actinomadura graeca	2750812	S	7347	1650	8997	0.00113
Thermomonospora amylolytica	1411117	S	5941	2238	8179	0.00103
Thermomonospora curvata	2020	S	3934	1210	5144	0.00065
Nonomuraea nitratireducens	2656914	S	10776	2443	13219	0.00167
Nonomuraea coxensis	404386	S	10432	3149	13581	0.00171
Nonomuraea sp. ATCC 55076	1909395	S	9193	3152	12345	0.00156
Nonomuraea gerenzanensis	93944	S	8478	3046	11524	0.00145
Streptosporangium roseum	2001	S	9926	2725	12651	0.00160
Streptosporangium sp. 'caverna'	2202249	S	9033	1963	10996	0.00139
Thermobispora bispora	2006	S	3863	912	4775	0.00060
Nocardiopsis sp. MT53	2865672	S	3324	836	4160	0.00052
Nocardiopsis sp. HDS12	2831968	S	1069	1111	2180	0.00027
Nocardiopsis gilva	280236	S	2556	550	3106	0.00039
Nocardiopsis alba	53437	S	1881	363	2244	0.00028
Nocardiopsis dassonvillei	2014	S	1871	1620	3491	0.00044
Thermobifida halotolerans	483545	S	1950	663	2613	0.00033
Thermobifida alba	53522	S	1947	810	2757	0.00035
Streptomonospora litoralis	2498135	S	2919	616	3535	0.00045
Spiractinospora alimapuensis	2820884	S	1884	130	2014	0.00025
Blastococcus sp. PRF04-17	2933797	S	14270	5208	19478	0.00246
Blastococcus saxobsidens	138336	S	11636	3813	15449	0.00195
Modestobacter marinus	477641	S	12263	4546	16809	0.00212
Modestobacter sp. L9-4	2851567	S	7542	3078	10620	0.00134
Geodermatophilus obscurus	1861	S	13090	4687	17777	0.00224
Frankia inefficax	298654	S	6997	868	7865	0.00099
Frankia sp. QA3	710111	S	2679	1073	3752	0.00047
Frankia sp. ArI3	1858	S	2075	1292	3367	0.00042
Candidatus Frankia datiscae	2716812	S	2569	502	3071	0.00039
Frankia casuarinae	106370	S	2401	260	2661	0.00034
Frankia alni	1859	S	2386	1519	3905	0.00049
Actinomyces radicidentis	111015	S	1193	2997	4190	0.00053
Jiangella sp. DSM 45060	1798224	S	5442	1567	7009	0.00088
Jiangella alkaliphila	419479	S	5122	1417	6539	0.00082
Nakamurella multipartita	53461	S	5948	1131	7079	0.00089
Nakamurella panacisegetis	1090615	S	2428	326	2754	0.00035
Nakamurella sp. PAMC28650	2762325	S	2225	229	2454	0.00031
Catenulispora acidiphila	304895	S	9665	1436	11101	0.00140
Jatrophihabitans telluris	2038343	S	3307	315	3622	0.00046
Jatrophihabitans sp. GAS493	1907575	S	3243	335	3578	0.00045
Stackebrandtia nassauensis	283811	S	2750	256	3006	0.00038
Kineococcus radiotolerans	131568	S	2760	781	3541	0.00045
Epidermidibacterium keratini	1891644	S	1767	832	2599	0.00033
Actinopolyspora erythraea	414996	S	1484	156	1640	0.00021
Acidothermus cellulolyticus	28049	S	1020	58	1078	0.00014
Conexibacter sp. SYSU D00693	2812560	S	21066	5428	26494	0.00334
Conexibacter sp. S30A1	2937800	S	9081	1030	10111	0.00128
Conexibacter sp. DBS9H8	2937801	S	8702	873	9575	0.00121
Conexibacter woesei	191495	S	26321	5143	31464	0.00397
Miltoncostaea marina	2843215	S	7439	1993	9432	0.00119
Miltoncostaea oceani	2843216	S	7417	1172	8589	0.00108
Baekduia soli	496014	S	23797	4029	27826	0.00351
Rubrobacter xylanophilus	49319	S	4327	604	4931	0.00062
Rubrobacter marinus	2653852	S	2701	237	2938	0.00037
Rubrobacter tropicus	2653851	S	2218	166	2384	0.00030
Rubrobacter radiotolerans	42256	S	1374	177	1551	0.00020
Aquihabitans sp. Kera 3	2884263	S	6323	1009	7332	0.00092
Aquihabitans sp. G128	2849779	S	5611	1107	6718	0.00085
Iamia sp. SCSIO 61187	2722752	S	5557	865	6422	0.00081
Actinomarinicola tropica	2789776	S	5433	1052	6485	0.00082
Ilumatobacter coccineus	467094	S	2607	162	2769	0.00035
Acidimicrobium ferrooxidans	53635	S	1052	85	1137	0.00014
Egibacter rhizosphaerae	1670831	S	2769	159	2928	0.00037
Egicoccus halophilus	1670830	S	2585	389	2974	0.00038
Euzebya pacifica	1608957	S	2580	205	2785	0.00035
Priestia megaterium	1404	S	22801	34227	57028	0.00719
Bacillus tequilensis	227866	S	1257	5967	7224	0.00091
Neobacillus drentensis	220684	S	7661	4658	12319	0.00155
Paenibacillus sp. JZ16	1906272	S	1519	2288	3807	0.00048
Paenibacillus sp. B01	2660554	S	1407	1870	3277	0.00041
Paenibacillus cellulositrophicus	562959	S	1889	532	2421	0.00031
Paenibacillus mucilaginosus	61624	S	1283	188	1471	0.00019
Paenibacillus albicereus	2726185	S	1184	1454	2638	0.00033
Thermobacillus composti	377615	S	1025	311	1336	0.00017
Alicyclobacillus acidocaldarius	405212	S	1215	163	1378	0.00017
Faecalibacterium prausnitzii	853	S	1080	2163	3243	0.00041
Thermaerobacter sp. FW80	2546351	S	1324	449	1773	0.00022
Thermaerobacter marianensis	73919	S	1172	416	1588	0.00020
Symbiobacterium thermophilum	2734	S	1612	266	1878	0.00024
Limnochorda pilosa	1555112	S	1543	81	1624	0.00020
Deinococcus actinosclerus	1768108	S	1206	1712	2918	0.00037
Deinococcus gobiensis	502394	S	1199	288	1487	0.00019
Deinococcus maricopensis	309887	S	1176	167	1343	0.00017
Deinococcus ficus	317577	S	1106	191	1297	0.00016
Deinococcus metallilatus	1211322	S	1100	243	1343	0.00017
Oceanithermus profundus	187137	S	1430	312	1742	0.00022
Truepera radiovictrix	332249	S	1249	98	1347	0.00017
Sphaerobacter thermophilus	2057	S	3876	283	4159	0.00052
Roseiflexus sp. RS-1	357808	S	1122	152	1274	0.00016
Roseiflexus castenholzii	120962	S	1113	145	1258	0.00016
Ktedonosporobacter rubrisoli	2509675	S	2921	101	3022	0.00038
Tepidiforma bonchosmolovskayae	2601677	S	2459	124	2583	0.00033
Candidatus Promineofilum breve	1806508	S	2281	55	2336	0.00029
Caldilinea aerophila	133453	S	1062	78	1140	0.00014
Fimbriimonas ginsengisoli	1005039	S	1292	9	1301	0.00016
Bradyrhizobium sp. 200	2782665	S	15417	4044	19461	0.00245
Bradyrhizobium sp. CCBAU 51753	1325100	S	13563	2986	16549	0.00209
Bradyrhizobium sp. 170	2782641	S	12715	3816	16531	0.00208
Bradyrhizobium sp. A19	2898149	S	11512	2057	13569	0.00171
Bradyrhizobium sp. BTAi1	288000	S	10587	1998	12585	0.00159
Bradyrhizobium sp. CCBAU 051011	858422	S	10364	2012	12376	0.00156
Bradyrhizobium sp. ORS 285	115808	S	10194	2458	12652	0.00160
Bradyrhizobium sp. ORS 278	114615	S	10142	2462	12604	0.00159
Bradyrhizobium sp. SK17	2057741	S	9248	3075	12323	0.00155
Bradyrhizobium sp. 186	2782654	S	8653	2675	11328	0.00143
Bradyrhizobium sp. CCBAU 53338	1325111	S	7920	3156	11076	0.00140
Bradyrhizobium sp. CCBAU 53421	1325120	S	7475	2456	9931	0.00125
Bradyrhizobium sp. CCBAU 53340	1325112	S	7267	2753	10020	0.00126
Bradyrhizobium sp. 195	2782662	S	5999	2366	8365	0.00105
Bradyrhizobium sp. CCBAU 53351	1325114	S	5992	2994	8986	0.00113
Bradyrhizobium sp. 1(2017)	1404888	S	5978	1953	7931	0.00100
Bradyrhizobium sp. 6(2017)	1197460	S	5434	2616	8050	0.00102
Bradyrhizobium sp. S2-11-2	2840472	S	5086	5170	10256	0.00129
Bradyrhizobium sp. S2-20-1	2840469	S	4369	4792	9161	0.00116
Bradyrhizobium sp. 41S5	1404443	S	4311	2946	7257	0.00092
Bradyrhizobium sp. CCGE-LA001	1223566	S	4240	1615	5855	0.00074
Bradyrhizobium sp. S2-11-4	2840473	S	4033	4884	8917	0.00112
Bradyrhizobium sp. I71	2590772	S	3567	4056	7623	0.00096
Bradyrhizobium sp. CCBAU 51765	1325102	S	3241	3739	6980	0.00088
Bradyrhizobium sp. 191	2782659	S	3195	4090	7285	0.00092
Bradyrhizobium sp. C-145	574727	S	2402	2282	4684	0.00059
Bradyrhizobium sp.	376	S	1823	5785	7608	0.00096
Bradyrhizobium sp. 40	2782674	S	1448	4357	5805	0.00073
Bradyrhizobium sp. 144S4	2823807	S	1407	3650	5057	0.00064
Bradyrhizobium sp. 4	2782678	S	1404	4783	6187	0.00078
Bradyrhizobium sp. 323S2	1404649	S	1335	3493	4828	0.00061
Bradyrhizobium sp. 192	2782660	S	1247	3085	4332	0.00055
Bradyrhizobium erythrophlei	1437360	S	53822	4126	57948	0.00731
Bradyrhizobium diazoefficiens	1355477	S	28037	51540	79577	0.01003
Bradyrhizobium lablabi	722472	S	14616	15490	30106	0.00380
Bradyrhizobium canariense	255045	S	14355	20934	35289	0.00445
Bradyrhizobium genosp. L	83637	S	10640	2019	12659	0.00160
Bradyrhizobium icense	1274631	S	9434	1232	10666	0.00135
Bradyrhizobium paxllaeri	190148	S	9116	1568	10684	0.00135
Bradyrhizobium guangzhouense	1325095	S	9046	3197	12243	0.00154
Bradyrhizobium oligotrophicum	44255	S	8936	1473	10409	0.00131
Bradyrhizobium japonicum	375	S	8659	11534	20193	0.00255
Bradyrhizobium arachidis	858423	S	8009	2131	10140	0.00128
Bradyrhizobium guangdongense	1325090	S	7589	2708	10297	0.00130
Bradyrhizobium genosp. B	83627	S	6669	1329	7998	0.00101
Bradyrhizobium quebecense	2748629	S	6054	3174	9228	0.00116
Bradyrhizobium cosmicum	1404864	S	5771	1752	7523	0.00095
Bradyrhizobium vignae	1549949	S	5233	1148	6381	0.00080
Bradyrhizobium guangxiense	1325115	S	5002	2023	7025	0.00089
Bradyrhizobium septentrionale	1404411	S	4901	2764	7665	0.00097
Bradyrhizobium betae	244734	S	3962	2024	5986	0.00075
Bradyrhizobium symbiodeficiens	1404367	S	3904	5428	9332	0.00118
Bradyrhizobium amphicarpaeae	1404768	S	3752	1450	5202	0.00066
Bradyrhizobium daqingense	993502	S	3458	1734	5192	0.00065
Bradyrhizobium zhanjiangense	1325107	S	2039	1888	3927	0.00050
Bradyrhizobium elkanii	29448	S	1807	5370	7177	0.00091
Bradyrhizobium ottawaense	931866	S	1200	6869	8069	0.00102
Nitrobacter hamburgensis	912	S	25479	3909	29388	0.00371
Nitrobacter winogradskyi	913	S	7008	1092	8100	0.00102
Rhodopseudomonas palustris	1076	S	21355	7552	28907	0.00365
Rhodopseudomonas sp. SK50-23	340268	S	3328	677	4005	0.00051
Rhodopseudomonas boonkerdii	475937	S	3190	807	3997	0.00050
Afipia carboxidovorans	40137	S	6104	1149	7253	0.00091
Afipia sp. GAS231	1882747	S	4768	2994	7762	0.00098
Tardiphaga sp. 37S4	1404741	S	1830	6156	7986	0.00101
Tardiphaga robiniae	943830	S	1765	1231	2996	0.00038
Variibacter gotjawalensis	1333996	S	4645	350	4995	0.00063
Mesorhizobium sp. B2-8-5	2589903	S	7796	2601	10397	0.00131
Mesorhizobium sp. J8	2777475	S	5888	1918	7806	0.00098
Mesorhizobium sp. M2A.F.Ca.ET.043.05.1.1	2493671	S	3261	2978	6239	0.00079
Mesorhizobium sp. 8	2584466	S	3003	680	3683	0.00046
Mesorhizobium sp. B2-1-1	2589974	S	2699	608	3307	0.00042
Mesorhizobium sp. B1-1-8	2589976	S	2474	614	3088	0.00039
Mesorhizobium sp. M1B.F.Ca.ET.045.04.1.1	2493673	S	2437	961	3398	0.00043
Mesorhizobium sp. M1E.F.Ca.ET.045.02.1.1	2493672	S	2416	1251	3667	0.00046
Mesorhizobium sp. M1D.F.Ca.ET.043.01.1.1	2493669	S	2270	1422	3692	0.00047
Mesorhizobium sp. M3A.F.Ca.ET.080.04.2.1	2493676	S	2128	654	2782	0.00035
Mesorhizobium sp. M1A.F.Ca.IN.022.06.1.1	2493680	S	2027	669	2696	0.00034
Mesorhizobium sp. 131-2-1	2744518	S	1946	1063	3009	0.00038
Mesorhizobium sp. Pch-S	2082387	S	1849	241	2090	0.00026
Mesorhizobium sp. INR15	2654248	S	1770	250	2020	0.00025
Mesorhizobium sp. PAMC28654	2880934	S	1710	315	2025	0.00026
Mesorhizobium sp. DCY119	2108445	S	1659	361	2020	0.00025
Mesorhizobium sp. M4B.F.Ca.ET.058.02.1.1	2493675	S	1644	712	2356	0.00030
Mesorhizobium sp. M2A.F.Ca.ET.043.02.1.1	2493670	S	1437	4016	5453	0.00069
Mesorhizobium sp. M2A.F.Ca.ET.046.03.2.1	2493674	S	1424	4186	5610	0.00071
Mesorhizobium sp. B2-1-8	2589967	S	1370	428	1798	0.00023
Mesorhizobium sp. B4-1-4	2589888	S	1292	312	1604	0.00020
Mesorhizobium sp. L-2-11	2744521	S	1232	481	1713	0.00022
Mesorhizobium sp. M7D.F.Ca.US.005.01.1.1	2493678	S	1214	432	1646	0.00021
Mesorhizobium sp. M9A.F.Ca.ET.002.03.1.2	2493668	S	1206	579	1785	0.00023
Mesorhizobium sp. M6A.T.Cr.TU.016.01.1.1	2493677	S	1150	396	1546	0.00019
Mesorhizobium sp. M8A.F.Ca.ET.057.01.1.1	2493679	S	1078	425	1503	0.00019
Mesorhizobium sp. 113-3-3	2744516	S	1063	618	1681	0.00021
Mesorhizobium sp. NZP2077	2483404	S	1030	353	1383	0.00017
Mesorhizobium sp. 113-1-2	2744515	S	1025	535	1560	0.00020
Mesorhizobium terrae	2725666	S	2013	606	2619	0.00033
Mesorhizobium opportunistum	593909	S	1843	772	2615	0.00033
Mesorhizobium amorphae	71433	S	1505	347	1852	0.00023
Mesorhizobium loti	381	S	1487	14191	15678	0.00198
Mesorhizobium huakuii	28104	S	1091	1064	2155	0.00027
Mesorhizobium australicum	536018	S	1028	331	1359	0.00017
Mesorhizobium erdmanii	1777866	S	1014	292	1306	0.00016
Aquibium microcysteis	675281	S	2865	777	3642	0.00046
Aquibium oceanicum	1670800	S	2129	476	2605	0.00033
Aminobacter sp. MSH1	374606	S	1611	2747	4358	0.00055
Nitratireductor sp. SY7	2599600	S	1917	396	2313	0.00029
Roseitalea porphyridii	1852022	S	1639	268	1907	0.00024
Oricola thermophila	2742145	S	1229	164	1393	0.00018
Rhizobium sp. BG4	2613770	S	2390	670	3060	0.00039
Rhizobium sp. 11515TR	2028343	S	1584	2244	3828	0.00048
Rhizobium sp. AB2/73	2795216	S	1446	2870	4316	0.00054
Rhizobium sp. WYJ-E13	2849093	S	1185	246	1431	0.00018
Rhizobium sp. NXC24	2048897	S	1076	287	1363	0.00017
Rhizobium leguminosarum	384	S	5811	14445	20256	0.00255
Rhizobium etli	29449	S	1483	3246	4729	0.00060
Rhizobium tropici	398	S	1355	576	1931	0.00024
Rhizobium jaguaris	1312183	S	1347	206	1553	0.00020
Rhizobium pseudoryzae	379684	S	1018	247	1265	0.00016
Agrobacterium tumefaciens	358	S	2959	5750	8709	0.00110
Agrobacterium vitis	373	S	1862	280	2142	0.00027
Neorhizobium galegae	399	S	3108	975	4083	0.00051
Sinorhizobium fredii	380	S	3181	4701	7882	0.00099
Sinorhizobium meliloti	382	S	2392	1086	3478	0.00044
Sinorhizobium sp. BG8	2613773	S	1053	191	1244	0.00016
Sinorhizobium americanum	194963	S	1148	456	1604	0.00020
Sinorhizobium medicae	110321	S	1074	162	1236	0.00016
Ensifer adhaerens	106592	S	2863	2470	5333	0.00067
Ensifer mexicanus	375549	S	1524	255	1779	0.00022
Ensifer alkalisoli	1752398	S	1028	235	1263	0.00016
Shinella sp. HZN7	879274	S	1825	1753	3578	0.00045
Shinella sp. PSBB067	2715959	S	1454	1268	2722	0.00034
Shinella sp. XGS7	2877941	S	1324	1413	2737	0.00035
Shinella zoogloeoides	352475	S	1639	2462	4101	0.00052
Ciceribacter thiooxidans	1969821	S	1178	265	1443	0.00018
Georhizobium profundi	2341112	S	1058	226	1284	0.00016
Methylobacterium sp. WL1	2603276	S	2243	615	2858	0.00036
Methylobacterium sp. 17Sr1-1	2202826	S	2139	1531	3670	0.00046
Methylobacterium aquaticum	270351	S	4361	2890	7251	0.00091
Methylobacterium nodulans	114616	S	4288	618	4906	0.00062
Methylobacterium currus	2051553	S	2851	1734	4585	0.00058
Methylobacterium durans	2202825	S	2849	456	3305	0.00042
Methylobacterium tardum	374432	S	2606	1440	4046	0.00051
Methylobacterium radiodurans	2202828	S	2558	711	3269	0.00041
Methylobacterium organophilum	410	S	2385	2266	4651	0.00059
Methylobacterium mesophilicum	39956	S	2283	707	2990	0.00038
Methylobacterium terrae	2202827	S	2275	1569	3844	0.00048
Methylobacterium brachiatum	269660	S	2241	1023	3264	0.00041
Methylobacterium oryzae	334852	S	1950	5494	7444	0.00094
Methylobacterium indicum	1775910	S	1928	1491	3419	0.00043
Microvirga sp. VF16	2807101	S	3620	579	4199	0.00053
Microvirga sp. 17 mud 1-3	2082949	S	2662	576	3238	0.00041
Microvirga ossetica	1882682	S	4251	774	5025	0.00063
Microvirga thermotolerans	2651334	S	3000	855	3855	0.00049
Methylorubrum populi	223967	S	3935	1737	5672	0.00072
Methylorubrum extorquens	408	S	3061	4934	7995	0.00101
Methylorubrum sp. B1-46	2897334	S	1364	536	1900	0.00024
Rhodoplanes sp. Z2-YC6860	674703	S	44318	4116	48434	0.00611
Hyphomicrobium denitrificans	53399	S	9569	834	10403	0.00131
Hyphomicrobium sp. MC1	717785	S	2596	150	2746	0.00035
Hyphomicrobium nitrativorans	1427356	S	1670	134	1804	0.00023
Methyloceanibacter caenitepidi	1384459	S	1042	210	1252	0.00016
Methyloceanibacter sp. wino2	2170729	S	1042	225	1267	0.00016
Aquabacter sp. L1I39	2820278	S	1987	315	2302	0.00029
Methyloligella sp. GL2	2742204	S	1623	186	1809	0.00023
Rhodomicrobium vannielii	1069	S	1447	97	1544	0.00019
Pseudolabrys taiwanensis	331696	S	21597	3710	25307	0.00319
Pseudolabrys sp. FHR47	2562284	S	12995	2369	15364	0.00194
Starkeya sp. ORNL1	2709380	S	4218	857	5075	0.00064
Starkeya novella	921	S	3197	1205	4402	0.00056
Xanthobacter dioxanivorans	2528964	S	3274	1158	4432	0.00056
Xanthobacter sp. YC-JY1	2419844	S	1116	1166	2282	0.00029
Xanthobacter autotrophicus	280	S	1008	1142	2150	0.00027
Ancylobacter polymorphus	223390	S	2481	1243	3724	0.00047
Ancylobacter sp. TS-1	1850374	S	2407	1004	3411	0.00043
Ancylobacter pratisalsi	1745854	S	2016	452	2468	0.00031
Labrys sp. KNU-23	2789216	S	5916	609	6525	0.00082
Azorhizobium caulinodans	7	S	2491	528	3019	0.00038
Bosea sp. AS-1	2015316	S	5783	1591	7374	0.00093
Bosea sp. Tri-49	1867715	S	3158	653	3811	0.00048
Bosea sp. F3-2	2599640	S	3060	856	3916	0.00049
Bosea sp. RAC05	1842539	S	2944	850	3794	0.00048
Bosea sp. ANAM02	2020412	S	2936	940	3876	0.00049
Bosea sp. PAMC 26642	1792307	S	2182	414	2596	0.00033
Bosea vaviloviae	1526658	S	2691	596	3287	0.00041
Devosia sp. A16	1736675	S	4716	602	5318	0.00067
Devosia sp. JXJ CY 41	2917991	S	1338	280	1618	0.00020
Devosia sp. SL43	2806348	S	1318	278	1596	0.00020
Devosia sp. 1566	2499144	S	1071	132	1203	0.00015
Devosia ginsengisoli	400770	S	1453	310	1763	0.00022
Devosia beringensis	2657486	S	1299	222	1521	0.00019
Devosia salina	2860336	S	1225	499	1724	0.00022
Devosia oryziradicis	2801335	S	1196	260	1456	0.00018
Devosia rhizoryzae	2774137	S	1082	128	1210	0.00015
Youhaiella tibetensis	1447062	S	2050	521	2571	0.00032
Paradevosia shaoguanensis	1335043	S	1977	803	2780	0.00035
Aureimonas sp. SA4125	2826993	S	2018	373	2391	0.00030
Aureimonas sp. AU20	1349819	S	1962	282	2244	0.00028
Aureimonas populi	1701758	S	1542	308	1850	0.00023
Aureimonas mangrovi	2758041	S	1453	315	1768	0.00022
Aureimonas altamirensis	370622	S	1116	484	1600	0.00020
Martelella mediterranea	293089	S	1095	890	1985	0.00025
Martelella endophytica	1486262	S	1000	327	1327	0.00017
Aurantimonas sp. HBX-1	2906072	S	2470	720	3190	0.00040
Methylocystis parvus	134	S	1720	211	1931	0.00024
Methylocystis bryophila	655015	S	1661	172	1833	0.00023
Methylocystis heyeri	391905	S	1623	189	1812	0.00023
Methylocystis sp. SC2	187303	S	1040	412	1452	0.00018
Methylocystis rosea	173366	S	1050	1316	2366	0.00030
Methylosinus trichosporium	426	S	2227	458	2685	0.00034
Methylosinus sp. C49	2699395	S	1872	377	2249	0.00028
Pseudorhodoplanes sinuspersici	1235591	S	6211	439	6650	0.00084
Nordella sp. HKS 07	2712222	S	3835	208	4043	0.00051
Terrihabitans soli	708113	S	1583	173	1756	0.00022
Phreatobacter stygius	1940610	S	4389	638	5027	0.00063
Phreatobacter cathodiphilus	1868589	S	3369	974	4343	0.00055
Phreatobacter sp. NMCR1094	2570229	S	2581	473	3054	0.00039
Stappia indica	538381	S	2440	578	3018	0.00038
Stappia sp. ES.058	1881061	S	1309	166	1475	0.00019
Roseibium aggregatum	187304	S	1554	240	1794	0.00023
Pannonibacter phragmitetus	121719	S	1867	1264	3131	0.00039
Methylocella silvestris	199596	S	1810	213	2023	0.00026
Methylocella tundrae	227605	S	1525	154	1679	0.00021
Methylovirgula ligni	569860	S	1578	183	1761	0.00022
Methylovirgula sp. HY1	2822761	S	1284	77	1361	0.00017
Blastochloris tepida	2233851	S	3308	1115	4423	0.00056
Blastochloris viridis	1079	S	2778	767	3545	0.00045
Kaustia mangrovi	2593653	S	2779	270	3049	0.00038
Parvibaculum lavamentivorans	256618	S	1503	1128	2631	0.00033
Pyruvatibacter mobilis	1712261	S	1094	138	1232	0.00016
Chelatococcus sp. CO-6	1702325	S	2632	1547	4179	0.00053
Chelatococcus daeguensis	444444	S	1474	869	2343	0.00030
Kaistia sp. 32K	2795690	S	3633	886	4519	0.00057
Acuticoccus sp. I52.16.1	2928472	S	3268	368	3636	0.00046
Hartmannibacter diazotrophicus	1482074	S	2018	351	2369	0.00030
Breoghania sp. L-A4	2304600	S	2013	264	2277	0.00029
Sphingomonas sp. DM2-R-LB4	2899123	S	2434	1103	3537	0.00045
Sphingomonas sp. CL5.1	2653203	S	2217	907	3124	0.00039
Sphingomonas sp. AK-PDB1-5	2872652	S	2084	414	2498	0.00032
Sphingomonas sp. S8-45	2938948	S	1970	305	2275	0.00029
Sphingomonas sp. AP4-R1	2735134	S	1791	275	2066	0.00026
Sphingomonas sp. Cra20	1327635	S	1714	307	2021	0.00025
Sphingomonas sp. MM-1	745310	S	1658	2877	4535	0.00057
Sphingomonas sp. AAP5	1523415	S	1585	480	2065	0.00026
Sphingomonas sp. LM7	1938607	S	1505	373	1878	0.00024
Sphingomonas sp. HDW15A	2714942	S	1464	151	1615	0.00020
Sphingomonas sp. FARSPH	2219696	S	1457	1466	2923	0.00037
Sphingomonas sp. NBWT7	2596913	S	1434	630	2064	0.00026
Sphingomonas sp. S2-65	2903960	S	1310	319	1629	0.00021
Sphingomonas sp. HMP9	1517554	S	1214	544	1758	0.00022
Sphingomonas sp. PAMC26645	2565555	S	1194	402	1596	0.00020
Sphingomonas lutea	1045317	S	4881	834	5715	0.00072
Sphingomonas sediminicola	386874	S	3400	438	3838	0.00048
Sphingomonas daechungensis	1176646	S	3345	435	3780	0.00048
Sphingomonas sabuli	2764186	S	2990	483	3473	0.00044
Sphingomonas alpina	653931	S	2805	313	3118	0.00039
Sphingomonas ginsengisoli An et al. 2013	363835	S	2802	506	3308	0.00042
Sphingomonas sinipercae	2714944	S	2664	472	3136	0.00040
Sphingomonas sanxanigenens	397260	S	2347	1465	3812	0.00048
Sphingomonas profundi	2681549	S	2333	492	2825	0.00036
Sphingomonas piscis	2714943	S	2112	256	2368	0.00030
Sphingomonas rhizophila	2071607	S	1938	673	2611	0.00033
Sphingomonas panacis	1560345	S	1780	353	2133	0.00027
Sphingomonas hengshuiensis	1609977	S	1745	308	2053	0.00026
Sphingomonas taxi	1549858	S	1675	718	2393	0.00030
Sphingomonas panacisoli	1813879	S	1499	274	1773	0.00022
Sphingomonas koreensis	93064	S	1480	1524	3004	0.00038
Sphingomonas radiodurans	2890321	S	1310	232	1542	0.00019
Sphingomonas xanthus	2594473	S	1288	394	1682	0.00021
Sphingomonas changnyeongensis	2698679	S	1283	325	1608	0.00020
Sphingomonas insulae	424800	S	1180	466	1646	0.00021
Sphingomonas suaedae	2599297	S	1149	202	1351	0.00017
Sphingomonas paucimobilis	13689	S	1108	1000	2108	0.00027
Sphingomonas aliaeris	2759526	S	1075	180	1255	0.00016
Sphingobium sp. TKS	1315974	S	1615	3355	4970	0.00063
Sphingobium sp. SYK-6	627192	S	1308	491	1799	0.00023
Sphingobium yanoikuyae	13690	S	1665	5704	7369	0.00093
Sphingobium indicum	332055	S	1054	1301	2355	0.00030
Sphingopyxis sp. QXT-31	1357916	S	1349	553	1902	0.00024
Sphingopyxis sp. YF1	2482763	S	1341	442	1783	0.00022
Sphingopyxis sp. OPL5	2486273	S	1339	373	1712	0.00022
Sphingopyxis sp. PAMC25046	2565556	S	1334	1155	2489	0.00031
Sphingopyxis sp. BSN-002	2911495	S	1203	319	1522	0.00019
Sphingopyxis macrogoltabida	33050	S	2512	2150	4662	0.00059
Sphingopyxis lindanitolerans	2054227	S	1398	1109	2507	0.00032
Sphingopyxis terrae	33052	S	1359	1376	2735	0.00034
Sphingopyxis fribergensis	1515612	S	1035	812	1847	0.00023
Novosphingobium sp. Sx8-5	2896849	S	2111	665	2776	0.00035
Novosphingobium sp. P6W	1609758	S	1591	437	2028	0.00026
Novosphingobium sp. EMRT-2	2571749	S	1523	1265	2788	0.00035
Novosphingobium sp. Gsoil 351	2675225	S	1500	177	1677	0.00021
Novosphingobium resinovorum	158500	S	2234	1677	3911	0.00049
Novosphingobium decolorationis	2698673	S	1330	1026	2356	0.00030
Novosphingobium aromaticivorans	48935	S	1167	1033	2200	0.00028
Rhizorhabdus wittichii	160791	S	2978	2185	5163	0.00065
Rhizorhabdus dicambivorans	1850238	S	1686	1684	3370	0.00042
Rhizorhabdus phycosphaerae	2711156	S	1314	186	1500	0.00019
Sphingosinithalassobacter sp. CS137	2762748	S	1336	371	1707	0.00022
Sphingosinithalassobacter tenebrarum	2711215	S	1090	480	1570	0.00020
Allosphingosinicella indica	941907	S	1619	255	1874	0.00024
Parasphingopyxis algicola	2026624	S	1149	95	1244	0.00016
Hankyongella ginsenosidimutans	1763828	S	1047	264	1311	0.00017
Erythrobacter sp. HL-111	1798193	S	1049	769	1818	0.00023
Erythrobacter litoralis	39960	S	1392	982	2374	0.00030
Porphyrobacter sp. CACIAM 03H1	2003315	S	1069	509	1578	0.00020
Qipengyuania flava	192812	S	1509	1786	3295	0.00042
Croceicoccus marinus	450378	S	1359	1234	2593	0.00033
Altererythrobacter sp. B11	2060312	S	1095	867	1962	0.00025
Sphingosinicella sp. BN140058	1892855	S	2319	274	2593	0.00033
Sphingosinicella microcystinivorans	335406	S	1165	197	1362	0.00017
Sandaracinobacter sp. M6	2759707	S	1198	100	1298	0.00016
Roseomonas sp. OT10	2897332	S	3835	1131	4966	0.00063
Roseomonas sp. S08	1750527	S	3731	278	4009	0.00051
Roseomonas gilardii	257708	S	3169	3758	6927	0.00087
Roseomonas haemaphysalidis	2768162	S	2714	409	3123	0.00039
Roseomonas marmotae	2768161	S	2375	374	2749	0.00035
Rhodovastum atsumiense	504468	S	6006	728	6734	0.00085
Komagataeibacter xylinus	28448	S	1088	2976	4064	0.00051
Acidibrevibacterium fodinaquatile	1969806	S	2523	250	2773	0.00035
Roseococcus microcysteis	2771361	S	2489	287	2776	0.00035
Lichenicola cladoniae	1484109	S	2385	140	2525	0.00032
Sediminicoccus rosea	1225128	S	2058	132	2190	0.00028
Gluconacetobacter diazotrophicus	33996	S	1521	474	1995	0.00025
Granulibacter bethesdensis	364410	S	1196	134	1330	0.00017
Azospirillum sp. B510	137722	S	1730	641	2371	0.00030
Azospirillum sp. TSH100	652764	S	1538	704	2242	0.00028
Azospirillum sp. TSA2s	709810	S	1402	1063	2465	0.00031
Azospirillum sp. TSH58	664962	S	1090	1448	2538	0.00032
Azospirillum brasilense	192	S	5395	4731	10126	0.00128
Azospirillum thermophilum	2202148	S	3626	856	4482	0.00057
Azospirillum thiophilum	528244	S	2215	733	2948	0.00037
Azospirillum ramasamyi	682998	S	1332	775	2107	0.00027
Azospirillum lipoferum	193	S	1105	817	1922	0.00024
Azospirillum humicireducens	1226968	S	1103	644	1747	0.00022
Azospirillum oryzae	286727	S	1094	946	2040	0.00026
Skermanella mucosa	1789672	S	1670	1135	2805	0.00035
Skermanella sp. TT6	2775420	S	1593	1598	3191	0.00040
Skermanella rosea	1817965	S	1580	1406	2986	0.00038
Skermanella pratensis	2233999	S	1411	768	2179	0.00027
Nitrospirillum amazonense	28077	S	2822	338	3160	0.00040
Indioceanicola profundi	2220096	S	1832	259	2091	0.00026
Niveispirillum cyanobacteriorum	1612173	S	1070	118	1188	0.00015
Hypericibacter terrae	2602015	S	6152	728	6880	0.00087
Hypericibacter adhaerens	2602016	S	5309	820	6129	0.00077
Magnetospirillum sp. XM-1	1663591	S	1136	364	1500	0.00019
Magnetospirillum sp. ME-1	1639348	S	1105	383	1488	0.00019
Magnetospirillum gryphiswaldense	55518	S	1429	133310	134739	0.01699
Magnetospirillum magneticum	84159	S	1295	150	1445	0.00018
Rhodospirillum centenum	34018	S	2354	353	2707	0.00034
Rhodospirillum rubrum	1085	S	1354	205	1559	0.00020
Tistrella mobilis	171437	S	2756	1375	4131	0.00052
Ferrovibrio terrae	2594003	S	1930	129	2059	0.00026
Defluviicoccus vanus	111831	S	1343	127	1470	0.00019
Stella humosa	94	S	5381	398	5779	0.00073
Elioraea tepida	2843330	S	2620	145	2765	0.00035
Paracoccus sanguinis	1545044	S	1315	485	1800	0.00023
Paracoccus denitrificans	266	S	1130	867	1997	0.00025
Paracoccus yeei	147645	S	1090	2853	3943	0.00050
Paracoccus liaowanqingii	2560053	S	1070	178	1248	0.00016
Rhodobacter sp. CZR27	2033869	S	1172	475	1647	0.00021
Rhodobacter sp. N10	2807096	S	1027	162	1189	0.00015
Rhodobacter capsulatus	1061	S	1355	359	1714	0.00022
Cereibacter sphaeroides	1063	S	3109	2293	5402	0.00068
Rhodovulum sulfidophilum	35806	S	1007	824	1831	0.00023
Polymorphum gilvum	991904	S	2136	562	2698	0.00034
Paroceanicella profunda	2579971	S	1953	828	2781	0.00035
Pikeienuella piscinae	2748098	S	1326	145	1471	0.00019
Pontivivens ytuae	2789856	S	1298	130	1428	0.00018
Pelagovum pacificum	2588711	S	1123	193	1316	0.00017
Silicimonas algicola	1826607	S	1072	88	1160	0.00015
Frigidibacter mobilis	1335048	S	1043	586	1629	0.00021
Roseovarius indicus	540747	S	1247	1035	2282	0.00029
Salipiger profundus	1229727	S	1377	1087	2464	0.00031
Salipiger abyssi	1250539	S	1121	751	1872	0.00024
Roseivivax marinus	1379903	S	1264	359	1623	0.00020
Celeribacter indicus	1208324	S	1119	993	2112	0.00027
Yangia pacifica	311180	S	1216	349	1565	0.00020
Sagittula sp. P11	2009329	S	1178	933	2111	0.00027
Caulobacter sp. S6	2823693	S	4421	518	4939	0.00062
Caulobacter sp. FWC26	69665	S	1322	555	1877	0.00024
Caulobacter segnis	88688	S	4602	1600	6202	0.00078
Caulobacter mirabilis	69666	S	3312	649	3961	0.00050
Caulobacter rhizosphaerae	2010972	S	3005	844	3849	0.00049
Caulobacter soli	2708539	S	2967	909	3876	0.00049
Caulobacter flavus	1679497	S	2956	823	3779	0.00048
Caulobacter vibrioides	155892	S	2934	1775	4709	0.00059
Caulobacter henricii	69395	S	1231	208	1439	0.00018
Brevundimonas sp. PAMC22021	2861285	S	1059	1166	2225	0.00028
Brevundimonas sp. LM2	1938605	S	1053	756	1809	0.00023
Brevundimonas naejangsanensis	588932	S	1803	2030	3833	0.00048
Brevundimonas albigilva	1312364	S	1261	1673	2934	0.00037
Brevundimonas goettingensis	2774190	S	1247	453	1700	0.00021
Phenylobacterium zucineum	284016	S	7542	1642	9184	0.00116
Phenylobacterium parvum	2201350	S	2001	240	2241	0.00028
Asticcacaulis excentricus	78587	S	1064	256	1320	0.00017
Terricaulis silvestris	2686094	S	1298	47	1345	0.00017
Marinicauda algicola	2029849	S	1538	275	1813	0.00023
Burkholderia ubonensis	101571	S	4288	2681	6969	0.00088
Burkholderia multivorans	87883	S	4272	15970	20242	0.00255
Burkholderia cenocepacia	95486	S	3826	12445	16271	0.00205
Burkholderia cepacia	292	S	3041	20190	23231	0.00293
Burkholderia anthina	179879	S	2859	2911	5770	0.00073
Burkholderia pyrrocinia	60550	S	1982	1136	3118	0.00039
Burkholderia contaminans	488447	S	1693	1065	2758	0.00035
Burkholderia ambifaria	152480	S	1642	1555	3197	0.00040
Burkholderia stabilis	95485	S	1447	1072	2519	0.00032
Burkholderia lata	482957	S	1410	1237	2647	0.00033
Burkholderia stagnalis	1503054	S	1395	495	1890	0.00024
Burkholderia dolosa	152500	S	1227	991	2218	0.00028
Burkholderia territorii	1503055	S	1104	556	1660	0.00021
Burkholderia pseudomallei	28450	S	1963	15922	17885	0.00226
Burkholderia thailandensis	57975	S	1387	1226	2613	0.00033
Burkholderia mayonis	1385591	S	1372	339	1711	0.00022
Burkholderia sp. DHOD12	2571746	S	2082	820	2902	0.00037
Burkholderia sp. Bp7605	1740163	S	1169	799	1968	0.00025
Burkholderia gladioli	28095	S	5043	1724	6767	0.00085
Burkholderia glumae	337	S	1886	12882	14768	0.00186
Burkholderia plantarii	41899	S	1391	578	1969	0.00025
Burkholderia perseverans	2615214	S	1201	537	1738	0.00022
Paraburkholderia sp. SOS3	1926494	S	1539	307	1846	0.00023
Paraburkholderia graminis	60548	S	3237	918	4155	0.00052
Paraburkholderia aromaticivorans	2026199	S	2239	1142	3381	0.00043
Paraburkholderia pallida	2547399	S	2200	450	2650	0.00033
Paraburkholderia caribensis	75105	S	2029	1832	3861	0.00049
Paraburkholderia acidisoli	2571748	S	1967	394	2361	0.00030
Paraburkholderia tropica	92647	S	1892	473	2365	0.00030
Paraburkholderia edwinii	2861782	S	1772	274	2046	0.00026
Paraburkholderia acidiphila	2571747	S	1670	367	2037	0.00026
Paraburkholderia phytofirmans	261302	S	1640	794	2434	0.00031
Paraburkholderia atlantica	2654982	S	1494	415	1909	0.00024
Paraburkholderia phymatum	148447	S	1470	440	1910	0.00024
Paraburkholderia sprentiae	948107	S	1440	361	1801	0.00023
Paraburkholderia terricola	169427	S	1437	494	1931	0.00024
Paraburkholderia fungorum	134537	S	1343	367	1710	0.00022
Paraburkholderia caledonica	134536	S	1276	266	1542	0.00019
Paraburkholderia megapolitana	420953	S	1255	132	1387	0.00017
Paraburkholderia phenoliruptrix	252970	S	1235	416	1651	0.00021
Paraburkholderia ginsengisoli	311231	S	1219	428	1647	0.00021
Paraburkholderia terrae	311230	S	1130	1579	2709	0.00034
Paraburkholderia xenovorans	36873	S	1015	1522	2537	0.00032
Cupriavidus taiwanensis	164546	S	6851	8401	15252	0.00192
Cupriavidus pauculus	82633	S	6004	3038	9042	0.00114
Cupriavidus basilensis	68895	S	3413	2036	5449	0.00069
Cupriavidus sp. EM10	2839983	S	1824	1462	3286	0.00041
Cupriavidus campinensis	151783	S	3030	1367	4397	0.00055
Cupriavidus necator	106590	S	2880	3915	6795	0.00086
Cupriavidus oxalaticus	96344	S	2855	1581	4436	0.00056
Cupriavidus metallidurans	119219	S	2065	15956	18021	0.00227
Cupriavidus pinatubonensis	248026	S	1716	345	2061	0.00026
Ralstonia solanacearum	305	S	4473	15475	19948	0.00252
Ralstonia sp. 56D2	2842456	S	4415	680	5095	0.00064
Ralstonia pickettii	329	S	1519	606	2125	0.00027
Ralstonia insidiosa	190721	S	1418	1157	2575	0.00032
Pandoraea sp. XY-2	2518599	S	2704	1978	4682	0.00059
Pandoraea pnomenusa	93220	S	1635	1165	2800	0.00035
Pandoraea thiooxydans	445709	S	1267	121	1388	0.00018
Pandoraea pulmonicola	93221	S	1240	468	1708	0.00022
Caballeronia sp. Lep1P3	2878150	S	1463	2100	3563	0.00045
Caballeronia sp. TF1N1	2878153	S	1257	525	1782	0.00022
Caballeronia zhejiangensis	871203	S	2173	532	2705	0.00034
Caballeronia grimmiae	1071679	S	2036	1148	3184	0.00040
Caballeronia insecticola	758793	S	1920	421	2341	0.00030
Variovorax sp. HW608	1034889	S	3956	750	4706	0.00059
Variovorax sp. PBS-H4	434008	S	2336	1758	4094	0.00052
Variovorax sp. PBL-H6	434009	S	1940	2100	4040	0.00051
Variovorax sp. RA8	662548	S	1934	1745	3679	0.00046
Variovorax sp. WDL1	207745	S	1895	3402	5297	0.00067
Variovorax sp. RKNM96	2681552	S	1779	739	2518	0.00032
Variovorax sp. SRS16	282217	S	1770	4348	6118	0.00077
Variovorax sp. PAMC 28711	1795631	S	1708	328	2036	0.00026
Variovorax sp. PAMC26660	2762322	S	1594	440	2034	0.00026
Variovorax sp. PAMC28562	2762323	S	1328	130	1458	0.00018
Variovorax sp. PBL-E5	434014	S	1162	3308	4470	0.00056
Variovorax sp. 38R	2774875	S	1039	1465	2504	0.00032
Variovorax paradoxus	34073	S	8660	8464	17124	0.00216
Variovorax boronicumulans	436515	S	1327	1052	2379	0.00030
Hydrogenophaga sp. BA0156	2716225	S	2023	1734	3757	0.00047
Hydrogenophaga sp. YM1	2806262	S	1844	1116	2960	0.00037
Hydrogenophaga sp. BPS33	2651974	S	1796	1777	3573	0.00045
Hydrogenophaga sp. PBC	795665	S	1648	2320	3968	0.00050
Hydrogenophaga sp. SL48	2806347	S	1450	788	2238	0.00028
Hydrogenophaga sp. PBL-H3	434010	S	1035	1162	2197	0.00028
Hydrogenophaga sp. RAC07	1842537	S	1026	430	1456	0.00018
Hydrogenophaga taeniospiralis	65656	S	1169	994	2163	0.00027
Acidovorax sp. YS12	2738413	S	1301	1557	2858	0.00036
Acidovorax avenae	80867	S	2789	2904	5693	0.00072
Acidovorax monticola	1926868	S	1539	751	2290	0.00029
Acidovorax antarcticus	2743470	S	1436	1307	2743	0.00035
Comamonas aquatica	225991	S	1311	2673	3984	0.00050
Comamonas serinivorans	1082851	S	1296	509	1805	0.00023
Ramlibacter tataouinensis	94132	S	9937	4459	14396	0.00182
Rhodoferax koreense	1842727	S	2672	1676	4348	0.00055
Rhodoferax sp. BAB1	2741720	S	1361	441	1802	0.00023
Rhodoferax sediminis	2509614	S	1969	361	2330	0.00029
Diaphorobacter ruginosibacter	1715720	S	1123	1186	2309	0.00029
Schlegelella thermodepolymerans	215580	S	2624	1421	4045	0.00051
Schlegelella brevitalea	413882	S	2588	416	3004	0.00038
Delftia tsuruhatensis	180282	S	1071	3168	4239	0.00053
Delftia acidovorans	80866	S	1025	7567	8592	0.00108
Polaromonas sp. JS666	296591	S	1271	1358	2629	0.00033
Polaromonas naphthalenivorans	216465	S	1152	195	1347	0.00017
Kinneretia sp. DAIF2	2714952	S	2566	1036	3602	0.00045
Ottowia sp. 27C	2816950	S	1211	269	1480	0.00019
Ottowia oryzae	2109914	S	1009	251	1260	0.00016
Alicycliphilus denitrificans	179636	S	2487	4994	7481	0.00094
Melaminivora sp. SC2-9	2109913	S	1198	1725	2923	0.00037
Verminephrobacter eiseniae	364317	S	1310	188	1498	0.00019
Hylemonella gracilis	80880	S	1070	176	1246	0.00016
Pulveribacter suum	2116657	S	1040	629	1669	0.00021
Massilia sp. WG5	1707785	S	5722	3741	9463	0.00119
Massilia sp. HC52	2852099	S	2738	1456	4194	0.00053
Massilia sp. LPB0304	2769491	S	2414	1608	4022	0.00051
Massilia sp. DM-R-R2A-13	2899220	S	1912	811	2723	0.00034
Massilia sp. NP310	2861282	S	1867	1634	3501	0.00044
Massilia sp. YMA4	1593482	S	1772	1226	2998	0.00038
Massilia sp. PAMC28688	2861283	S	1455	383	1838	0.00023
Massilia putida	1141883	S	9852	3167	13019	0.00164
Massilia violaceinigra	2045208	S	3339	931	4270	0.00054
Massilia flava	871742	S	2753	697	3450	0.00044
Massilia albidiflava	321983	S	1834	716	2550	0.00032
Massilia umbonata	864828	S	1832	728	2560	0.00032
Massilia lutea	321985	S	1803	553	2356	0.00030
Massilia armeniaca	2072590	S	1700	857	2557	0.00032
Massilia plicata	321984	S	1661	447	2108	0.00027
Massilia oculi	945844	S	1537	929	2466	0.00031
Massilia antarctica	2765360	S	1438	511	1949	0.00025
Duganella sp. GN2-R2	2728020	S	3302	1444	4746	0.00060
Duganella sp. AF9R3	2728021	S	1992	431	2423	0.00031
Herbaspirillum robiniae	2014887	S	1741	714	2455	0.00031
Herbaspirillum frisingense	92645	S	1417	508	1925	0.00024
Herbaspirillum hiltneri	341045	S	1369	258	1627	0.00021
Herbaspirillum seropedicae	964	S	1341	552	1893	0.00024
Herbaspirillum rubrisubalbicans	80842	S	1249	662	1911	0.00024
Janthinobacterium agaricidamnosum	55508	S	1456	3271	4727	0.00060
Collimonas fungivorans	158899	S	1399	419	1818	0.00023
Collimonas arenae	279058	S	1216	170	1386	0.00017
Collimonas pratensis	279113	S	1009	220	1229	0.00016
Noviherbaspirillum sp. UKPF54	2601898	S	2312	436	2748	0.00035
Achromobacter xylosoxidans	85698	S	4850	10281	15131	0.00191
Achromobacter sp. AONIH1	1758194	S	1586	2700	4286	0.00054
Achromobacter sp. MFA1 R4	1881016	S	1199	955	2154	0.00027
Achromobacter spanius	217203	S	2520	1295	3815	0.00048
Achromobacter denitrificans	32002	S	2145	2040	4185	0.00053
Achromobacter deleyi	1353891	S	1691	1556	3247	0.00041
Achromobacter insolitus	217204	S	1191	433	1624	0.00020
Bordetella sp. H567	1697043	S	1570	515	2085	0.00026
Bordetella sp. N	1746199	S	1521	280	1801	0.00023
Bordetella bronchialis	463025	S	1849	779	2628	0.00033
Bordetella genomosp. 8	1416806	S	1827	744	2571	0.00032
Bordetella genomosp. 13	463040	S	1645	1596	3241	0.00041
Bordetella flabilis	463014	S	1585	299	1884	0.00024
Bordetella genomosp. 9	1416803	S	1437	659	2096	0.00026
Bordetella hinzii	103855	S	1324	2438	3762	0.00047
Bordetella petrii	94624	S	1163	1993	3156	0.00040
Pigmentiphaga sp. H8	2488560	S	2703	407	3110	0.00039
Paralcaligenes sp. KSB-10	2901142	S	1974	102	2076	0.00026
Orrella dioscoreae	1851544	S	1359	581	1940	0.00024
Castellaniella defragrans	75697	S	1430	1159	2589	0.00033
Rhizobacter gummiphilus	946333	S	3571	791	4362	0.00055
Rhizobacter sp. AJA081-3	2753607	S	3455	968	4423	0.00056
Sphaerotilus sp. FB-5	2914710	S	2297	1698	3995	0.00050
Sphaerotilus natans	34103	S	2148	942	3090	0.00039
Methylibium petroleiphilum	105560	S	1295	1333	2628	0.00033
Methylibium sp. Pch-M	2082386	S	1222	1128	2350	0.00030
Rubrivivax gelatinosus	28068	S	3646	1281	4927	0.00062
Thiomonas sp. X19	1050370	S	1177	1007	2184	0.00028
Aquincola tertiaricarbonis	391953	S	2898	1131	4029	0.00051
Mitsuaria sp. 7	1658665	S	2744	609	3353	0.00042
Leptothrix cholodnii	34029	S	2396	841	3237	0.00041
Xylophilus rhododendri	2697032	S	2204	710	2914	0.00037
Ideonella dechloratans	36863	S	1686	1122	2808	0.00035
Roseateles depolymerans	76731	S	1327	284	1611	0.00020
Tepidimonas taiwanensis	307486	S	1279	539	1818	0.00023
Aquabacterium olei	1296669	S	1232	365	1597	0.00020
Usitatibacter rugosus	2732067	S	9520	1302	10822	0.00136
Usitatibacter palustris	2732487	S	7341	1064	8405	0.00106
Nitrosospira lacus	1288494	S	4220	207	4427	0.00056
Nitrosospira multiformis	1231	S	3145	143	3288	0.00041
Nitrosospira briensis	35799	S	1574	1173	2747	0.00035
Nitrosospira sp. NRS527	155925	S	1558	1082	2640	0.00033
Denitratisoma sp. DHT3	1981880	S	1232	1077	2309	0.00029
Sulfuritalea hydrogenivorans	748811	S	1462	261	1723	0.00022
Methyloversatilis sp. RAC08	1842540	S	1279	207	1486	0.00019
Thiobacillus denitrificans	36861	S	1826	440	2266	0.00029
Sulfuritortus calidifontis	1914471	S	1193	610	1803	0.00023
Thauera sp. MZ1T	85643	S	2116	2821	4937	0.00062
Thauera sp. K11	2005884	S	2004	1462	3466	0.00044
Thauera humireducens	1134435	S	1282	1037	2319	0.00029
Azoarcus sp. KH32C	748247	S	2192	453	2645	0.00033
Azoarcus sp. DD4	2027405	S	1559	1110	2669	0.00034
Azoarcus olearius	418699	S	1854	757	2611	0.00033
Azoarcus communis	41977	S	1441	642	2083	0.00026
Nitrogeniibacter mangrovi	2016596	S	1546	378	1924	0.00024
Aromatoleum petrolei	76116	S	1975	548	2523	0.00032
Aromatoleum aromaticum	551760	S	1438	1116	2554	0.00032
Aromatoleum pumilum	2067960	S	1293	577	1870	0.00024
Aromatoleum bremense	76115	S	1279	821	2100	0.00026
Azospira restricta	404405	S	2986	2538	5524	0.00070
Niveibacterium microcysteis	2811415	S	1273	221	1494	0.00019
Dechloromonas denitrificans	281362	S	1500	523	2023	0.00026
Ferribacterium limneticum	76259	S	1873	417	2290	0.00029
Chromobacterium sp. ATCC 53434	2059672	S	1133	864	1997	0.00025
Chromobacterium vaccinii	1108595	S	1089	1312	2401	0.00030
Chromobacterium violaceum	536	S	1055	1758	2813	0.00035
Jeongeupia sp. USM3	1906741	S	1431	463	1894	0.00024
Pseudogulbenkiania sp. NH8B	748280	S	1245	546	1791	0.00023
Crenobacter cavernae	2290923	S	1395	1028	2423	0.00031
Casimicrobium huifangae	2591109	S	1121	616	1737	0.00022
Lysobacter sp. TY2-98	2290922	S	1949	426	2375	0.00030
Lysobacter sp. KIS68-7	2904252	S	1848	494	2342	0.00030
Lysobacter sp. 5GHs7-4	2904253	S	1446	615	2061	0.00026
Lysobacter sp. K5869	2820808	S	1211	848	2059	0.00026
Lysobacter sp. CECT 30171	2822368	S	1177	397	1574	0.00020
Lysobacter sp. S4-A87	2925843	S	1161	548	1709	0.00022
Lysobacter lycopersici	1324796	S	5155	1447	6602	0.00083
Lysobacter enzymogenes	69	S	5105	2630	7735	0.00098
Lysobacter capsici	435897	S	3315	5243	8558	0.00108
Lysobacter soli	453783	S	2040	572	2612	0.00033
Lysobacter antibioticus	84531	S	1799	532	2331	0.00029
Lysobacter solisilvae (ex Woo and Kim 2022)	2865112	S	1645	658	2303	0.00029
Lysobacter solisilvae (ex Kim et al. 2021)	2763317	S	1635	445	2080	0.00026
Lysobacter maris	1605891	S	1549	508	2057	0.00026
Lysobacter arenosi	2795387	S	1105	505	1610	0.00020
Lysobacter alkalisoli	2591633	S	1097	270	1367	0.00017
Lysobacter oculi	2698682	S	1006	357	1363	0.00017
Stenotrophomonas maltophilia	40324	S	6044	13347	19391	0.00245
Stenotrophomonas rhizophila	216778	S	2493	1015	3508	0.00044
Stenotrophomonas acidaminiphila	128780	S	1280	4145	5425	0.00068
Xanthomonas translucens	343	S	2361	5904	8265	0.00104
Xanthomonas campestris	339	S	1879	5212	7091	0.00089
Xanthomonas sacchari	56458	S	1234	628	1862	0.00023
Xanthomonas arboricola	56448	S	1064	3165	4229	0.00053
Luteimonas sp. S4-F44	2925842	S	1350	339	1689	0.00021
Luteimonas sp. MC1750	2799326	S	1291	598	1889	0.00024
Luteimonas sp. D4P002	2901869	S	1252	437	1689	0.00021
Luteimonas sp. YGD11-2	2508168	S	1124	640	1764	0.00022
Luteimonas sp. JM171	1896164	S	1082	286	1368	0.00017
Luteimonas sp. MC1572	2799325	S	1057	548	1605	0.00020
Luteimonas sp. MC1825	2761107	S	1017	540	1557	0.00020
Luteimonas granuli	1176533	S	1253	631	1884	0.00024
Luteimonas chenhongjianii	2006110	S	1122	319	1441	0.00018
Pseudoxanthomonas suwonensis	314722	S	2560	1703	4263	0.00054
Pseudoxanthomonas sp. X-1	2571115	S	1479	1609	3088	0.00039
Pseudoxanthomonas mexicana	128785	S	1396	2429	3825	0.00048
Pseudoxanthomonas daejeonensis	266062	S	1146	379	1525	0.00019
Thermomonas sp. XSG	2771436	S	1066	626	1692	0.00021
Thermomonas brevis	215691	S	1412	718	2130	0.00027
Thermomonas aquatica	2202149	S	1227	811	2038	0.00026
Pseudolysobacter antarcticus	2511995	S	1559	65	1624	0.00020
Arenimonas daejeonensis	370777	S	1329	366	1695	0.00021
Rhodanobacter denitrificans	666685	S	5530	2232	7762	0.00098
Rhodanobacter sp. FDAARGOS 1247	2778082	S	3551	1323	4874	0.00061
Rhodanobacter thiooxydans	416169	S	2945	1394	4339	0.00055
Rhodanobacter glycinis	582702	S	1775	356	2131	0.00027
Frateuria sp. 5GH9-34	2898793	S	7777	2485	10262	0.00129
Frateuria sp. 5GH9-11	1542730	S	4037	1631	5668	0.00071
Dyella thiooxydans	445710	S	3183	1049	4232	0.00053
Dyella telluris	2763498	S	2026	587	2613	0.00033
Dyella japonica	231455	S	1995	645	2640	0.00033
Dyella terrae	522259	S	1453	232	1685	0.00021
Luteibacter sp. 321	2911537	S	1700	615	2315	0.00029
Luteibacter sp. EIF3	2780091	S	1195	218	1413	0.00018
Luteibacter sp. 335	2911538	S	1092	287	1379	0.00017
Luteibacter rhizovicinus	242606	S	1298	206	1504	0.00019
Luteibacter pinisoli	2589080	S	1252	357	1609	0.00020
Luteibacter anthropi	564369	S	1018	204	1222	0.00015
Dokdonella koreensis	323415	S	3824	842	4666	0.00059
Aerosticca soli	2010829	S	1857	2794	4651	0.00059
Pseudomonas sp. AO-1	2855434	S	1817	7074	8891	0.00112
Pseudomonas fluorescens	294	S	4168	5864	10032	0.00127
Pseudomonas protegens	380021	S	1022	1508	2530	0.00032
Pseudomonas aeruginosa	287	S	4196	59684	63880	0.00806
Pseudomonas mendocina	300	S	1539	882	2421	0.00031
Pseudomonas alcaligenes	43263	S	1250	1218	2468	0.00031
Pseudomonas putida	303	S	5469	10768	16237	0.00205
Pseudomonas oryzihabitans	47885	S	1445	530	1975	0.00025
Pseudomonas stutzeri	316	S	5329	5339	10668	0.00135
Pseudomonas syringae	317	S	1284	3564	4848	0.00061
Pseudomonas chlororaphis	587753	S	2497	4107	6604	0.00083
Pseudomonas otitidis	319939	S	1467	545	2012	0.00025
Pseudomonas knackmussii	65741	S	1437	1732	3169	0.00040
Pseudomonas psychrotolerans	237610	S	1431	545	1976	0.00025
Pseudomonas oryzae	1392877	S	1200	649	1849	0.00023
Pseudomonas entomophila	312306	S	1172	859	2031	0.00026
Azotobacter chroococcum	353	S	1243	1292	2535	0.00032
Serratia marcescens	615	S	1234	8937	10171	0.00128
Spiribacter sp. E85	2182432	S	1800	470	2270	0.00029
Candidatus Thiodictyon syntrophicum	1166950	S	1706	212	1918	0.00024
Thioflavicoccus mobilis	80679	S	1457	282	1739	0.00022
Marichromatium purpuratum	37487	S	1382	602	1984	0.00025
Thiocapsa bogorovii	521689	S	1064	135	1199	0.00015
Methylomagnum ishizawai	1760988	S	1036	349	1385	0.00017
Sulfurifustis variabilis	1675686	S	2787	247	3034	0.00038
Sulfuricaulis limicola	1620215	S	1180	131	1311	0.00017
Solimonas sp. K1W22B-7	2303331	S	2433	363	2796	0.00035
Steroidobacter denitrificans	465721	S	1251	767	2018	0.00025
Immundisolibacter cernigliae	1810504	S	1425	383	1808	0.00023
Salinisphaera sp. LB1	2183911	S	1031	67	1098	0.00014
Sorangium cellulosum	56	S	52306	7062	59368	0.00749
Polyangium aurulentum	2567896	S	12364	1212	13576	0.00171
Chondromyces crocatus	52	S	6194	294	6488	0.00082
Sandaracinus amylolyticus	927083	S	15711	1056	16767	0.00211
Labilithrix luteola	1391654	S	10585	498	11083	0.00140
Corallococcus coralloides	184914	S	6624	3248	9872	0.00124
Corallococcus sp. EGB	1521117	S	2936	1113	4049	0.00051
Corallococcus macrosporus	35	S	2790	2130	4920	0.00062
Myxococcus xanthus	34	S	4452	2658	7110	0.00090
Myxococcus hansupus	1297742	S	2296	723	3019	0.00038
Myxococcus stipitatus	83455	S	2198	1056	3254	0.00041
Myxococcus sp. SCHIC003	2813577	S	1842	880	2722	0.00034
Pyxidicoccus sp. SCPEA002	2813578	S	5225	713	5938	0.00075
Anaeromyxobacter sp. Red232	2918170	S	6681	861	7542	0.00095
Anaeromyxobacter sp. Red630	2918171	S	5447	941	6388	0.00081
Anaeromyxobacter sp. Fw109-5	404589	S	5186	812	5998	0.00076
Anaeromyxobacter sp. K	447217	S	1368	2795	4163	0.00053
Anaeromyxobacter dehalogenans	161493	S	4479	3446	7925	0.00100
Archangium violaceum	83451	S	8536	2244	10780	0.00136
Archangium gephyra	48	S	4337	1283	5620	0.00071
Stigmatella aurantiaca	41	S	3911	733	4644	0.00059
Cystobacter fuscus	43	S	3857	1320	5177	0.00065
Melittangium boletus	83453	S	2885	926	3811	0.00048
Vulgatibacter incomptus	1391653	S	3566	396	3962	0.00050
Haliangium ochraceum	80816	S	7475	584	8059	0.00102
Geomonas sp. RF6	2897342	S	1252	1809	3061	0.00039
Desulfuromonas versatilis	2802975	S	1375	467	1842	0.00023
Desulfuromonas sp. DDH964	1823759	S	1026	395	1421	0.00018
Solidesulfovibrio carbinoliphilus	345370	S	1081	1282	2363	0.00030
Persicimonas caeni	2292766	S	2715	100	2815	0.00036
Bradymonas sediminis	1548548	S	1010	88	1098	0.00014
Desulfarculus baarsii	453230	S	1125	1389	2514	0.00032
Gemmata obscuriglobus	114	S	10506	1414	11920	0.00150
Gemmata massiliana	1210884	S	4739	2090	6829	0.00086
Gemmata sp. SH-PL17	1630693	S	4418	2192	6610	0.00083
Urbifossiella limnaea	2528023	S	19636	1862	21498	0.00271
Frigoriglobus tundricola	2774151	S	13338	2357	15695	0.00198
Limnoglobus roseus	2598579	S	10014	503	10517	0.00133
Tuwongella immobilis	692036	S	1289	51	1340	0.00017
Telmatocola sphagniphila	1123043	S	1120	10	1130	0.00014
Aquisphaera giovannonii	406548	S	17233	2693	19926	0.00251
Tautonia plasticadhaerens	2527974	S	14728	1218	15946	0.00201
Paludisphaera borealis	1387353	S	13603	2564	16167	0.00204
Singulisphaera acidiphila	466153	S	9775	1222	10997	0.00139
Isosphaera pallida	128	S	1474	91	1565	0.00020
Planctomyces sp. SH-PL62	1636152	S	9901	2929	12830	0.00162
Planctomyces sp. SH-PL14	1632864	S	3791	266	4057	0.00051
Alienimonas californiensis	2527989	S	2537	203	2740	0.00035
Caulifigura coniformis	2527983	S	2526	180	2706	0.00034
Maioricimonas rarisocia	2528026	S	2452	343	2795	0.00035
Symmachiella dynata	2527995	S	1221	80	1301	0.00016
Lignipirellula cremea	2528010	S	2435	307	2742	0.00035
Stieleria maiorica	2795974	S	1181	210	1391	0.00018
Stieleria neptunia	2527979	S	1147	113	1260	0.00016
Anatilimnocola aggregata	2528021	S	2097	247	2344	0.00030
Bremerella volcania	2527984	S	1553	115	1668	0.00021
Pirellula staleyi	125	S	1166	45	1211	0.00015
Lacipirellula parvula	2650471	S	2648	299	2947	0.00037
Lacipirellula limnantheis	2528024	S	2352	305	2657	0.00034
Pirellulimonas nuda	2528009	S	2970	340	3310	0.00042
Botrimarina mediterranea	2528022	S	2540	244	2784	0.00035
Aeoliella mucimassa	2527972	S	1007	85	1092	0.00014
Humisphaera borealis	2807512	S	5351	147	5498	0.00069
Phycisphaera mikurensis	547188	S	2179	196	2375	0.00030
Mucisphaera calidilacus	2527982	S	1017	59	1076	0.00014
Opitutus sp. GAS368	1882749	S	3407	520	3927	0.00050
Opitutus terrae	107709	S	2928	149	3077	0.00039
Lacunisphaera limnophila	1838286	S	1908	291	2199	0.00028
Oleiharenicola sp. KSB-15	2862869	S	1554	93	1647	0.00021
Nibricoccus aquaticus	2576891	S	1503	76	1579	0.00020
Ereboglobus luteus	1796921	S	1014	63	1077	0.00014
Verrucomicrobium sp. GAS474	1882831	S	1515	222	1737	0.00022
Roseimicrobium sp. ORNL1	2711231	S	1070	95	1165	0.00015
Niastella koreensis	354356	S	12860	540	13400	0.00169
Mucilaginibacter sp. SMC90	2929803	S	1070	121	1191	0.00015
Mucilaginibacter ginsenosidivorans	398053	S	1070	74	1144	0.00014
Mucilaginibacter rubeus	2027860	S	1012	2777	3789	0.00048
Rhodothermus marinus	29549	S	2234	167	2401	0.00030
Rhodocaloribacter litoris	2558931	S	2183	332	2515	0.00032
Salinibacter ruber	146919	S	1379	42	1421	0.00018
Gemmatirosa kalamazoonesis	861299	S	26231	2891	29122	0.00367
Gemmatimonas groenlandica	2732249	S	4320	472	4792	0.00060
Gemmatimonas aurantiaca	173480	S	2888	283	3171	0.00040
Gemmatimonas phototrophica	1379270	S	2421	317	2738	0.00035
Granulicella sp. WH15	2602070	S	2625	505	3130	0.00039
Granulicella sp. 5B5	1617967	S	2107	365	2472	0.00031
Granulicella mallensis	940614	S	2082	267	2349	0.00030
Granulicella tundricola	940615	S	1705	240	1945	0.00025
Candidatus Koribacter versatilis	658062	S	7292	280	7572	0.00095
Terriglobus roseus	392734	S	3190	684	3874	0.00049
Terriglobus albidus	1592106	S	2258	229	2487	0.00031
Terriglobus saanensis	870903	S	1409	189	1598	0.00020
Acidobacterium sp. 4Y35	2763107	S	3224	262	3486	0.00044
Acidobacterium capsulatum	33075	S	3140	450	3590	0.00045
Edaphobacter sp. 12200R-103	2703788	S	3751	613	4364	0.00055
Edaphobacter sp. 4G125	2763071	S	1225	168	1393	0.00018
Acidisarcina polymorpha	2211140	S	2323	184	2507	0.00032
Paludibaculum fermentans	1473598	S	5854	175	6029	0.00076
Luteitalea sp. TBR-22	2802971	S	9155	1767	10922	0.00138
Luteitalea pratensis	1855912	S	7093	840	7933	0.00100
Sulfidibacter corallicola	2818388	S	1222	30	1252	0.00016
Nitrospira moscoviensis	42253	S	3149	231	3380	0.00043
Nitrospira japonica	1325564	S	1602	149	1751	0.00022
Candidatus Nitrospira inopinata	1715989	S	1310	93	1403	0.00018
Nitrospira sp. KM1	1936990	S	1138	80	1218	0.00015
Fusarium acuminatum	5515	S	13168	1929	15097	0.00190
Cordyceps fumosorosea	114497	S	1078	163	1241	0.00016
Purpureocillium lilacinum	33203	S	1240	257	1497	0.00019
Colletotrichum higginsianum	80884	S	1377	652	2029	0.00026
Thermothielavioides terrestris	2587410	S	1658	167	1825	0.00023
Thermothelomyces thermophilus	78579	S	1263	94	1357	0.00017
Aspergillus puulaauensis	1220207	S	1621	182	1803	0.00023
Aspergillus chevalieri	182096	S	1242	343	1585	0.00020
Pseudozyma flocculosa	84751	S	1799	76	1875	0.00024
Phytophthora cinnamomi	4785	S	1215	624	1839	0.00023
