name	taxonomy_id	taxonomy_lvl	kraken_assigned_reads	added_reads	new_est_reads	fraction_total_reads
Streptomycetaceae	2062	F	1921624	384490	2306114	0.12878
Microbacteriaceae	85023	F	474642	66626	541268	0.03023
Micrococcaceae	1268	F	205814	45153	250967	0.01401
Cellulomonadaceae	85016	F	91790	27962	119752	0.00669
Intrasporangiaceae	85021	F	80090	18725	98815	0.00552
Promicromonosporaceae	85017	F	46739	16338	63077	0.00352
Ornithinimicrobiaceae	2805590	F	36356	7032	43388	0.00242
Dermabacteraceae	85020	F	27323	4814	32137	0.00179
Brevibacteriaceae	85019	F	26493	4887	31380	0.00175
Dermacoccaceae	145357	F	18855	3979	22834	0.00128
Bogoriellaceae	145358	F	18304	5022	23326	0.00130
Ruaniaceae	1331736	F	15675	16084	31759	0.00177
Beutenbergiaceae	125316	F	11247	3234	14481	0.00081
Sanguibacteraceae	145360	F	7977	2236	10213	0.00057
Dermatophilaceae	85018	F	3435	308	3743	0.00021
Kytococcaceae	2805426	F	3125	1577	4702	0.00026
Demequinaceae	1042322	F	1190	87	1277	0.00007
Mycobacteriaceae	1762	F	457872	55755	513627	0.02868
Nocardiaceae	85025	F	252204	48236	300440	0.01678
Corynebacteriaceae	1653	F	70496	18159	88655	0.00495
Gordoniaceae	85026	F	61092	11799	72891	0.00407
Tsukamurellaceae	85028	F	18913	4334	23247	0.00130
Dietziaceae	85029	F	10888	10292	21180	0.00118
Segniliparaceae	316606	F	1565	80	1645	0.00009
Nocardioidaceae	85015	F	684860	131662	816522	0.04560
Propionibacteriaceae	31957	F	83270	14545	97815	0.00546
Kribbellaceae	2726069	F	78207	10789	88996	0.00497
Actinopolymorphaceae	2805400	F	16611	1743	18354	0.00102
Pseudonocardiaceae	2070	F	713678	98436	812114	0.04535
Micromonosporaceae	28056	F	483124	62826	545950	0.03049
Thermomonosporaceae	2012	F	191277	33985	225262	0.01258
Streptosporangiaceae	2004	F	106560	16096	122656	0.00685
Nocardiopsaceae	83676	F	43105	6985	50090	0.00280
Geodermatophilaceae	85030	F	93386	22136	115522	0.00645
Actinomycetaceae	2049	F	45253	6403	51656	0.00288
Frankiaceae	74712	F	42796	4021	46817	0.00261
Jiangellaceae	1217100	F	26903	4441	31344	0.00175
Bifidobacteriaceae	31953	F	18547	6754	25301	0.00141
Nakamurellaceae	85031	F	16880	2107	18987	0.00106
Catenulisporaceae	414877	F	11514	1571	13085	0.00073
Jatrophihabitantaceae	2805416	F	8920	737	9657	0.00054
Glycomycetaceae	85034	F	6534	496	7030	0.00039
Kineosporiaceae	83778	F	5586	1449	7035	0.00039
Sporichthyaceae	85033	F	3676	1633	5309	0.00030
Actinopolysporaceae	622451	F	2918	280	3198	0.00018
Acidothermaceae	85032	F	1946	96	2042	0.00011
Conexibacteraceae	320583	F	152146	21050	173196	0.00967
Miltoncostaeaceae	2843199	F	35414	4389	39803	0.00222
Baekduiaceae	2600303	F	58315	9220	67535	0.00377
Rubrobacteraceae	84997	F	28511	1200	29711	0.00166
Iamiaceae	633392	F	53853	6422	60275	0.00337
Ilumatobacteraceae	2448023	F	6646	387	7033	0.00039
Acidimicrobiaceae	84994	F	2478	183	2661	0.00015
Eggerthellaceae	1643826	F	16436	2587	19023	0.00106
Atopobiaceae	1643824	F	8205	1784	9989	0.00056
Coriobacteriaceae	84107	F	3519	794	4313	0.00024
Egibacteraceae	1747769	F	6697	368	7065	0.00039
Egicoccaceae	1755824	F	6024	863	6887	0.00038
Euzebyaceae	908622	F	5777	441	6218	0.00035
Paenibacillaceae	186822	F	68010	5697	73707	0.00412
Bacillaceae	186817	F	46186	48850	95036	0.00531
Alicyclobacillaceae	186823	F	7896	1264	9160	0.00051
Planococcaceae	186818	F	3080	938	4018	0.00022
Thermoactinomycetaceae	186824	F	2648	2686	5334	0.00030
Staphylococcaceae	90964	F	1478	11609	13087	0.00073
Lactobacillaceae	33958	F	5005	2107	7112	0.00040
Streptococcaceae	1300	F	1773	1417	3190	0.00018
Oscillospiraceae	216572	F	11665	4209	15874	0.00089
Clostridiales Family XVII. Incertae Sedis	539000	F	8773	2121	10894	0.00061
Lachnospiraceae	186803	F	3757	1397	5154	0.00029
Symbiobacteriaceae	543349	F	3610	295	3905	0.00022
Clostridiaceae	31979	F	3070	614	3684	0.00021
Peptococcaceae	186807	F	2308	187	2495	0.00014
Christensenellaceae	990719	F	1212	519	1731	0.00010
Desulfitobacteriaceae	2937909	F	1055	108	1163	0.00006
Heliobacteriaceae	31984	F	1052	391	1443	0.00008
Eubacteriaceae	186806	F	1006	213	1219	0.00007
Thermoanaerobacteraceae	186814	F	4371	604	4975	0.00028
Selenomonadaceae	1843491	F	4694	270	4964	0.00028
Veillonellaceae	31977	F	1451	457	1908	0.00011
Limnochordaceae	1676650	F	3532	136	3668	0.00020
Deinococcaceae	183710	F	39258	4411	43669	0.00244
Thermaceae	188786	F	15022	858	15880	0.00089
Trueperaceae	332247	F	2877	137	3014	0.00017
Synechococcaceae	1890426	F	18861	2064	20925	0.00117
Prochlorococcaceae	2881426	F	4227	840	5067	0.00028
Nostocaceae	1162	F	4156	1547	5703	0.00032
Calotrichaceae	2661849	F	1845	218	2063	0.00012
Leptolyngbyaceae	1890438	F	4279	346	4625	0.00026
Gloeobacteraceae	1890422	F	6052	146	6198	0.00035
Coleofasciculaceae	1892251	F	1170	236	1406	0.00008
Oscillatoriaceae	1892254	F	1107	262	1369	0.00008
Sphaerobacteraceae	85002	F	8328	418	8746	0.00049
Thermomicrobiaceae	189777	F	1978	36	2014	0.00011
Roseiflexaceae	1508635	F	6328	300	6628	0.00037
Chloroflexaceae	1106	F	2045	71	2116	0.00012
Tepidiformaceae	2682227	F	5640	219	5859	0.00033
Ardenticatenaceae	1382930	F	5149	96	5245	0.00029
Caldilineaceae	475964	F	2597	127	2724	0.00015
Anaerolineaceae	292628	F	2215	33	2248	0.00013
Ktedonosporobacteraceae	2692416	F	2201	1187	3388	0.00019
Fimbriimonadaceae	1663426	F	3393	18	3411	0.00019
Bradyrhizobiaceae	41294	F	1055653	88202	1143855	0.06388
Phyllobacteriaceae	69277	F	252281	37798	290079	0.01620
Rhizobiaceae	82115	F	225273	54678	279951	0.01563
Methylobacteriaceae	119045	F	165554	23735	189289	0.01057
Hyphomicrobiaceae	45401	F	126716	10435	137151	0.00766
Xanthobacteraceae	335928	F	114306	16925	131231	0.00733
Boseaceae	2831100	F	44967	6185	51152	0.00286
Aurantimonadaceae	255475	F	36357	43637	79994	0.00447
Devosiaceae	2831106	F	34591	2711	37302	0.00208
Methylocystaceae	31993	F	28193	2137	30330	0.00169
Phreatobacteraceae	2843305	F	22988	3427	26415	0.00148
Stappiaceae	2821832	F	21109	4128	25237	0.00141
Beijerinckiaceae	45404	F	14037	922	14959	0.00084
Blastochloridaceae	2831090	F	13354	2811	16165	0.00090
Parvibaculaceae	2813035	F	13220	2940	16160	0.00090
Chelatococcaceae	2036754	F	11556	2317	13873	0.00077
Kaistiaceae	2831111	F	7801	1713	9514	0.00053
Amorphaceae	2685818	F	7460	737	8197	0.00046
Brucellaceae	118882	F	6995	10252	17247	0.00096
Lichenihabitantaceae	2723775	F	4690	205	4895	0.00027
Pleomorphomonadaceae	2843308	F	4668	737	5405	0.00030
Breoghaniaceae	2831104	F	4537	535	5072	0.00028
Sphingomonadaceae	41297	F	425944	54210	480154	0.02681
Erythrobacteraceae	335929	F	67655	11839	79494	0.00444
Sphingosinicellaceae	2820280	F	20055	1422	21477	0.00120
Azospirillaceae	2829815	F	105450	10375	115825	0.00647
Acetobacteraceae	433	F	97469	13834	111303	0.00622
Rhodospirillaceae	41295	F	61691	251626	313317	0.01750
Stellaceae	2844601	F	12725	809	13534	0.00076
Elioraeaceae	2690195	F	5796	269	6065	0.00034
Thalassospiraceae	2844866	F	3677	236	3913	0.00022
Rhodobacteraceae	31989	F	118651	14420	133071	0.00743
Roseobacteraceae	2854170	F	84186	8182	92368	0.00516
Caulobacteraceae	76892	F	109649	10064	119713	0.00669
Hyphomonadaceae	69657	F	6759	236	6995	0.00039
Maricaulaceae	2800061	F	6741	620	7361	0.00041
Parvularculaceae	255474	F	2097	129	2226	0.00012
Burkholderiaceae	119060	F	527211	197686	724897	0.04048
Comamonadaceae	80864	F	325855	107471	433326	0.02420
Oxalobacteraceae	75682	F	149338	18999	168337	0.00940
Alcaligenaceae	506	F	128696	156148	284844	0.01591
Sutterellaceae	995019	F	2783	232	3015	0.00017
Zoogloeaceae	2008794	F	46078	18022	64100	0.00358
Rhodocyclaceae	75787	F	35136	10899	46035	0.00257
Azonexaceae	2008795	F	12392	1307	13699	0.00077
Usitatibacteraceae	2803844	F	42370	3219	45589	0.00255
Sterolibacteriaceae	2008793	F	13863	3632	17495	0.00098
Thiobacillaceae	2008790	F	7482	2046	9528	0.00053
Gallionellaceae	90627	F	7379	827	8206	0.00046
Nitrosomonadaceae	206379	F	7041	327	7368	0.00041
Sulfuricellaceae	2772226	F	5970	715	6685	0.00037
Methylophilaceae	32011	F	2136	199	2335	0.00013
Chromobacteriaceae	1499392	F	41203	7908	49111	0.00274
Neisseriaceae	481	F	17346	3303	20649	0.00115
Casimicrobiaceae	2705999	F	2593	1249	3842	0.00021
Xanthomonadaceae	32033	F	295825	63739	359564	0.02008
Rhodanobacteraceae	1775411	F	68697	10472	79169	0.00442
Pseudomonadaceae	135621	F	333673	92091	425764	0.02378
Marinobacteraceae	2887365	F	7952	625	8577	0.00048
Enterobacteriaceae	543	F	54965	178756	233721	0.01305
Yersiniaceae	1903411	F	21770	5638	27408	0.00153
Erwiniaceae	1903409	F	16310	2971	19281	0.00108
Pectobacteriaceae	1903410	F	10102	5957	16059	0.00090
Hafniaceae	1903412	F	3109	1002	4111	0.00023
Morganellaceae	1903414	F	2349	1164	3513	0.00020
Bruguierivoracaceae	2812006	F	1832	122	1954	0.00011
Ectothiorhodospiraceae	72276	F	31092	2643	33735	0.00188
Chromatiaceae	1046	F	23870	1563	25433	0.00142
Wenzhouxiangellaceae	1676141	F	3818	3051	6869	0.00038
Thioalkalibacteraceae	2035710	F	2155	492	2647	0.00015
Thioalkalispiraceae	1096778	F	1844	641	2485	0.00014
Halothiobacillaceae	255526	F	1332	101	1433	0.00008
Woeseiaceae	1738654	F	1095	17	1112	0.00006
Halomonadaceae	28256	F	52025	5871	57896	0.00323
Alcanivoracaceae	224372	F	5457	2347	7804	0.00044
Oceanospirillaceae	135620	F	3466	363	3829	0.00021
Hahellaceae	224379	F	1178	44	1222	0.00007
Saccharospirillaceae	255527	F	1088	51	1139	0.00006
Aeromonadaceae	84642	F	25211	16332	41543	0.00232
Methylococcaceae	403	F	23185	999	24184	0.00135
Shewanellaceae	267890	F	7010	1169	8179	0.00046
Alteromonadaceae	72275	F	2984	356	3340	0.00019
Pseudoalteromonadaceae	267888	F	1999	235	2234	0.00012
Sinobacteraceae	568386	F	9365	1134	10499	0.00059
Steroidobacteraceae	2689614	F	4379	1079	5458	0.00030
Microbulbiferaceae	1706373	F	6601	354	6955	0.00039
Halieaceae	1706372	F	2871	264	3135	0.00018
Cellvibrionaceae	1706371	F	2391	78	2469	0.00014
Spongiibacteraceae	1706375	F	1410	103	1513	0.00008
Acidiferrobacteraceae	1692041	F	13392	612	14004	0.00078
Vibrionaceae	641	F	8388	1291	9679	0.00054
Moraxellaceae	468	F	4168	1414	5582	0.00031
Immundisolibacteraceae	1934946	F	3464	3894	7358	0.00041
Piscirickettsiaceae	135616	F	1498	134	1632	0.00009
Thiotrichaceae	135617	F	1215	37	1252	0.00007
Salinisphaeraceae	742031	F	2489	99	2588	0.00014
Legionellaceae	444	F	1651	97	1748	0.00010
Pasteurellaceae	712	F	1662	527	2189	0.00012
Cardiobacteriaceae	868	F	1430	186	1616	0.00009
Myxococcaceae	31	F	95017	93586	188603	0.01053
Anaeromyxobacteraceae	1524215	F	87223	5733	92956	0.00519
Archangiaceae	39	F	78466	3018	81484	0.00455
Vulgatibacteraceae	1524213	F	9763	669	10432	0.00058
Polyangiaceae	49	F	177547	12452	189999	0.01061
Sandaracinaceae	1055686	F	48607	2468	51075	0.00285
Labilitrichaceae	1524216	F	22934	973	23907	0.00134
Kofleriaceae	224464	F	25705	1142	26847	0.00150
Geobacteraceae	213422	F	36846	3085	39931	0.00223
Desulfuromonadaceae	213421	F	11006	1475	12481	0.00070
Syntrophotaleaceae	2812024	F	2051	208	2259	0.00013
Desulfovibrionaceae	194924	F	33516	2425	35941	0.00201
Desulfomicrobiaceae	213116	F	1867	166	2033	0.00011
Desulfobacteraceae	213119	F	8078	585	8663	0.00048
Desulfobulbaceae	213121	F	3499	381	3880	0.00022
Bradymonadaceae	1779135	F	9860	1222	11082	0.00062
Syntrophobacteraceae	213465	F	2954	505	3459	0.00019
Desulfarculaceae	453228	F	2711	1052	3763	0.00021
Syntrophaceae	213468	F	1574	298	1872	0.00010
Campylobacteraceae	72294	F	1441	213	1654	0.00009
Acidithiobacillaceae	225058	F	2914	279	3193	0.00018
Bdellovibrionaceae	213483	F	1192	18	1210	0.00007
Gemmataceae	1914233	F	154644	4953	159597	0.00891
Isosphaeraceae	1763524	F	99712	9882	109594	0.00612
Pirellulaceae	2691357	F	40551	1641	42192	0.00236
Lacipirellulaceae	2691359	F	33988	1592	35580	0.00199
Thermoguttaceae	2691358	F	1053	31	1084	0.00006
Planctomycetaceae	126	F	66527	6540	73067	0.00408
Tepidisphaeraceae	1771355	F	11235	278	11513	0.00064
Phycisphaeraceae	666507	F	7789	458	8247	0.00046
Opitutaceae	134623	F	31757	1252	33009	0.00184
Puniceicoccaceae	415002	F	1515	174	1689	0.00009
Verrucomicrobiaceae	203557	F	16022	620	16642	0.00093
Akkermansiaceae	1647988	F	2160	2376	4536	0.00025
Kiritimatiellaceae	1921783	F	1368	1578	2946	0.00016
Hymenobacteraceae	1853232	F	34188	1268	35456	0.00198
Cytophagaceae	89373	F	6345	260	6605	0.00037
Spirosomaceae	2896860	F	4696	217	4913	0.00027
Fulvivirgaceae	2762286	F	2378	59	2437	0.00014
Cyclobacteriaceae	563798	F	1271	106	1377	0.00008
Rikenellaceae	171550	F	7493	1836	9329	0.00052
Prevotellaceae	171552	F	3024	351	3375	0.00019
Bacteroidaceae	815	F	2653	857	3510	0.00020
Tannerellaceae	2005525	F	1405	324	1729	0.00010
Muribaculaceae	2005473	F	1140	182	1322	0.00007
Chitinophagaceae	563835	F	16772	225	16997	0.00095
Rhodothermaceae	563843	F	14739	692	15431	0.00086
Flavobacteriaceae	49546	F	10160	633	10793	0.00060
Weeksellaceae	2762318	F	3705	803	4508	0.00025
Sphingobacteriaceae	84566	F	7016	613	7629	0.00043
Chlorobiaceae	191412	F	6048	654	6702	0.00037
Gemmatimonadaceae	219687	F	115090	6620	121710	0.00680
Acidobacteriaceae	204434	F	65035	1452	66487	0.00371
Bryobacteraceae	1962910	F	13256	375	13631	0.00076
Vicinamibacteraceae	2211325	F	76839	10379	87218	0.00487
Acanthopleuribacteraceae	533207	F	3391	68	3459	0.00019
Nitrospiraceae	189779	F	16925	253	17178	0.00096
Treponemataceae	2845253	F	1753	295	2048	0.00011
Spirochaetaceae	137	F	1629	40	1669	0.00009
Leptospiraceae	170	F	1453	29	1482	0.00008
Synergistaceae	649777	F	4921	416	5337	0.00030
Nectriaceae	110618	F	30004	1703	31707	0.00177
Hypocreaceae	5129	F	9789	393	10182	0.00057
Ophiocordycipitaceae	474942	F	9192	515	9707	0.00054
Cordycipitaceae	474943	F	7929	252	8181	0.00046
Clavicipitaceae	34397	F	7749	689	8438	0.00047
Bionectriaceae	103887	F	3639	259	3898	0.00022
Glomerellaceae	681950	F	3004	603	3607	0.00020
Chaetomiaceae	35718	F	7278	220	7498	0.00042
Sordariaceae	5148	F	1144	49	1193	0.00007
Pyriculariaceae	2528436	F	3613	33	3646	0.00020
Sporocadaceae	1812776	F	2337	38	2375	0.00013
Aspergillaceae	1131492	F	12163	508	12671	0.00071
Trichocomaceae	28568	F	3590	213	3803	0.00021
Didymosphaeriaceae	221678	F	1266	429	1695	0.00009
Mycosphaerellaceae	93133	F	1281	12	1293	0.00007
Saccharomycetaceae	4893	F	1799	353	2152	0.00012
Ustilaginaceae	5268	F	5603	125	5728	0.00032
Phanerochaetaceae	396331	F	1353	17	1370	0.00008
Peronosporaceae	4777	F	10274	1593	11867	0.00066
Pythiaceae	4782	F	1086	16	1102	0.00006
