name	taxonomy_id	taxonomy_lvl	kraken_assigned_reads	added_reads	new_est_reads	fraction_total_reads
Streptomyces	1883	G	1834950	389801	2224751	0.12548
Kitasatospora	2063	G	29352	9573	38925	0.00220
Yinghuangia	2805681	G	20194	2995	23189	0.00131
Streptacidiphilus	228398	G	19220	5109	24329	0.00137
Microbacterium	33882	G	152356	23535	175891	0.00992
Agromyces	33877	G	47424	9898	57322	0.00323
Curtobacterium	2034	G	33675	6291	39966	0.00225
Rathayibacter	33886	G	29612	5946	35558	0.00201
Leucobacter	55968	G	22975	3978	26953	0.00152
Clavibacter	1573	G	22907	16252	39159	0.00221
Leifsonia	110932	G	22870	10290	33160	0.00187
Agrococcus	46352	G	21481	5079	26560	0.00150
Protaetiibacter	2680004	G	9756	2453	12209	0.00069
Salinibacterium	235888	G	8305	1158	9463	0.00053
Cryobacterium	69578	G	7542	977	8519	0.00048
Frondihabitans	447237	G	6711	907	7618	0.00043
Plantibacter	190323	G	5728	656	6384	0.00036
Microterricola	518733	G	5607	1190	6797	0.00038
Microcella	337004	G	5137	1548	6685	0.00038
Cnuibacter	1759331	G	4137	764	4901	0.00028
Herbiconiux	881616	G	3920	672	4592	0.00026
Frigoribacterium	96492	G	3862	970	4832	0.00027
Gryllotalpicola	1195526	G	3857	649	4506	0.00025
Mycetocola	76634	G	3481	399	3880	0.00022
Subtercola	120212	G	3406	254	3660	0.00021
Humibacter	427753	G	3087	586	3673	0.00021
Amnibacterium	1029631	G	2799	579	3378	0.00019
Chryseoglobus	1331730	G	2738	490	3228	0.00018
Gulosibacter	256818	G	2540	638	3178	0.00018
Marisediminicola	1230698	G	2290	247	2537	0.00014
Diaminobutyricimonas	1433997	G	1877	304	2181	0.00012
Agreia	110934	G	1721	181	1902	0.00011
Glaciihabitans	1649454	G	1696	116	1812	0.00010
Arthrobacter	1663	G	118868	27134	146002	0.00824
Kocuria	57493	G	19955	5609	25564	0.00144
Pseudarthrobacter	1742993	G	18618	5947	24565	0.00139
Sinomonas	596707	G	9735	2295	12030	0.00068
Micrococcus	1269	G	9623	5972	15595	0.00088
Glutamicibacter	1742989	G	5776	1923	7699	0.00043
Paenarthrobacter	1742992	G	4363	2382	6745	0.00038
Rothia	32207	G	4176	1604	5780	0.00033
Citricoccus	169133	G	3155	759	3914	0.00022
Nesterenkonia	57494	G	1160	69	1229	0.00007
Cellulomonas	1707	G	75646	24749	100395	0.00566
Actinotalea	458839	G	5119	1698	6817	0.00038
Oerskovia	162491	G	3991	1183	5174	0.00029
Pseudactinotalea	1926259	G	3532	484	4016	0.00023
Paraoerskovia	665568	G	2804	684	3488	0.00020
Janibacter	53457	G	18318	5114	23432	0.00132
Phycicoccus	367298	G	15748	4359	20107	0.00113
Intrasporangium	53357	G	14150	3440	17590	0.00099
Pedococcus	2805645	G	13133	3837	16970	0.00096
Tetrasphaera	99479	G	10415	2695	13110	0.00074
Arsenicicoccus	267408	G	5645	2047	7692	0.00043
Cellulosimicrobium	157920	G	23524	9107	32631	0.00184
Xylanimonas	186188	G	12795	3886	16681	0.00094
Isoptericola	254250	G	9749	4099	13848	0.00078
Ornithinimicrobium	125287	G	19949	3941	23890	0.00135
Serinicoccus	265976	G	15537	4005	19542	0.00110
Brachybacterium	43668	G	25007	3912	28919	0.00163
Dermabacter	36739	G	1851	981	2832	0.00016
Brevibacterium	1696	G	26493	4914	31407	0.00177
Dermacoccus	57495	G	6674	2173	8847	0.00050
Luteipulveratus	745364	G	5377	716	6093	0.00034
Allobranchiibius	2040262	G	4209	879	5088	0.00029
Yimella	908935	G	2372	455	2827	0.00016
Georgenia	154116	G	18304	5048	23352	0.00132
Ruania	626119	G	15675	1767	17442	0.00098
Pengzhenrongella	2888818	G	5940	1548	7488	0.00042
Luteimicrobium	754249	G	5332	1524	6856	0.00039
Beutenbergia	84756	G	6441	996	7437	0.00042
Miniimonas	947525	G	4777	2278	7055	0.00040
Sanguibacter	60919	G	7977	2249	10226	0.00058
Gephyromycinifex	2885697	G	1728	200	1928	0.00011
Austwickia	1184606	G	1278	99	1377	0.00008
Kytococcus	57499	G	3125	1584	4709	0.00027
Demequina	577469	G	1190	88	1278	0.00007
Mycobacterium	1763	G	200956	47427	248383	0.01401
Mycolicibacterium	1866885	G	194146	34134	228280	0.01288
Mycolicibacter	1073531	G	13452	4951	18403	0.00104
Mycobacteroides	670516	G	11200	3460	14660	0.00083
Mycolicibacillus	2126281	G	2643	655	3298	0.00019
Hoyosella	697025	G	1188	61	1249	0.00007
Nocardia	1817	G	130359	20875	151234	0.00853
Rhodococcus	1827	G	118608	30963	149571	0.00844
Corynebacterium	1716	G	70496	18441	88937	0.00502
Gordonia	2053	G	58206	11625	69831	0.00394
Skermania	59613	G	2832	298	3130	0.00018
Tsukamurella	2060	G	18913	4357	23270	0.00131
Dietzia	37914	G	10888	2231	13119	0.00074
Tomitella	741759	G	6781	1302	8083	0.00046
Segniliparus	286801	G	1565	80	1645	0.00009
Nocardioides	1839	G	604954	126817	731771	0.04127
Aeromicrobium	2040	G	34104	6453	40557	0.00229
Marmoricola	86795	G	10462	3740	14202	0.00080
Pimelobacter	2044	G	8776	3075	11851	0.00067
Friedmanniella	53387	G	7665	1430	9095	0.00051
Mumia	1546255	G	5702	957	6659	0.00038
Micropruina	116071	G	2842	388	3230	0.00018
Microlunatus	29404	G	25430	2699	28129	0.00159
Tessaracoccus	72763	G	20221	3996	24217	0.00137
Brevilactibacter	2717325	G	7850	2909	10759	0.00061
Acidipropionibacterium	1912215	G	6938	2541	9479	0.00053
Propionibacterium	1743	G	6614	2096	8710	0.00049
Auraticoccus	1278221	G	5025	854	5879	0.00033
Raineyella	1911549	G	3127	399	3526	0.00020
Cutibacterium	1912216	G	3108	785	3893	0.00022
Arachnia	2801844	G	2988	212	3200	0.00018
Kribbella	182639	G	78207	10842	89049	0.00502
Actinopolymorpha	117156	G	16611	1754	18365	0.00104
Amycolatopsis	1813	G	287491	50468	337959	0.01906
Pseudonocardia	1847	G	191988	31861	223849	0.01263
Saccharopolyspora	1835	G	40168	8058	48226	0.00272
Saccharothrix	2071	G	35667	9322	44989	0.00254
Kutzneria	43356	G	22758	4405	27163	0.00153
Saccharomonospora	1851	G	22150	3680	25830	0.00146
Actinoalloteichus	65496	G	21627	1872	23499	0.00133
Lentzea	165301	G	16499	3235	19734	0.00111
Actinosynnema	40566	G	13143	3767	16910	0.00095
Kibdelosporangium	2029	G	12309	1377	13686	0.00077
Allokutzneria	1137960	G	8932	1993	10925	0.00062
Alloactinosynnema	674734	G	8383	1727	10110	0.00057
Prauserella	142577	G	4930	418	5348	0.00030
Allosaccharopolyspora	2893576	G	3747	753	4500	0.00025
Micromonospora	1873	G	194510	47810	242320	0.01367
Actinoplanes	1865	G	117138	18451	135589	0.00765
Dactylosporangium	35753	G	28160	2951	31111	0.00175
Phytohabitans	907364	G	26369	3284	29653	0.00167
Actinocatenispora	390988	G	18946	2269	21215	0.00120
Plantactinospora	673534	G	18730	3164	21894	0.00123
Couchioplanes	56433	G	16848	3947	20795	0.00117
Catellatospora	53365	G	13743	2848	16591	0.00094
Polymorphospora	338583	G	9009	1842	10851	0.00061
Natronosporangium	2920401	G	5343	347	5690	0.00032
Verrucosispora	84593	G	4233	2908	7141	0.00040
Salinispora	168694	G	3053	474	3527	0.00020
Actinomadura	1988	G	173473	31257	204730	0.01155
Thermomonospora	2019	G	16269	4471	20740	0.00117
Nonomuraea	83681	G	69904	11226	81130	0.00458
Streptosporangium	2000	G	27984	5111	33095	0.00187
Thermobispora	147067	G	7029	1507	8536	0.00048
Nocardiopsis	2013	G	23631	4873	28504	0.00161
Thermobifida	83677	G	9747	1846	11593	0.00065
Streptomonospora	104204	G	5270	962	6232	0.00035
Spiractinospora	2913367	G	3594	222	3816	0.00022
Blastococcus	38501	G	39115	11217	50332	0.00284
Modestobacter	88138	G	31263	9398	40661	0.00229
Geodermatophilus	1860	G	18599	6079	24678	0.00139
Actinomyces	1654	G	32087	4321	36408	0.00205
Schaalia	2529408	G	4176	710	4886	0.00028
Flaviflexus	1522056	G	2421	561	2982	0.00017
Trueperella	1069494	G	2053	581	2634	0.00015
Pauljensenia	2740557	G	1178	362	1540	0.00009
Frankia	1854	G	42796	4059	46855	0.00264
Jiangella	281472	G	26903	4463	31366	0.00177
Bifidobacterium	1678	G	18095	6906	25001	0.00141
Nakamurella	53460	G	16880	2122	19002	0.00107
Catenulispora	414878	G	11514	1581	13095	0.00074
Jatrophihabitans	1434010	G	8920	744	9664	0.00055
Stackebrandtia	283810	G	5667	482	6149	0.00035
Kineococcus	33981	G	5586	1459	7045	0.00040
Epidermidibacterium	2078948	G	3676	1636	5312	0.00030
Actinopolyspora	1849	G	2918	282	3200	0.00018
Acidothermus	28048	G	1946	98	2044	0.00012
Conexibacter	191494	G	152146	21411	173557	0.00979
Miltoncostaea	2843200	G	35414	4472	39886	0.00225
Baekduia	2600304	G	58315	9375	67690	0.00382
Rubrobacter	42255	G	28511	1229	29740	0.00168
Aquihabitans	1648491	G	26982	4290	31272	0.00176
Iamia	467975	G	12601	1909	14510	0.00082
Actinomarinicola	2789775	G	12291	2305	14596	0.00082
Ilumatobacter	682522	G	6646	392	7038	0.00040
Acidimicrobium	53634	G	2478	186	2664	0.00015
Eggerthella	84111	G	4750	1539	6289	0.00035
Gordonibacter	644652	G	2450	933	3383	0.00019
Adlercreutzia	447020	G	2148	407	2555	0.00014
Arabiibacter	2005386	G	2021	348	2369	0.00013
Raoultibacter	1926677	G	1083	79	1162	0.00007
Olsenella	133925	G	3167	557	3724	0.00021
Parolsenella	2082587	G	2000	639	2639	0.00015
Parafannyhessea	2847312	G	1160	653	1813	0.00010
Thermophilibacter	2847307	G	1066	392	1458	0.00008
Collinsella	102106	G	2812	824	3636	0.00021
Egibacter	1747770	G	6697	373	7070	0.00040
Egicoccus	1755825	G	6024	877	6901	0.00039
Euzebya	908623	G	5777	448	6225	0.00035
Paenibacillus	44249	G	52523	5606	58129	0.00328
Brevibacillus	55080	G	5106	1072	6178	0.00035
Cohnella	329857	G	4188	633	4821	0.00027
Thermobacillus	76632	G	2431	340	2771	0.00016
Saccharibacillus	456492	G	1857	235	2092	0.00012
Priestia	2800373	G	12505	12016	24521	0.00138
Bacillus	1386	G	11511	34754	46265	0.00261
Geobacillus	129337	G	3627	1627	5254	0.00030
Hydrogenibacillus	1609627	G	2416	423	2839	0.00016
Anoxybacillus	150247	G	1660	540	2200	0.00012
Neobacillus	2675232	G	1561	760	2321	0.00013
Peribacillus	2675229	G	1418	671	2089	0.00012
Alicyclobacillus	29330	G	3835	321	4156	0.00023
Tumebacillus	432330	G	2630	1007	3637	0.00021
Kyrpidia	1129704	G	1161	68	1229	0.00007
Planococcus	1372	G	1864	642	2506	0.00014
Exiguobacterium	33986	G	1736	619	2355	0.00013
Streptococcus	1301	G	1487	1592	3079	0.00017
Faecalibacterium	216851	G	2715	2340	5055	0.00029
Dysosmobacter	2591381	G	1536	906	2442	0.00014
Flavonifractor	946234	G	1281	433	1714	0.00010
Thermaerobacter	73918	G	8773	849	9622	0.00054
Symbiobacterium	2733	G	3610	403	4013	0.00023
Clostridium	1485	G	2337	848	3185	0.00018
Candidatus Desulforudis	471826	G	1023	104	1127	0.00006
Christensenella	990721	G	1212	607	1819	0.00010
Moorella	44260	G	1559	148	1707	0.00010
Gelria	189326	G	1245	171	1416	0.00008
Selenomonas	970	G	4598	287	4885	0.00028
Megasphaera	906	G	1145	473	1618	0.00009
Limnochorda	1676651	G	3532	145	3677	0.00021
Deinococcus	1298	G	39258	4487	43745	0.00247
Thermus	270	G	6001	438	6439	0.00036
Oceanithermus	208447	G	3339	328	3667	0.00021
Meiothermus	65551	G	3212	187	3399	0.00019
Marinithermus	186191	G	2096	302	2398	0.00014
Truepera	332248	G	2877	140	3017	0.00017
Synechococcus	1129	G	18772	2350	21122	0.00119
Cyanobium	167375	G	3738	865	4603	0.00026
Nostoc	1177	G	3401	1472	4873	0.00027
Calothrix	1186	G	1845	511	2356	0.00013
Leptolyngbya	47251	G	3019	317	3336	0.00019
Gloeobacter	33071	G	5562	166	5728	0.00032
Sphaerobacter	2056	G	8328	426	8754	0.00049
Thermomicrobium	499	G	1978	37	2015	0.00011
Roseiflexus	120961	G	6328	304	6632	0.00037
Chloroflexus	1107	G	2045	72	2117	0.00012
Tepidiforma	2682228	G	5640	225	5865	0.00033
Candidatus Promineofilum	1988031	G	5149	99	5248	0.00030
Caldilinea	233191	G	2597	129	2726	0.00015
Ktedonosporobacter	2692417	G	2201	50	2251	0.00013
Dehalogenimonas	670486	G	1092	45	1137	0.00006
Thermobaculum	262406	G	1006	131	1137	0.00006
Fimbriimonas	1005038	G	3393	19	3412	0.00019
Bradyrhizobium	374	G	917085	102649	1019734	0.05752
Rhodopseudomonas	1073	G	44834	11017	55851	0.00315
Nitrobacter	911	G	19504	2124	21628	0.00122
Tardiphaga	1395974	G	16678	1808	18486	0.00104
Afipia	1033	G	13078	4726	17804	0.00100
Variibacter	1649510	G	10176	685	10861	0.00061
Mesorhizobium	68287	G	203252	32963	236215	0.01332
Aquibium	2911176	G	11525	2418	13943	0.00079
Aminobacter	31988	G	9151	5279	14430	0.00081
Nitratireductor	245876	G	7750	1005	8755	0.00049
Phyllobacterium	28100	G	5190	462	5652	0.00032
Roseitalea	1915401	G	3497	514	4011	0.00023
Hoeflea	274591	G	2961	244	3205	0.00018
Oricola	1594166	G	2572	307	2879	0.00016
Salaquimonas	2712688	G	1045	41	1086	0.00006
Rhizobium	379	G	105238	38882	144120	0.00813
Agrobacterium	357	G	21267	6356	27623	0.00156
Neorhizobium	1525371	G	10281	2136	12417	0.00070
Pseudorhizobium	1903858	G	2857	494	3351	0.00019
Sinorhizobium	28105	G	23898	9009	32907	0.00186
Ensifer	106591	G	20943	3691	24634	0.00139
Shinella	323620	G	17411	11298	28709	0.00162
Ciceribacter	1648508	G	2375	420	2795	0.00016
Georhizobium	2661800	G	2211	417	2628	0.00015
Methylobacterium	407	G	110115	18068	128183	0.00723
Microvirga	186650	G	25459	2813	28272	0.00159
Methylorubrum	2282523	G	24280	8787	33067	0.00187
Rhodoplanes	29407	G	89001	7642	96643	0.00545
Hyphomicrobium	81	G	15682	943	16625	0.00094
Methyloceanibacter	1484898	G	6323	382	6705	0.00038
Aquabacter	45402	G	4205	614	4819	0.00027
Methyloligella	1485594	G	4190	452	4642	0.00026
Rhodomicrobium	1068	G	3082	190	3272	0.00018
Caenibius	2827482	G	2220	889	3109	0.00018
Filomicrobium	119044	G	1349	34	1383	0.00008
Pseudolabrys	556257	G	55438	7337	62775	0.00354
Starkeya	152053	G	15618	3689	19307	0.00109
Xanthobacter	279	G	15319	3226	18545	0.00105
Ancylobacter	99	G	14085	4453	18538	0.00105
Labrys	204476	G	5702	529	6231	0.00035
Azorhizobium	6	G	4958	958	5916	0.00033
Bosea	85413	G	44967	6216	51183	0.00289
Aureimonas	414371	G	19937	3622	23559	0.00133
Martelella	293088	G	10760	1848	12608	0.00071
Aurantimonas	182269	G	5337	1414	6751	0.00038
Nordella	169055	G	18621	922	19543	0.00110
Pseudorhodoplanes	1734920	G	13285	863	14148	0.00080
Terrihabitans	2874214	G	3095	311	3406	0.00019
Devosia	46913	G	25685	1847	27532	0.00155
Paradevosia	1573407	G	3127	1023	4150	0.00023
Youhaiella	1827478	G	2936	554	3490	0.00020
Pelagibacterium	1082930	G	1621	164	1785	0.00010
Methylocystis	133	G	18598	1483	20081	0.00113
Methylosinus	425	G	9041	1224	10265	0.00058
Phreatobacter	1632780	G	22988	3446	26434	0.00149
Stappia	152161	G	8381	1406	9787	0.00055
Roseibium	150830	G	4139	473	4612	0.00026
Pannonibacter	227873	G	3848	2354	6202	0.00035
Labrenzia	478070	G	3506	274	3780	0.00021
Methylocella	120652	G	6799	573	7372	0.00042
Methylovirgula	1156568	G	5535	420	5955	0.00034
Beijerinckia	532	G	1525	112	1637	0.00009
Blastochloris	59282	G	13354	2829	16183	0.00091
Kaustia	2838250	G	6634	584	7218	0.00041
Parvibaculum	256616	G	3318	2158	5476	0.00031
Pyruvatibacter	1742974	G	2206	266	2472	0.00014
Chelatococcus	28209	G	11556	2329	13885	0.00078
Kaistia	166953	G	7801	1723	9524	0.00054
Acuticoccus	1904377	G	7460	744	8204	0.00046
Brucella	234	G	6240	10235	16475	0.00093
Lichenihabitans	2723776	G	4690	207	4897	0.00028
Hartmannibacter	1572860	G	4668	740	5408	0.00031
Breoghania	1406135	G	4537	538	5075	0.00029
Sphingomonas	13687	G	236940	30600	267540	0.01509
Sphingobium	165695	G	43406	19716	63122	0.00356
Sphingopyxis	165697	G	43391	8311	51702	0.00292
Novosphingobium	165696	G	31469	10699	42168	0.00238
Rhizorhabdus	1649486	G	14250	5971	20221	0.00114
Sphingosinithalassobacter	2676233	G	5639	1230	6869	0.00039
Allosphingosinicella	2823232	G	4765	539	5304	0.00030
Parasphingopyxis	1234545	G	3719	171	3890	0.00022
Sphingorhabdus	1434046	G	3331	204	3535	0.00020
Blastomonas	150203	G	3086	527	3613	0.00020
Hankyongella	1763827	G	2452	423	2875	0.00016
Tardibacter	2685927	G	2034	1356	3390	0.00019
Citromicrobium	72173	G	1648	683	2331	0.00013
Novosphingopyxis	2709686	G	1500	755	2255	0.00013
Parasphingorhabdus	2709685	G	1048	31	1079	0.00006
Erythrobacter	1041	G	19566	4389	23955	0.00135
Porphyrobacter	1111	G	6155	1514	7669	0.00043
Qipengyuania	1855416	G	12284	2905	15189	0.00086
Croceicoccus	1295327	G	7452	3977	11429	0.00064
Altererythrobacter	361177	G	6590	1465	8055	0.00045
Tsuneonella	2800686	G	6354	1163	7517	0.00042
Aurantiacibacter	2800681	G	1489	212	1701	0.00010
Pelagerythrobacter	2800685	G	1314	164	1478	0.00008
Paraurantiacibacter	2800682	G	1109	131	1240	0.00007
Croceibacterium	2676755	G	1017	354	1371	0.00008
Sphingosinicella	335405	G	11071	1097	12168	0.00069
Polymorphobacter	1508451	G	6364	239	6603	0.00037
Sandaracinobacter	56358	G	2554	166	2720	0.00015
Azospirillum	191	G	68791	8258	77049	0.00435
Skermanella	204447	G	23528	3055	26583	0.00150
Nitrospirillum	1543705	G	5315	563	5878	0.00033
Indioceanicola	2478349	G	3728	466	4194	0.00024
Niveispirillum	1543704	G	2052	202	2254	0.00013
Roseomonas	125216	G	38293	5152	43445	0.00245
Rhodovastum	504465	G	9398	846	10244	0.00058
Komagataeibacter	1434011	G	6811	2356	9167	0.00052
Acidiphilium	522	G	5969	3091	9060	0.00051
Roseococcus	35812	G	4755	379	5134	0.00029
Acidibrevibacterium	2603324	G	4305	344	4649	0.00026
Lichenicola	2804525	G	4188	179	4367	0.00025
Sediminicoccus	1706033	G	3869	170	4039	0.00023
Acetobacter	434	G	3578	839	4417	0.00025
Gluconobacter	441	G	2744	537	3281	0.00019
Gluconacetobacter	89583	G	2629	428	3057	0.00017
Granulibacter	364409	G	1714	3228	4942	0.00028
Asaia	91914	G	1130	168	1298	0.00007
Neoasaia	320496	G	1118	172	1290	0.00007
Hypericibacter	2705399	G	24322	1345	25667	0.00145
Magnetospirillum	13134	G	13122	250139	263261	0.01485
Rhodospirillum	1081	G	7823	837	8660	0.00049
Tistrella	171436	G	5709	2409	8118	0.00046
Ferrovibrio	1231242	G	4573	268	4841	0.00027
Defluviicoccus	111830	G	3143	260	3403	0.00019
Pararhodospirillum	1612157	G	1788	128	1916	0.00011
Stella	93	G	12725	817	13542	0.00076
Elioraea	457933	G	5796	273	6069	0.00034
Thalassospira	168934	G	2446	203	2649	0.00015
Magnetospira	1182780	G	1228	39	1267	0.00007
Paracoccus	265	G	38180	5796	43976	0.00248
Cereibacter	1653176	G	10210	2115	12325	0.00070
Rhodobacter	1060	G	10175	2765	12940	0.00073
Rhodovulum	34008	G	5725	1098	6823	0.00038
Polymorphum	991903	G	4471	1008	5479	0.00031
Paroceanicella	2683599	G	4404	1017	5421	0.00031
Thioclava	285107	G	3223	360	3583	0.00020
Pikeienuella	2831955	G	3208	276	3484	0.00020
Pontivivens	1844015	G	2721	186	2907	0.00016
Silicimonas	1955420	G	2487	130	2617	0.00015
Pelagovum	2795377	G	2465	272	2737	0.00015
Frigidibacter	1775705	G	2127	794	2921	0.00016
Pukyongiella	2831925	G	1940	400	2340	0.00013
Brevirhabdus	1855413	G	1727	705	2432	0.00014
Gymnodinialimonas	2937410	G	1587	133	1720	0.00010
Fuscovulum	2818469	G	1525	163	1688	0.00010
Pseudopuniceibacterium	2613960	G	1452	99	1551	0.00009
Haematobacter	366614	G	1374	484	1858	0.00010
Falsirhodobacter	1434002	G	1371	170	1541	0.00009
Gemmobacter	204456	G	1324	250	1574	0.00009
Pacificitalea	2846749	G	1302	246	1548	0.00009
Tabrizicola	1443919	G	1224	93	1317	0.00007
Pseudooceanicola	1679449	G	1164	100	1264	0.00007
Roseicitreum	1209946	G	1011	46	1057	0.00006
Sulfitobacter	60136	G	10335	1660	11995	0.00068
Roseovarius	74030	G	10318	1377	11695	0.00066
Salipiger	263377	G	8084	2256	10340	0.00058
Roseivivax	93682	G	6149	791	6940	0.00039
Celeribacter	875170	G	4378	1428	5806	0.00033
Phaeobacter	302485	G	4017	682	4699	0.00027
Ruegeria	97050	G	3629	461	4090	0.00023
Leisingera	191028	G	3611	419	4030	0.00023
Pseudosulfitobacter	2854186	G	2915	682	3597	0.00020
Yangia	2919626	G	2812	418	3230	0.00018
Sagittula	58842	G	2674	931	3605	0.00020
Ponticoccus	983507	G	2041	267	2308	0.00013
Mameliella	1434019	G	2024	320	2344	0.00013
Roseobacter	2433	G	1767	40	1807	0.00010
Dinoroseobacter	309512	G	1572	481	2053	0.00012
Ketogulonicigenium	92944	G	1549	155	1704	0.00010
Octadecabacter	53945	G	1537	85	1622	0.00009
Actibacterium	1433986	G	1446	596	2042	0.00012
Roseibacterium	159345	G	1404	106	1510	0.00009
Oceanicola	252301	G	1343	61	1404	0.00008
Antarctobacter	74032	G	1065	48	1113	0.00006
Tateyamaria	299261	G	1018	29	1047	0.00006
Caulobacter	75	G	47347	6081	53428	0.00301
Brevundimonas	41275	G	36832	5018	41850	0.00236
Phenylobacterium	20	G	14039	2084	16123	0.00091
Terricaulis	2768684	G	4679	148	4827	0.00027
Asticcacaulis	76890	G	3362	240	3602	0.00020
Hyphomonas	85	G	4137	181	4318	0.00024
Candidatus Viadribacter	2892997	G	2525	61	2586	0.00015
Marinicauda	1649466	G	3481	534	4015	0.00023
Maricaulis	74317	G	1235	72	1307	0.00007
Glycocaulis	1433402	G	1099	51	1150	0.00006
Aquisalinus	1795639	G	1451	63	1514	0.00009
Burkholderia	32008	G	198775	158593	357368	0.02016
Paraburkholderia	1822464	G	101974	10412	112386	0.00634
Cupriavidus	106589	G	98604	40461	139065	0.00784
Ralstonia	48736	G	28530	18371	46901	0.00265
Caballeronia	1827195	G	27894	3306	31200	0.00176
Pandoraea	93217	G	26812	4040	30852	0.00174
Polynucleobacter	44013	G	2596	70	2666	0.00015
Lautropia	47670	G	1862	325	2187	0.00012
Chitinimonas	240411	G	1679	128	1807	0.00010
Mycetohabitans	2571159	G	1419	91	1510	0.00009
Variovorax	34072	G	95582	31811	127393	0.00719
Hydrogenophaga	47420	G	35074	15577	50651	0.00286
Acidovorax	12916	G	33664	16808	50472	0.00285
Comamonas	283	G	21288	9423	30711	0.00173
Ramlibacter	174951	G	18731	6764	25495	0.00144
Rhodoferax	28065	G	16781	3752	20533	0.00116
Diaphorobacter	238749	G	11551	11898	23449	0.00132
Schlegelella	215579	G	11442	3315	14757	0.00083
Delftia	80865	G	10563	12577	23140	0.00131
Polaromonas	52972	G	8086	588	8674	0.00049
Kinneretia	683756	G	7648	4574	12222	0.00069
Ottowia	219181	G	5786	961	6747	0.00038
Alicycliphilus	201096	G	5413	9030	14443	0.00081
Melaminivora	1649468	G	4398	3931	8329	0.00047
Serpentinimonas	2490452	G	3225	749	3974	0.00022
Verminephrobacter	364316	G	2652	309	2961	0.00017
Hylemonella	232523	G	2203	299	2502	0.00014
Pulveribacter	2678886	G	2138	1045	3183	0.00018
Simplicispira	352450	G	1603	592	2195	0.00012
Massilia	149698	G	87527	14599	102126	0.00576
Duganella	75654	G	8034	2532	10566	0.00060
Janthinobacterium	29580	G	16813	4265	21078	0.00119
Herbaspirillum	963	G	16694	2995	19689	0.00111
Collimonas	202907	G	7238	767	8005	0.00045
Noviherbaspirillum	1344552	G	4190	663	4853	0.00027
Undibacterium	401469	G	1037	64	1101	0.00006
Achromobacter	222	G	52767	22594	75361	0.00425
Bordetella	517	G	47967	27415	75382	0.00425
Pigmentiphaga	152267	G	7907	851	8758	0.00049
Orrella	1921582	G	3563	1052	4615	0.00026
Castellaniella	359336	G	3169	2116	5285	0.00030
Alcaligenes	507	G	2279	557	2836	0.00016
Pusillimonas (ex Stolz et al. 2005)	305976	G	1635	311	1946	0.00011
Paralcaligenes	1148163	G	1084	42	1126	0.00006
Kerstersia	257820	G	1062	214	1276	0.00007
Rhizobacter	212743	G	15252	3231	18483	0.00104
Sphaerotilus	34102	G	9699	4769	14468	0.00082
Rubrivivax	28067	G	7770	2370	10140	0.00057
Methylibium	316612	G	7497	2211	9708	0.00055
Thiomonas	32012	G	7033	1144	8177	0.00046
Mitsuaria	65047	G	5976	1155	7131	0.00040
Aquincola	391952	G	5639	1912	7551	0.00043
Leptothrix	88	G	5375	1650	7025	0.00040
Xylophilus	54066	G	4518	1279	5797	0.00033
Ideonella	36862	G	3062	1788	4850	0.00027
Tepidimonas	114248	G	2960	1064	4024	0.00023
Aquabacterium	92793	G	2524	650	3174	0.00018
Roseateles	93681	G	2524	470	2994	0.00017
Inhella	644355	G	1811	283	2094	0.00012
Paucibacter	318147	G	1600	266	1866	0.00011
Sutterella	40544	G	2661	240	2901	0.00016
Thauera	33057	G	20963	13065	34028	0.00192
Azoarcus	12960	G	17901	5660	23561	0.00133
Nitrogeniibacter	2891294	G	5789	904	6693	0.00038
Aromatoleum	551759	G	17275	5069	22344	0.00126
Azospira	146937	G	11361	5192	16553	0.00093
Niveibacterium	1769726	G	3208	459	3667	0.00021
Oryzomicrobium	1911577	G	2148	545	2693	0.00015
Dechloromonas	73029	G	5290	917	6207	0.00035
Ferribacterium	88875	G	4284	724	5008	0.00028
Quatrionicoccus	138117	G	1932	565	2497	0.00014
Usitatibacter	2803845	G	42370	3282	45652	0.00257
Denitratisoma	311181	G	4470	2213	6683	0.00038
Sulfuritalea	1054211	G	3750	551	4301	0.00024
Methyloversatilis	378210	G	3179	422	3601	0.00020
Sterolibacterium	157591	G	2309	641	2950	0.00017
Thiobacillus	919	G	4530	884	5414	0.00031
Sulfuritortus	1938335	G	2920	1224	4144	0.00023
Sideroxydans	314343	G	3237	446	3683	0.00021
Ferrigenium	2249462	G	2091	438	2529	0.00014
Nitrosospira	35798	G	5749	187	5936	0.00033
Nitrosomonas	914	G	1245	194	1439	0.00008
Sulfurimicrobium	2772198	G	2361	305	2666	0.00015
Sulfuriferula	1778653	G	2357	377	2734	0.00015
Sulfuricella	935200	G	1188	112	1300	0.00007
Chromobacterium	535	G	16898	3662	20560	0.00116
Jeongeupia	885864	G	5048	890	5938	0.00033
Paludibacterium	400060	G	4178	691	4869	0.00027
Pseudogulbenkiania	568394	G	2935	930	3865	0.00022
Vogesella	57739	G	2828	662	3490	0.00020
Aquitalea	407217	G	2274	423	2697	0.00015
Microvirgula	57479	G	2037	369	2406	0.00014
Laribacter	168470	G	1488	1342	2830	0.00016
Aquaspirillum	187	G	1004	141	1145	0.00006
Neisseria	482	G	6220	2173	8393	0.00047
Crenobacter	1654931	G	3522	1110	4632	0.00026
Chitinolyticbacter	1055692	G	2288	270	2558	0.00014
Vitreoscilla	59	G	1266	206	1472	0.00008
Casimicrobium	2706000	G	2593	1199	3792	0.00021
Lysobacter	68	G	109492	19427	128919	0.00727
Xanthomonas	338	G	47527	30162	77689	0.00438
Stenotrophomonas	40323	G	47064	19801	66865	0.00377
Luteimonas	83614	G	29197	5693	34890	0.00197
Pseudoxanthomonas	83618	G	19847	8424	28271	0.00159
Thermomonas	141948	G	12880	3399	16279	0.00092
Arenimonas	490567	G	3578	689	4267	0.00024
Pseudolysobacter	2709666	G	2541	67	2608	0.00015
Luteibacter	242605	G	17325	1873	19198	0.00108
Rhodanobacter	75309	G	13960	2943	16903	0.00095
Dyella	231454	G	12183	1939	14122	0.00080
Frateuria	70411	G	9897	2444	12341	0.00070
Dokdonella	323413	G	6897	1176	8073	0.00046
Aerosticca	2707020	G	3003	3793	6796	0.00038
Ahniella	2233801	G	1789	46	1835	0.00010
Pseudomonas	286	G	319062	94161	413223	0.02331
Azotobacter	352	G	6978	1283	8261	0.00047
Halopseudomonas	2901189	G	3920	703	4623	0.00026
Marinobacter	2742	G	7952	634	8586	0.00048
Klebsiella	570	G	9478	68048	77526	0.00437
Raoultella	160674	G	2466	1505	3971	0.00022
Enterobacter	547	G	10695	17421	28116	0.00159
Citrobacter	544	G	4873	5110	9983	0.00056
Cronobacter	413496	G	3049	761	3810	0.00021
Kosakonia	1330547	G	2703	469	3172	0.00018
Leclercia	83654	G	2616	1548	4164	0.00023
Salmonella	590	G	2182	57446	59628	0.00336
Pluralibacter	1330546	G	1899	496	2395	0.00014
Escherichia	561	G	1642	29905	31547	0.00178
Cedecea	158483	G	1467	220	1687	0.00010
Lelliottia	1330545	G	1015	223	1238	0.00007
Serratia	613	G	15777	4311	20088	0.00113
Rahnella	34037	G	1647	433	2080	0.00012
Yersinia	629	G	1547	973	2520	0.00014
Pantoea	53335	G	9409	1919	11328	0.00064
Erwinia	551	G	3793	816	4609	0.00026
Mixta	2100764	G	2244	641	2885	0.00016
Dickeya	204037	G	4467	5576	10043	0.00057
Pectobacterium	122277	G	2586	449	3035	0.00017
Brenneria	71655	G	1711	146	1857	0.00010
Edwardsiella	635	G	2648	983	3631	0.00020
Sodalis	84565	G	1832	125	1957	0.00011
Thioalkalivibrio	106633	G	10478	1658	12136	0.00068
Spiribacter	1335745	G	7145	469	7614	0.00043
Acidihalobacter	1765964	G	4738	366	5104	0.00029
Halorhodospira	85108	G	2311	179	2490	0.00014
Aquisalimonas	406099	G	2005	124	2129	0.00012
Alkalilimnicola	133193	G	1953	225	2178	0.00012
Ectothiorhodospira	1051	G	1690	149	1839	0.00010
Thiodictyon	53392	G	3883	193	4076	0.00023
Allochromatium	85072	G	3792	817	4609	0.00026
Marichromatium	85076	G	3386	613	3999	0.00023
Thioflavicoccus	156885	G	3373	293	3666	0.00021
Thiocapsa	1056	G	2794	139	2933	0.00017
Thiocystis	13724	G	2097	169	2266	0.00013
Thermochromatium	85073	G	1278	279	1557	0.00009
Wenzhouxiangella	1676142	G	3818	178	3996	0.00023
Thiohalobacter	1273155	G	2588	291	2879	0.00016
Guyparkeria	2035712	G	2155	501	2656	0.00015
Sulfurivermis	2034504	G	1844	647	2491	0.00014
Halothiobacillus	109262	G	1332	103	1435	0.00008
Woeseia	1738655	G	1095	17	1112	0.00006
Halomonas	2745	G	38651	5499	44150	0.00249
Cobetia	204286	G	2491	1592	4083	0.00023
Halotalea	376488	G	2195	409	2604	0.00015
Salinicola	404432	G	2137	234	2371	0.00013
Kushneria	504090	G	1649	81	1730	0.00010
Chromohalobacter	42054	G	1493	157	1650	0.00009
Alcanivorax	59753	G	5209	2395	7604	0.00043
Marinobacterium	48075	G	1540	194	1734	0.00010
Hahella	158481	G	1178	45	1223	0.00007
Aeromonas	642	G	22139	16274	38413	0.00217
Zobellella	347533	G	1522	340	1862	0.00011
Methylococcus	413	G	7809	572	8381	0.00047
Methylomonas	416	G	4885	166	5051	0.00028
Methylomagnum	1760987	G	2356	106	2462	0.00014
Methylomicrobium	39773	G	2082	471	2553	0.00014
Methylogaea	1295378	G	1860	145	2005	0.00011
Methylocaldum	73778	G	1840	105	1945	0.00011
Shewanella	22	G	6940	1242	8182	0.00046
Pseudoalteromonas	53246	G	1899	259	2158	0.00012
Solimonas	413435	G	6320	618	6938	0.00039
Flagellatimonas	2893022	G	1904	118	2022	0.00011
Sinimarinibacterium	1861863	G	1032	524	1556	0.00009
Steroidobacter	469322	G	4379	1092	5471	0.00031
Microbulbifer	48073	G	6601	382	6983	0.00039
Kineobactrum	2678529	G	1149	47	1196	0.00007
Halioglobus	1217416	G	1032	37	1069	0.00006
Cellvibrio	10	G	1215	47	1262	0.00007
Spongiibacter	630749	G	1053	104	1157	0.00007
Sulfurifustis	1692042	G	7437	463	7900	0.00045
Sulfuricaulis	1744881	G	3143	234	3377	0.00019
Acidiferrobacter	986106	G	2686	51	2737	0.00015
Vibrio	662	G	6724	1173	7897	0.00045
Acinetobacter	469	G	2942	1425	4367	0.00025
Immundisolibacter	1934947	G	3464	611	4075	0.00023
Thiothrix	1030	G	1147	43	1190	0.00007
Salinisphaera	180541	G	2489	101	2590	0.00015
Legionella	445	G	1516	126	1642	0.00009
Cardiobacterium	2717	G	1268	170	1438	0.00008
Corallococcus	83461	G	34153	2027	36180	0.00204
Myxococcus	32	G	34114	104754	138868	0.00783
Pyxidicoccus	224458	G	14779	485	15264	0.00086
Anaeromyxobacter	161492	G	87223	5854	93077	0.00525
Archangium	47	G	40735	4558	45293	0.00255
Stigmatella	40	G	11187	701	11888	0.00067
Cystobacter	42	G	11015	3026	14041	0.00079
Melittangium	44	G	8264	2043	10307	0.00058
Vulgatibacter	1524214	G	9763	683	10446	0.00059
Sorangium	39643	G	126276	14370	140646	0.00793
Polyangium	55	G	30807	2761	33568	0.00189
Chondromyces	50	G	15053	677	15730	0.00089
Sandaracinus	1055688	G	48607	2504	51111	0.00288
Labilithrix	1524217	G	22934	981	23915	0.00135
Haliangium	162027	G	25705	1166	26871	0.00152
Geomonas	2651583	G	14499	2200	16699	0.00094
Geobacter	28231	G	12500	1246	13746	0.00078
Citrifermentans	2883512	G	4258	940	5198	0.00029
Geotalea	2910589	G	1879	116	1995	0.00011
Geoalkalibacter	392332	G	1055	651	1706	0.00010
Desulfuromonas	890	G	9498	1049	10547	0.00059
Pelobacter	18	G	1485	478	1963	0.00011
Syntrophotalea	2812025	G	2051	212	2263	0.00013
Pseudodesulfovibrio	2035811	G	8903	1417	10320	0.00058
Desulfovibrio	872	G	8778	1087	9865	0.00056
Solidesulfovibrio	2910984	G	5818	567	6385	0.00036
Oceanidesulfovibrio	2905722	G	2403	136	2539	0.00014
Desulfocurvibacter	2582840	G	1864	129	1993	0.00011
Desulfolutivibrio	2773294	G	1598	397	1995	0.00011
Megalodesulfovibrio	2910978	G	1484	68	1552	0.00009
Desulfomicrobium	898	G	1867	172	2039	0.00012
Desulfosarcina	2299	G	4082	505	4587	0.00026
Desulfococcus	896	G	1049	199	1248	0.00007
Desulfobulbus	893	G	2460	361	2821	0.00016
Persicimonas	2766927	G	7284	207	7491	0.00042
Bradymonas	1779136	G	2497	1101	3598	0.00020
Syntrophobacter	29526	G	1682	479	2161	0.00012
Desulfoglaeba	361106	G	1257	58	1315	0.00007
Desulfarculus	453229	G	2711	1090	3801	0.00021
Campylobacter	194	G	1441	215	1656	0.00009
Acidithiobacillus	119977	G	2914	282	3196	0.00018
Bdellovibrio	958	G	1076	65	1141	0.00006
Gemmata	113	G	51475	5018	56493	0.00319
Urbifossiella	2807415	G	39677	3461	43138	0.00243
Frigoriglobus	2774146	G	28131	4501	32632	0.00184
Limnoglobus	2731450	G	21278	989	22267	0.00126
Tuwongella	2051044	G	2790	114	2904	0.00016
Telmatocola	1382832	G	2201	21	2222	0.00013
Aquisphaera	1511635	G	28915	4646	33561	0.00189
Tautonia	2680020	G	25798	2158	27956	0.00158
Paludisphaera	1763521	G	20289	4151	24440	0.00138
Singulisphaera	466152	G	18236	2500	20736	0.00117
Isosphaera	127	G	2777	189	2966	0.00017
Lignipirellula	2795775	G	6034	621	6655	0.00038
Anatilimnocola	2807414	G	5987	580	6567	0.00037
Stieleria	2795973	G	5976	606	6582	0.00037
Rosistilla	2795779	G	5556	367	5923	0.00033
Pirellula	123	G	3965	127	4092	0.00023
Bremerella	2714594	G	3608	245	3853	0.00022
Roseimaritima	1579506	G	3292	199	3491	0.00020
Rubripirellula	1579505	G	1545	265	1810	0.00010
Mariniblastus	2005380	G	1083	19	1102	0.00006
Rhodopirellula	265488	G	1061	67	1128	0.00006
Lacipirellula	2691417	G	14200	900	15100	0.00085
Pirellulimonas	2795783	G	7383	743	8126	0.00046
Botrimarina	2795782	G	6315	542	6857	0.00039
Aeoliella	2795781	G	2518	188	2706	0.00015
Adhaeretor	2862451	G	1427	129	1556	0.00009
Bythopirellula	1400386	G	1182	77	1259	0.00007
Thermogutta	1676125	G	1053	31	1084	0.00006
Planctomyces	118	G	25876	5892	31768	0.00179
Gimesia	1649453	G	9048	455	9503	0.00054
Caulifigura	2795778	G	6795	414	7209	0.00041
Maioricimonas	2795777	G	5928	688	6616	0.00037
Alienimonas	2714737	G	5533	383	5916	0.00033
Symmachiella	2795780	G	2964	161	3125	0.00018
Fuerstiella	1936111	G	1633	27	1660	0.00009
Rubinisphaera	1649490	G	1515	140	1655	0.00009
Planctopirus	1649480	G	1485	54	1539	0.00009
Crateriforma	2714592	G	1379	258	1637	0.00009
Calycomorphotria	2795776	G	1288	44	1332	0.00008
Humisphaera	2807511	G	11235	281	11516	0.00065
Phycisphaera	666508	G	4992	405	5397	0.00030
Mucisphaera	2913022	G	2382	130	2512	0.00014
Opitutus	178440	G	15709	1407	17116	0.00097
Lacunisphaera	1961799	G	5071	735	5806	0.00033
Oleiharenicola	2100741	G	3906	215	4121	0.00023
Nibricoccus	2576890	G	3246	151	3397	0.00019
Ereboglobus	2028344	G	2465	125	2590	0.00015
Ruficoccus	2175957	G	1157	175	1332	0.00008
Verrucomicrobium	2735	G	6417	527	6944	0.00039
Luteolibacter	518753	G	4679	181	4860	0.00027
Roseimicrobium	1348508	G	3892	136	4028	0.00023
Akkermansia	239934	G	2160	151	2311	0.00013
Methylacidimicrobium	1541670	G	2039	193	2232	0.00013
Kiritimatiella	1921784	G	1368	1592	2960	0.00017
Hymenobacter	89966	G	29223	1447	30670	0.00173
Pontibacter	323449	G	2975	361	3336	0.00019
Spirosoma	107	G	5892	275	6167	0.00035
Dyadobacter	120831	G	1704	102	1806	0.00010
Fibrella	861914	G	1675	109	1784	0.00010
Chryseolinea	1433993	G	2019	52	2071	0.00012
Alistipes	239759	G	7493	2334	9827	0.00055
Prevotella	838	G	2797	323	3120	0.00018
Bacteroides	816	G	2214	924	3138	0.00018
Niastella	354354	G	4522	491	5013	0.00028
Chitinophaga	79328	G	3461	219	3680	0.00021
Flavisolibacter	398041	G	1378	108	1486	0.00008
Rhodothermus	29548	G	5534	299	5833	0.00033
Rhodocaloribacter	2893090	G	5439	543	5982	0.00034
Salinibacter	146918	G	3595	61	3656	0.00021
Flavobacterium	237	G	3232	909	4141	0.00023
Chryseobacterium	59732	G	2322	826	3148	0.00018
Mucilaginibacter	423349	G	3323	208	3531	0.00020
Pedobacter	84567	G	1537	96	1633	0.00009
Sphingobacterium	28453	G	1279	561	1840	0.00010
Chlorobaculum	256319	G	3075	273	3348	0.00019
Prosthecochloris	1101	G	1130	120	1250	0.00007
Gemmatirosa	1706036	G	81245	7822	89067	0.00502
Gemmatimonas	173479	G	31903	903	32806	0.00185
Granulicella	940557	G	16770	1694	18464	0.00104
Terriglobus	392733	G	12555	1499	14054	0.00079
Candidatus Koribacter	658061	G	10879	377	11256	0.00063
Acidobacterium	33973	G	10562	868	11430	0.00064
Edaphobacter	388463	G	6497	798	7295	0.00041
Acidisarcina	2608728	G	3738	271	4009	0.00023
Paludibaculum	1649475	G	13256	379	13635	0.00077
Luteitalea	2004797	G	76839	4670	81509	0.00460
Chloracidobacterium	458032	G	5605	197	5802	0.00033
Sulfidibacter	2915177	G	3391	69	3460	0.00020
Nitrospira	1234	G	16367	254	16621	0.00094
Treponema	157	G	1753	485	2238	0.00013
Spirochaeta	146	G	1242	35	1277	0.00007
Pyramidobacter	638847	G	1076	140	1216	0.00007
Fusarium	5506	G	30004	1750	31754	0.00179
Trichoderma	5543	G	9789	400	10189	0.00057
Purpureocillium	1052105	G	7094	466	7560	0.00043
Drechmeria	98402	G	2067	88	2155	0.00012
Beauveria	5581	G	5426	207	5633	0.00032
Cordyceps	45234	G	2386	164	2550	0.00014
Metarhizium	5529	G	5373	698	6071	0.00034
Ustilaginoidea	124426	G	1480	75	1555	0.00009
Clonostachys	110564	G	3639	265	3904	0.00022
Colletotrichum	5455	G	3004	626	3630	0.00020
Thermothielavioides	2609811	G	3780	237	4017	0.00023
Thermothelomyces	1920207	G	3330	155	3485	0.00020
Neurospora	5140	G	1144	49	1193	0.00007
Pyricularia	48558	G	3613	33	3646	0.00021
Neopestalotiopsis	1562158	G	2337	39	2376	0.00013
Aspergillus	5052	G	8735	469	9204	0.00052
Penicillium	5073	G	3301	181	3482	0.00020
Talaromyces	5094	G	3590	222	3812	0.00022
Paraphaeosphaeria	125369	G	1266	453	1719	0.00010
Pseudozyma	63298	G	3834	99	3933	0.00022
Phlebiopsis	82309	G	1353	22	1375	0.00008
Phytophthora	4783	G	10274	1635	11909	0.00067
Pythium	4797	G	1086	16	1102	0.00006
