name	taxonomy_id	taxonomy_lvl	kraken_assigned_reads	added_reads	new_est_reads	fraction_total_reads
Streptomyces sp. BH-MK-02	2880933	S	14561	4336	18897	0.00262
Streptomyces sp. CdTB01	1725411	S	12573	5061	17634	0.00244
Streptomyces sp. A2-16	2781734	S	9121	4098	13219	0.00183
Streptomyces sp. SN-593	659352	S	6839	2039	8878	0.00123
Streptomyces sp. So13.3	2136173	S	6711	1639	8350	0.00116
Streptomyces sp. 3214.6	1882757	S	6561	2748	9309	0.00129
Streptomyces sp. P3	2135430	S	5837	2076	7913	0.00110
Streptomyces sp. ZYC-3	2797636	S	5771	1627	7398	0.00102
Streptomyces sp. GQFP	2907545	S	5633	1358	6991	0.00097
Streptomyces sp. SCSIO 64649	2878388	S	4647	1022	5669	0.00078
Streptomyces sp. ST1015	1848900	S	4569	1336	5905	0.00082
Streptomyces sp. Z423-1	2730915	S	4371	1800	6171	0.00085
Streptomyces sp. CB01881	2078691	S	4343	965	5308	0.00073
Streptomyces sp. RPA4-2	2721244	S	4208	1784	5992	0.00083
Streptomyces sp. LRE541	2931983	S	4099	1346	5445	0.00075
Streptomyces sp. S4.7	2705439	S	3940	1849	5789	0.00080
Streptomyces sp. SAT1	1849967	S	3764	1912	5676	0.00079
Streptomyces sp. NHF165	2175864	S	3677	813	4490	0.00062
Streptomyces sp. WAC 01438	2203204	S	3593	1699	5292	0.00073
Streptomyces sp. MA3_2.13	2867410	S	3587	568	4155	0.00058
Streptomyces sp. NA02950	2742137	S	3453	924	4377	0.00061
Streptomyces sp. SCUT-3	2684469	S	3436	1672	5108	0.00071
Streptomyces sp. NEAU-sy36	2751189	S	3406	1764	5170	0.00072
Streptomyces sp. S1D4-11	2721246	S	3384	3906	7290	0.00101
Streptomyces sp. CMB-StM0423	2059884	S	3343	2588	5931	0.00082
Streptomyces sp. DSM 40868	2721173	S	3329	1715	5044	0.00070
Streptomyces sp. Go 40/10	2825844	S	3282	2107	5389	0.00075
Streptomyces sp. MG62	2838015	S	3194	1727	4921	0.00068
Streptomyces sp. GMY02	1333528	S	3143	749	3892	0.00054
Streptomyces sp. MG28	2865673	S	3137	1689	4826	0.00067
Streptomyces sp. 3025	2923272	S	3065	703	3768	0.00052
Streptomyces sp. HM190	2695266	S	3028	1355	4383	0.00061
Streptomyces sp. AMCC400023	2056258	S	3027	1874	4901	0.00068
Streptomyces sp. MBT27	1488356	S	3018	1215	4233	0.00059
Streptomyces sp. JB150	2714844	S	2985	1351	4336	0.00060
Streptomyces sp. 891-h	2720714	S	2979	714	3693	0.00051
Streptomyces sp. Go-475	2072505	S	2934	1945	4879	0.00068
Streptomyces sp. YIM 121038	2136401	S	2882	1197	4079	0.00056
Streptomyces sp. NA04227	2742136	S	2881	881	3762	0.00052
Streptomyces sp. RTd22	1841249	S	2794	1902	4696	0.00065
Streptomyces sp. SirexAA-E	862751	S	2763	1145	3908	0.00054
Streptomyces sp. SM18	1736046	S	2740	1056	3796	0.00053
Streptomyces sp. GS7	2692234	S	2721	994	3715	0.00051
Streptomyces sp. MST-110588	2833628	S	2716	882	3598	0.00050
Streptomyces sp. BJ20	2930049	S	2665	1508	4173	0.00058
Streptomyces sp. C8S0	2585716	S	2560	952	3512	0.00049
Streptomyces sp. QHH-9511	2684468	S	2447	910	3357	0.00046
Streptomyces sp. W1SF4	2305220	S	2413	1164	3577	0.00050
Streptomyces sp. Rer75	2750011	S	2398	1795	4193	0.00058
Streptomyces sp. HP-A2021	2927875	S	2329	1904	4233	0.00059
Streptomyces sp. 135	2838850	S	2261	1047	3308	0.00046
Streptomyces sp. jing01	2726118	S	2260	1798	4058	0.00056
Streptomyces sp. SYP-A7193	2662065	S	2258	2051	4309	0.00060
Streptomyces sp. BHT-5-2	2866715	S	2186	936	3122	0.00043
Streptomyces sp. HSG2	2797167	S	2159	644	2803	0.00039
Streptomyces sp. CB09001	2083284	S	2148	2071	4219	0.00058
Streptomyces sp. WAC 01529	2203205	S	2022	1014	3036	0.00042
Streptomyces sp. Tu 2975	2676871	S	1975	861	2836	0.00039
Streptomyces sp. WAC 06738	2203210	S	1769	3064	4833	0.00067
Streptomyces sp. INR7	2607753	S	1726	1327	3053	0.00042
Streptomyces sp. fd1-xmd	1812480	S	1716	1105	2821	0.00039
Streptomyces sp. WY228	2855836	S	1644	1223	2867	0.00040
Streptomyces sp. SUK 48	2582831	S	1610	1475	3085	0.00043
Streptomyces sp. M2	646637	S	1584	17061	18645	0.00258
Streptomyces sp. TN58	234612	S	1582	1077	2659	0.00037
Streptomyces sp. CRSS-Y-16	2906474	S	1529	17424	18953	0.00262
Streptomyces sp. CNQ-509	444103	S	1523	2576	4099	0.00057
Streptomyces sp. HF10	2692233	S	1465	1513	2978	0.00041
Streptomyces sp. CCM_MD2014	1561022	S	1411	2023	3434	0.00048
Streptomyces sp. AgN23	1188315	S	1394	1792	3186	0.00044
Streptomyces sp. RLB1-33	2721243	S	1384	6333	7717	0.00107
Streptomyces sp. MOE7	1961713	S	1349	2304	3653	0.00051
Streptomyces sp. ADI95-16	1522758	S	1256	1866	3122	0.00043
Streptomyces sp. YPW6	2840373	S	1201	863	2064	0.00029
Streptomyces sp. Mg1	465541	S	1157	1831	2988	0.00041
Streptomyces sp. 2323.1	1938841	S	1104	945	2049	0.00028
Streptomyces sp. 769	1262452	S	1089	1188	2277	0.00032
Streptomyces sp. PAMC 26508	1265601	S	1065	7620	8685	0.00120
Streptomyces sp. EAS-AB2608	2779671	S	1019	2873	3892	0.00054
Streptomyces rapamycinicus	1226757	S	7436	2125	9561	0.00132
Streptomyces hygroscopicus	1912	S	5376	10790	16166	0.00224
Streptomyces violaceusniger	68280	S	1681	1445	3126	0.00043
Streptomyces yatensis	155177	S	1308	1250	2558	0.00035
Streptomyces venezuelae	54571	S	14716	7229	21945	0.00304
Streptomyces cadmiisoli	2184053	S	3652	1140	4792	0.00066
Streptomyces aurantiacus	47760	S	3571	1093	4664	0.00065
Streptomyces qaidamensis	1783515	S	2255	1238	3493	0.00048
Streptomyces alboniger	132473	S	1747	839	2586	0.00036
Streptomyces koyangensis	188770	S	1153	1554	2707	0.00037
Streptomyces durmitorensis	319947	S	10837	2931	13768	0.00191
Streptomyces griseorubiginosus	67304	S	8759	3686	12445	0.00172
Streptomyces bathyalis	2710756	S	7843	1521	9364	0.00130
Streptomyces lydicus	47763	S	7520	6837	14357	0.00199
Streptomyces niveus	193462	S	7433	4161	11594	0.00160
Streptomyces chartreusis	1969	S	7431	4052	11483	0.00159
Streptomyces aquilus	2548456	S	7342	2766	10108	0.00140
Streptomyces asoensis	249586	S	6798	2554	9352	0.00129
Streptomyces griseus	1911	S	2381	2605	4986	0.00069
Streptomyces anulatus	1892	S	1717	2418	4135	0.00057
Streptomyces collinus	42684	S	5801	4567	10368	0.00144
Streptomyces albus	1888	S	5533	3612	9145	0.00127
Streptomyces lincolnensis	1915	S	5264	1935	7199	0.00100
Streptomyces griseochromogenes	68214	S	5098	1790	6888	0.00095
Streptomyces formicae	1616117	S	5034	2023	7057	0.00098
Streptomyces dengpaensis	2049881	S	4974	1748	6722	0.00093
Streptomyces pratensis	1169025	S	4963	1500	6463	0.00089
Streptomyces armeniacus	83291	S	4952	774	5726	0.00079
Streptomyces bingchenggensis	379067	S	4830	1073	5903	0.00082
Streptomyces seoulensis	73044	S	4707	2183	6890	0.00095
Streptomyces avermitilis	33903	S	4629	1667	6296	0.00087
Streptomyces nodosus	40318	S	4614	1467	6081	0.00084
Streptomyces cyaneochromogenes	2496836	S	4426	1657	6083	0.00084
Streptomyces buecherae	2763006	S	4286	1271	5557	0.00077
Streptomyces tsukubensis	83656	S	4260	1176	5436	0.00075
Streptomyces capitiformicae	2014920	S	4209	805	5014	0.00069
Streptomyces ferrugineus	1413221	S	4097	1655	5752	0.00080
Streptomyces cattleya	29303	S	3999	1328	5327	0.00074
Streptomyces griseoviridis	45398	S	3923	1576	5499	0.00076
Streptomyces davaonensis	348043	S	3909	1389	5298	0.00073
Streptomyces spectabilis	68270	S	3864	1601	5465	0.00076
Streptomyces antibioticus	1890	S	3722	1658	5380	0.00074
Streptomyces roseirectus	2768066	S	3660	1108	4768	0.00066
Streptomyces xanthii	2768069	S	3489	1273	4762	0.00066
Streptomyces broussonetiae	2686304	S	3477	1324	4801	0.00066
Streptomyces lunaelactis	1535768	S	3405	852	4257	0.00059
Streptomyces incarnatus	665007	S	3391	1210	4601	0.00064
Streptomyces rimosus	1927	S	3360	19161	22521	0.00312
Streptomyces actuosus	1885	S	3351	1761	5112	0.00071
Streptomyces phaeolivaceus	2653200	S	3312	1194	4506	0.00062
Streptomyces fodineus	1904616	S	3266	1476	4742	0.00066
Streptomyces galilaeus	33899	S	3235	1374	4609	0.00064
Streptomyces roseochromogenus	285450	S	3199	1288	4487	0.00062
Streptomyces xinghaiensis	1038928	S	3045	1076	4121	0.00057
Streptomyces nigra	1827580	S	3021	1468	4489	0.00062
Streptomyces paludis	2282738	S	2967	782	3749	0.00052
Streptomyces atratus	1893	S	2923	717	3640	0.00050
Streptomyces liangshanensis	2717324	S	2906	888	3794	0.00053
Streptomyces aureoverticillatus	66871	S	2865	960	3825	0.00053
Streptomyces vietnamensis	362257	S	2846	1176	4022	0.00056
Streptomyces alboflavus	67267	S	2776	957	3733	0.00052
Streptomyces genisteinicus	2768068	S	2735	1020	3755	0.00052
Streptomyces calvus	67282	S	2731	1292	4023	0.00056
Streptomyces olivoreticuli	68246	S	2724	916	3640	0.00050
Streptomyces dangxiongensis	1442032	S	2703	1167	3870	0.00054
Streptomyces albulus	68570	S	2702	1000	3702	0.00051
Streptomyces rectiverticillatus	173860	S	2686	1025	3711	0.00051
Streptomyces glaucescens	1907	S	2644	1415	4059	0.00056
Streptomyces griseocarneus	51201	S	2585	1078	3663	0.00051
Streptomyces cyanogenus	80860	S	2579	1465	4044	0.00056
Streptomyces ambofaciens	1889	S	2569	1931	4500	0.00062
Streptomyces pluripotens	1355015	S	2568	741	3309	0.00046
Streptomyces clavuligerus	1901	S	2556	760	3316	0.00046
Streptomyces luteoverticillatus	66425	S	2521	998	3519	0.00049
Streptomyces deccanensis	424188	S	2516	1394	3910	0.00054
Streptomyces globosus	68209	S	2479	1086	3565	0.00049
Streptomyces fagopyri	2662397	S	2466	1097	3563	0.00049
Streptomyces prasinus	67345	S	2444	966	3410	0.00047
Streptomyces ficellus	1977088	S	2424	1043	3467	0.00048
Streptomyces gilvosporeus	553510	S	2413	956	3369	0.00047
Streptomyces parvulus	146923	S	2404	1342	3746	0.00052
Streptomyces peucetius	1950	S	2384	789	3173	0.00044
Streptomyces kanamyceticus	1967	S	2384	1057	3441	0.00048
Streptomyces pactum	68249	S	2382	1223	3605	0.00050
Streptomyces inhibens	2293571	S	2376	898	3274	0.00045
Streptomyces chromofuscus	42881	S	2376	1144	3520	0.00049
Streptomyces hundungensis	1077946	S	2332	909	3241	0.00045
Streptomyces viridosporus	67581	S	2316	1136	3452	0.00048
Streptomyces harbinensis	1176198	S	2273	702	2975	0.00041
Streptomyces finlayi	67296	S	2208	616	2824	0.00039
Streptomyces coeruleorubidus	116188	S	2198	1388	3586	0.00050
Streptomyces tendae	1932	S	2196	1136	3332	0.00046
Streptomyces exfoliatus	1905	S	2186	915	3101	0.00043
Streptomyces vinaceus	1960	S	2174	965	3139	0.00043
Streptomyces lavendulae	1914	S	2171	925	3096	0.00043
Streptomyces hawaiiensis	67305	S	2112	1209	3321	0.00046
Streptomyces subrutilus	36818	S	2103	957	3060	0.00042
Streptomyces katrae	68223	S	2054	936	2990	0.00041
Streptomyces pristinaespiralis	38300	S	2025	1029	3054	0.00042
Streptomyces nitrosporeus	28894	S	2024	692	2716	0.00038
Streptomyces tuirus	68278	S	1934	1266	3200	0.00044
Streptomyces angustmyceticus	285578	S	1902	961	2863	0.00040
Streptomyces tirandamycinicus	2174846	S	1869	760	2629	0.00036
Streptomyces gardneri	66892	S	1836	962	2798	0.00039
Streptomyces spongiicola	1690221	S	1779	968	2747	0.00038
Streptomyces mobaraensis	35621	S	1765	98582	100347	0.01389
Streptomyces qinzhouensis	2599401	S	1731	521	2252	0.00031
Streptomyces gobiensis	2875706	S	1700	386	2086	0.00029
Streptomyces nojiriensis	66374	S	1665	922	2587	0.00036
Streptomyces huasconensis	1854574	S	1645	824	2469	0.00034
Streptomyces rutgersensis	53451	S	1607	991	2598	0.00036
Streptomyces leeuwenhoekii	1437453	S	1341	1232	2573	0.00036
Streptomyces cyaneogriseus	68192	S	1194	1220	2414	0.00033
Streptomyces antimycoticus	68175	S	1126	1622	2748	0.00038
Yinghuangia sp. ASG 101	2896848	S	17011	3096	20107	0.00278
Kitasatospora sp. MMS16-BH015	2018025	S	3225	1227	4452	0.00062
Kitasatospora sp. NA04385	2742135	S	2710	1593	4303	0.00060
Kitasatospora setae	2066	S	2776	1571	4347	0.00060
Kitasatospora aureofaciens	1894	S	2285	1070	3355	0.00046
Streptacidiphilus sp. P02-A3a	2704468	S	3059	1032	4091	0.00057
Streptacidiphilus sp. PB12-B1b	2705012	S	2765	1204	3969	0.00055
Streptacidiphilus bronchialis	2126346	S	2315	848	3163	0.00044
Microbacterium sp. No. 7	1714373	S	2062	1278	3340	0.00046
Microbacterium sp. 4R-513	2567934	S	1621	505	2126	0.00029
Microbacterium sp. JZ31	1906274	S	1511	647	2158	0.00030
Microbacterium sp. 10M-3C3	2483401	S	1451	1850	3301	0.00046
Microbacterium sp. SSW1-51	2851650	S	1185	946	2131	0.00030
Microbacterium sp. BH-3-3-3	1906742	S	1133	447	1580	0.00022
Microbacterium sp. ABRD_28	2268461	S	1063	238	1301	0.00018
Microbacterium sp. YJN-G	2763257	S	1050	766	1816	0.00025
Microbacterium sp. SSW1-36	2851648	S	1012	601	1613	0.00022
Microbacterium foliorum	104336	S	2204	622	2826	0.00039
Microbacterium oleivorans	273677	S	1955	466	2421	0.00034
Microbacterium hominis	162426	S	1864	9072	10936	0.00151
Microbacterium cremeum	2782169	S	1642	418	2060	0.00029
Microbacterium resistens	156977	S	1467	322	1789	0.00025
Microbacterium atlanticum	2782168	S	1400	372	1772	0.00025
Microbacterium lemovicicum	1072463	S	1320	358	1678	0.00023
Microbacterium sediminis	904291	S	1291	689	1980	0.00027
Microbacterium testaceum	2033	S	1214	269	1483	0.00021
Microbacterium oryzae	743009	S	1176	412	1588	0.00022
Microbacterium pygmaeum	370764	S	1150	170	1320	0.00018
Microbacterium caowuchunii	2614638	S	1044	234	1278	0.00018
Microbacterium wangchenii	2541726	S	1036	308	1344	0.00019
Microbacterium lushaniae	2614639	S	1003	306	1309	0.00018
Agromyces sp. H17E-10	2932244	S	2112	793	2905	0.00040
Agromyces sp. LHK192	2498704	S	1886	629	2515	0.00035
Agromyces sp. CFWR-12	2929802	S	1425	849	2274	0.00031
Agromyces flavus	589382	S	1974	719	2693	0.00037
Agromyces soli	659012	S	1852	786	2638	0.00037
Agromyces aureus	453304	S	1845	614	2459	0.00034
Agromyces protaetiae	2509455	S	1561	526	2087	0.00029
Agromyces marinus	1389020	S	1552	656	2208	0.00031
Agromyces archimandritae	2781962	S	1378	469	1847	0.00026
Agromyces intestinalis	2592652	S	1365	771	2136	0.00030
Agromyces laixinhei	2585717	S	1252	333	1585	0.00022
Agromyces badenianii	2080742	S	1239	471	1710	0.00024
Curtobacterium sp. BH-2-1-1	1905847	S	1242	2429	3671	0.00051
Curtobacterium sp. L6-1	2841594	S	1123	1374	2497	0.00035
Curtobacterium flaccumfaciens	2035	S	1808	1183	2991	0.00041
Curtobacterium luteum	33881	S	1231	588	1819	0.00025
Rathayibacter sp. VKM Ac-2759	2609252	S	1564	821	2385	0.00033
Rathayibacter sp. VKM Ac-2760	2609253	S	1424	1339	2763	0.00038
Rathayibacter sp. VKM Ac-2804	2609257	S	1013	1311	2324	0.00032
Rathayibacter festucae	110937	S	1510	1923	3433	0.00048
Leifsonia sp. ZF2019	2781978	S	1707	539	2246	0.00031
Leifsonia sp. 21MFCrub1.1	1798223	S	1630	2086	3716	0.00051
Leifsonia sp. PS1209	2724914	S	1582	501	2083	0.00029
Leifsonia shinshuensis	150026	S	2354	763	3117	0.00043
Leifsonia xyli	1575	S	1097	182	1279	0.00018
Leucobacter sp. H25R-14	2932245	S	1057	1144	2201	0.00030
Leucobacter sp. NB 10	2873270	S	1033	677	1710	0.00024
Leucobacter muris	1935379	S	1174	510	1684	0.00023
Leucobacter triazinivorans	1784719	S	1001	807	1808	0.00025
Clavibacter michiganensis	28447	S	6612	6781	13393	0.00185
Agrococcus sp. SGAir0287	2070347	S	1698	592	2290	0.00032
Agrococcus sp. Marseille-Q4369	2810513	S	1547	633	2180	0.00030
Agrococcus sp. SCSIO52902	2933290	S	1545	887	2432	0.00034
Agrococcus jejuensis	399736	S	1962	716	2678	0.00037
Agrococcus carbonis	684552	S	1678	890	2568	0.00036
Protaetiibacter intestinalis	2419774	S	1547	690	2237	0.00031
Protaetiibacter sp. SSC-01	2759943	S	1493	690	2183	0.00030
Protaetiibacter larvae	2592654	S	1051	413	1464	0.00020
Salinibacterium sp. ZJ450	2708338	S	1058	246	1304	0.00018
Frondihabitans sp. PAMC 28766	1795630	S	1544	260	1804	0.00025
Frondihabitans sp. 762G35	1446794	S	1274	336	1610	0.00022
Microterricola viridarii	412690	S	2281	713	2994	0.00041
Microcella flavibacter	1804990	S	1334	776	2110	0.00029
Cnuibacter physcomitrellae	1619308	S	1705	463	2168	0.00030
Herbiconiux sp. SALV-R1	2735133	S	1650	416	2066	0.00029
Gryllotalpicola protaetiae	2419771	S	1649	400	2049	0.00028
Frigoribacterium sp. NBH87	2596916	S	1572	581	2153	0.00030
Humibacter sp. WJ7-1	2599293	S	1393	377	1770	0.00025
Amnibacterium sp. L3-i23	2905871	S	1254	375	1629	0.00023
Marisediminicola antarctica	674079	S	1006	159	1165	0.00016
Gulosibacter sediminis	1729695	S	1002	335	1337	0.00019
Arthrobacter sp. FW305-BF8	2879617	S	11397	5623	17020	0.00236
Arthrobacter sp. QXT-31	1357915	S	8883	4495	13378	0.00185
Arthrobacter sp. NicSoilC5	2831000	S	6913	6044	12957	0.00179
Arthrobacter sp. NtRootA1	2830983	S	2694	2137	4831	0.00067
Arthrobacter sp. PM3	2017685	S	1646	557	2203	0.00031
Arthrobacter sp. NicSoilB8	2830998	S	1608	801	2409	0.00033
Arthrobacter sp. 24S4-2	2575374	S	1437	583	2020	0.00028
Arthrobacter sp. UKPF54-2	2600159	S	1355	1236	2591	0.00036
Arthrobacter sp. KBS0702	2578107	S	1313	1113	2426	0.00034
Arthrobacter sp. FB24	290399	S	1207	654	1861	0.00026
Arthrobacter sp. NicSoilB4	2830997	S	1192	727	1919	0.00027
Arthrobacter sp. U41	1849032	S	1185	621	1806	0.00025
Arthrobacter sp. PAMC25564	2565366	S	1164	557	1721	0.00024
Arthrobacter sp. QL17	2895818	S	1124	428	1552	0.00021
Arthrobacter sp. PGP41	2079227	S	1111	554	1665	0.00023
Arthrobacter agilis	37921	S	1742	405	2147	0.00030
Arthrobacter crystallopoietes	37928	S	1223	326	1549	0.00021
Kocuria rosea	1275	S	1631	1001	2632	0.00036
Kocuria flava	446860	S	1343	1003	2346	0.00032
Kocuria turfanensis	388357	S	1253	920	2173	0.00030
Sinomonas atrocyanea	37927	S	2494	858	3352	0.00046
Sinomonas sp. R1AF57	2020377	S	1615	383	1998	0.00028
Micrococcus luteus	1270	S	1876	3549	5425	0.00075
Citricoccus sp. SGAir0253	2567881	S	1338	416	1754	0.00024
Janibacter melonis	262209	S	2983	1673	4656	0.00064
Janibacter limosus	53458	S	1934	1811	3745	0.00052
Intrasporangium calvum	53358	S	7634	2211	9845	0.00136
Phycicoccus sp. HDW14	2714941	S	4241	1615	5856	0.00081
Phycicoccus endophyticus	1690220	S	2970	1013	3983	0.00055
Pedococcus dokdonensis	443156	S	7038	2432	9470	0.00131
Tetrasphaera sp. HKS02	1813880	S	5350	1648	6998	0.00097
Arsenicicoccus sp. oral taxon 190	1658671	S	2492	1102	3594	0.00050
Cellulomonas sp. Y8	2591145	S	2699	1354	4053	0.00056
Cellulomonas sp. H30R-01	2704467	S	2559	1156	3715	0.00051
Cellulomonas sp. JZ18	2654191	S	2165	1070	3235	0.00045
Cellulomonas sp. C5510	2871170	S	1998	932	2930	0.00041
Cellulomonas sp. zg-ZUI188	2819978	S	1979	637	2616	0.00036
Cellulomonas sp. zg-ZUI157	2819979	S	1865	735	2600	0.00036
Cellulomonas sp. EW123	2608402	S	1771	1155	2926	0.00041
Cellulomonas sp. zg-ZUI222	2816956	S	1722	745	2467	0.00034
Cellulomonas sp. PSBB021	2003551	S	1584	1406	2990	0.00041
Cellulomonas fimi	1708	S	2255	2275	4530	0.00063
Cellulomonas shaoxiangyii	2566013	S	2041	977	3018	0.00042
Cellulomonas iranensis	76862	S	1981	1068	3049	0.00042
Cellulomonas flavigena	1711	S	1836	794	2630	0.00036
Cellulomonas gilvus	11	S	1674	850	2524	0.00035
Cellulomonas taurus	2729175	S	1289	485	1774	0.00025
Actinotalea sp. JY-7876	2758442	S	2071	853	2924	0.00040
Oerskovia sp. KBS0722	1179673	S	1685	633	2318	0.00032
Pseudactinotalea sp. HY158	2654547	S	1400	241	1641	0.00023
Paraoerskovia marina	545619	S	1146	351	1497	0.00021
Cellulosimicrobium cellulans	1710	S	4131	5930	10061	0.00139
Cellulosimicrobium sp. BI34T	2587808	S	1740	1196	2936	0.00041
Xylanimonas protaetiae	2509457	S	1872	959	2831	0.00039
Xylanimonas allomyrinae	2509459	S	1713	633	2346	0.00032
Xylanimonas cellulosilytica	186189	S	1644	688	2332	0.00032
Isoptericola variabilis	139208	S	2139	1311	3450	0.00048
Isoptericola dokdonensis	372663	S	1906	868	2774	0.00038
Ornithinimicrobium avium	2283195	S	2267	684	2951	0.00041
Ornithinimicrobium sp. HY006	2508882	S	1576	611	2187	0.00030
Ornithinimicrobium flavum	1288636	S	1713	623	2336	0.00032
Ornithinimicrobium ciconiae	2594265	S	1345	246	1591	0.00022
Ornithinimicrobium pratense	2593973	S	1143	380	1523	0.00021
Serinicoccus chungangensis	767452	S	1673	628	2301	0.00032
Serinicoccus hydrothermalis	1758689	S	1525	751	2276	0.00032
Serinicoccus profundi	1078471	S	1446	573	2019	0.00028
Serinicoccus marinus	247333	S	1387	718	2105	0.00029
Brachybacterium sp. CBA3105	2887346	S	1531	414	1945	0.00027
Brachybacterium sp. SGAir0954	2571029	S	1439	481	1920	0.00027
Brachybacterium sp. P6-10-X1	1903186	S	1212	265	1477	0.00020
Brachybacterium ginsengisoli	1331682	S	1272	502	1774	0.00025
Brachybacterium saurashtrense	556288	S	1225	459	1684	0.00023
Brachybacterium faecium	43669	S	1061	432	1493	0.00021
Brevibacterium sp. CS2	2575923	S	1248	613	1861	0.00026
Brevibacterium casei	33889	S	1499	2992	4491	0.00062
Dermacoccus nishinomiyaensis	1274	S	1731	852	2583	0.00036
Dermacoccus sp. PAMC28757	2762331	S	1288	537	1825	0.00025
Luteipulveratus mongoliensis	571913	S	2404	389	2793	0.00039
Allobranchiibius sp. GilTou73	2904523	S	1873	475	2348	0.00033
Yimella sp. cx-51	2770551	S	1183	280	1463	0.00020
Georgenia sp. TF02-10	2917725	S	2079	865	2944	0.00041
Georgenia yuyongxinii	2589797	S	1972	563	2535	0.00035
Georgenia wutianyii	2585135	S	1948	781	2729	0.00038
Georgenia faecalis	2483799	S	1759	553	2312	0.00032
Haloactinobacterium kanbiaonis	2675754	S	2305	416	2721	0.00038
Ruania sp. LR1S40	2897774	S	1203	379	1582	0.00022
Ruania zhangjianzhongii	2603206	S	1296	169	1465	0.00020
Pengzhenrongella sicca	2819238	S	2532	844	3376	0.00047
Luteimicrobium xylanilyticum	1133546	S	2275	823	3098	0.00043
Beutenbergia cavernae	84757	S	2689	515	3204	0.00044
Miniimonas sp. S16	2171623	S	1831	1101	2932	0.00041
Sanguibacter keddieii	60920	S	1731	614	2345	0.00032
Sanguibacter sp. HDW7	2714931	S	1598	595	2193	0.00030
Kytococcus sedentarius	1276	S	1334	554	1888	0.00026
Mycobacterium sp. JS623	212767	S	14670	1990	16660	0.00231
Mycobacterium sp. IDR2000157661	2867005	S	1714	537	2251	0.00031
Mycobacterium sp. DL440	2675523	S	1636	565	2201	0.00030
Mycobacterium sp. EPa45	1545728	S	1576	541	2117	0.00029
Mycobacterium sp. YC-RL4	1682113	S	1535	775	2310	0.00032
Mycobacterium sp. MS1601	1936029	S	1394	279	1673	0.00023
Mycobacterium sp. DL592	2675524	S	1291	359	1650	0.00023
Mycobacterium sp. TY59	2775496	S	1072	389	1461	0.00020
Mycobacterium saskatchewanense	220927	S	1594	330	1924	0.00027
Mycobacterium parmense	185642	S	1478	291	1769	0.00024
Mycobacterium kubicae	120959	S	1367	247	1614	0.00022
Mycobacterium florentinum	292462	S	1173	273	1446	0.00020
Mycobacterium shigaense	722731	S	1169	183	1352	0.00019
Mycobacterium simiae	1784	S	1110	105	1215	0.00017
Mycobacterium heidelbergense	53376	S	1103	277	1380	0.00019
Mycobacterium lentiflavum	141349	S	1042	263	1305	0.00018
Mycobacterium stomatepiae	470076	S	1030	216	1246	0.00017
Mycobacterium avium	1764	S	2407	2113	4520	0.00063
Mycobacterium marseillense	701042	S	1399	363	1762	0.00024
Mycobacterium mantenii	560555	S	1382	186	1568	0.00022
Mycobacterium colombiense	339268	S	1305	242	1547	0.00021
Mycobacterium intracellulare	1767	S	1255	17327	18582	0.00257
Mycobacterium conspicuum	44010	S	2499	337	2836	0.00039
Mycobacterium grossiae	1552759	S	2256	798	3054	0.00042
Mycobacterium frederiksbergense	117567	S	2172	848	3020	0.00042
Mycobacterium rufum	318424	S	2105	768	2873	0.00040
Mycobacterium dioxanotrophicus	482462	S	1911	587	2498	0.00035
Mycobacterium holsaticum	152142	S	1715	326	2041	0.00028
Mycobacterium diernhoferi	1801	S	1572	365	1937	0.00027
Mycobacterium branderi	43348	S	1536	220	1756	0.00024
Mycobacterium goodii	134601	S	1517	733	2250	0.00031
Mycobacterium paragordonae	1389713	S	1410	195	1605	0.00022
Mycobacterium paraterrae	577492	S	1363	181	1544	0.00021
Mycobacterium cookii	1775	S	1304	149	1453	0.00020
Mycobacterium gordonae	1778	S	1183	120	1303	0.00018
Mycobacterium heckeshornense	110505	S	1076	93	1169	0.00016
Mycobacterium riyadhense	486698	S	1070	50	1120	0.00016
Mycobacterium lacus	169765	S	1042	86	1128	0.00016
Mycobacterium koreense	1069220	S	1015	363	1378	0.00019
Mycobacterium vicinigordonae	1719132	S	1006	60	1066	0.00015
Mycobacterium paraseoulense	590652	S	1003	210	1213	0.00017
Mycolicibacterium litorale	758802	S	3434	1153	4587	0.00064
Mycolicibacterium sp. YH-1	2908837	S	2150	1082	3232	0.00045
Mycolicibacterium smegmatis	1772	S	2741	2366	5107	0.00071
Mycolicibacterium arabiense	1286181	S	2458	431	2889	0.00040
Mycolicibacterium mageritense	53462	S	2389	504	2893	0.00040
Mycolicibacterium rhodesiae	36814	S	2376	482	2858	0.00040
Mycolicibacterium sediminis	1286180	S	2296	480	2776	0.00038
Mycolicibacterium gadium	1794	S	2286	389	2675	0.00037
Mycolicibacterium rutilum	370526	S	2278	831	3109	0.00043
Mycolicibacterium moriokaense	39691	S	2231	325	2556	0.00035
Mycolicibacterium neoaurum	1795	S	2217	522	2739	0.00038
Mycolicibacterium madagascariense	212765	S	2188	376	2564	0.00035
Mycolicibacterium phlei	1771	S	2102	841	2943	0.00041
Mycolicibacterium fortuitum	1766	S	2102	998	3100	0.00043
Mycolicibacterium chubuense	1800	S	2086	582	2668	0.00037
Mycolicibacterium parafortuitum	39692	S	1931	445	2376	0.00033
Mycolicibacterium psychrotolerans	216929	S	1877	509	2386	0.00033
Mycolicibacterium vaccae	1810	S	1876	438	2314	0.00032
Mycolicibacterium hassiacum	46351	S	1865	603	2468	0.00034
Mycolicibacterium tokaiense	39695	S	1777	335	2112	0.00029
Mycolicibacterium chitae	1792	S	1764	493	2257	0.00031
Mycolicibacterium fluoranthenivorans	258505	S	1763	267	2030	0.00028
Mycolicibacterium pulveris	36813	S	1740	348	2088	0.00029
Mycolicibacterium celeriflavum	1249101	S	1694	413	2107	0.00029
Mycolicibacterium aurum	1791	S	1693	259	1952	0.00027
Mycolicibacterium monacense	85693	S	1674	685	2359	0.00033
Mycolicibacterium gilvum	1804	S	1633	783	2416	0.00033
Mycolicibacterium poriferae	39694	S	1627	423	2050	0.00028
Mycolicibacterium duvalii	39688	S	1596	367	1963	0.00027
Mycolicibacterium boenickei	146017	S	1574	2862	4436	0.00061
Mycolicibacterium helvum	1534349	S	1522	220	1742	0.00024
Mycolicibacterium phocaicum	319706	S	1508	1019	2527	0.00035
Mycolicibacterium baixiangningiae	2761578	S	1481	282	1763	0.00024
Mycolicibacterium thermoresistibile	1797	S	1463	378	1841	0.00025
Mycolicibacterium confluentis	28047	S	1447	255	1702	0.00024
Mycolicibacterium aichiense	1799	S	1437	304	1741	0.00024
Mycolicibacterium fallax	1793	S	1367	644	2011	0.00028
Mycolicibacterium mengxianglii	2736649	S	1341	169	1510	0.00021
Mycolicibacterium anyangense	1431246	S	1330	256	1586	0.00022
Mycolicibacterium insubricum	444597	S	1224	418	1642	0.00023
Mycolicibacterium austroafricanum	39687	S	1218	6496	7714	0.00107
Mycolicibacterium alvei	67081	S	1076	386	1462	0.00020
Mycolicibacterium septicum	98668	S	1067	971	2038	0.00028
Mycolicibacterium mucogenicum	56689	S	1057	541	1598	0.00022
Mycolicibacterium sarraceniae	1534348	S	1032	161	1193	0.00017
Mycobacteroides abscessus	36809	S	1491	2370	3861	0.00053
Mycolicibacillus parakoreensis	1069221	S	1165	434	1599	0.00022
Nocardia asteroides	1824	S	9584	3604	13188	0.00183
Nocardia brasiliensis	37326	S	5738	1732	7470	0.00103
Nocardia cyriacigeorgica	135487	S	4059	1952	6011	0.00083
Nocardia terpenica	455432	S	3669	728	4397	0.00061
Nocardia nova	37330	S	3255	514	3769	0.00052
Nocardia farcinica	37329	S	2892	1949	4841	0.00067
Nocardia arthritidis	228602	S	2479	347	2826	0.00039
Nocardia wallacei	480035	S	2383	752	3135	0.00043
Nocardia sp. CS682	1047172	S	1981	523	2504	0.00035
Nocardia huaxiensis	2755382	S	1930	427	2357	0.00033
Nocardia yamanashiensis	209247	S	1927	431	2358	0.00033
Nocardia gipuzkoensis	2749991	S	1908	772	2680	0.00037
Nocardia otitidiscaviarum	1823	S	1892	418	2310	0.00032
Nocardia iowensis	204891	S	1865	449	2314	0.00032
Nocardia tengchongensis	2055889	S	1828	508	2336	0.00032
Nocardia yunnanensis	2382165	S	1785	483	2268	0.00031
Nocardia mangyaensis	2213200	S	1743	509	2252	0.00031
Nocardia seriolae	37332	S	1675	502	2177	0.00030
Rhodococcus sp. MTM3W5.2	1805827	S	1876	545	2421	0.00034
Rhodococcus sp. X156	2499145	S	1854	694	2548	0.00035
Rhodococcus sp. W8901	2742603	S	1582	588	2170	0.00030
Rhodococcus sp. SGAir0479	2567884	S	1511	604	2115	0.00029
Rhodococcus sp. PBTS 1	1653478	S	1363	402	1765	0.00024
Rhodococcus sp. R79	2811421	S	1004	2898	3902	0.00054
Rhodococcus opacus	37919	S	4673	13148	17821	0.00247
Rhodococcus equi	43767	S	2432	1137	3569	0.00049
Rhodococcus fascians	1828	S	2041	596	2637	0.00037
Rhodococcus rhodochrous	1829	S	1427	1793	3220	0.00045
Rhodococcus triatomae	300028	S	1181	402	1583	0.00022
Rhodococcus koreensis	99653	S	1105	796	1901	0.00026
Rhodococcus coprophilus	38310	S	1001	207	1208	0.00017
Corynebacterium cyclohexanicum	322009	S	1536	636	2172	0.00030
Corynebacterium frankenforstense	1230998	S	1042	3273	4315	0.00060
Gordonia sp. PP30	2935861	S	1359	516	1875	0.00026
Gordonia sp. YC-JH1	2059875	S	1089	947	2036	0.00028
Gordonia polyisoprenivorans	84595	S	2285	710	2995	0.00041
Gordonia terrae	2055	S	1639	3025	4664	0.00065
Gordonia insulae	2420509	S	1373	348	1721	0.00024
Gordonia bronchialis	2054	S	1181	3274	4455	0.00062
Gordonia phthalatica	1136941	S	1176	585	1761	0.00024
Gordonia amarae	36821	S	1139	293	1432	0.00020
Gordonia iterans	1004901	S	1133	462	1595	0.00022
Gordonia jinghuaiqii	2758710	S	1122	314	1436	0.00020
Skermania piniformis	39122	S	1197	164	1361	0.00019
Tsukamurella paurometabola	2061	S	2338	1213	3551	0.00049
Tsukamurella tyrosinosolvens	57704	S	1872	868	2740	0.00038
Tsukamurella sp. PLM1	2929795	S	1464	507	1971	0.00027
Tsukamurella pulmonis	47312	S	1376	522	1898	0.00026
Tomitella gaofuii	2760083	S	1272	430	1702	0.00024
Tomitella fengzijianii	2597660	S	1261	459	1720	0.00024
Nocardioides sp. G188	2849501	S	48899	16520	65419	0.00906
Nocardioides sp. LMS-CY	2840457	S	7760	2773	10533	0.00146
Nocardioides sp. JS614	196162	S	7554	2461	10015	0.00139
Nocardioides sp. HDW12B	2714939	S	5671	2047	7718	0.00107
Nocardioides sp. W7	2931390	S	5510	2055	7565	0.00105
Nocardioides sp. zg-579	2663857	S	5237	2896	8133	0.00113
Nocardioides sp. TF02-7	2917724	S	5162	1819	6981	0.00097
Nocardioides sp. cx-173	2898796	S	5077	1918	6995	0.00097
Nocardioides sp. S-1144	2582905	S	4751	2011	6762	0.00094
Nocardioides sp. InS609-2	2760705	S	4703	1204	5907	0.00082
Nocardioides sp. zg-1228	2763008	S	4618	2234	6852	0.00095
Nocardioides sp. S5	2017486	S	4609	2507	7116	0.00099
Nocardioides sp. 603	2483798	S	4328	2189	6517	0.00090
Nocardioides sp. SCSIO 67246	2872154	S	4296	1250	5546	0.00077
Nocardioides sp. CF8	110319	S	3754	1664	5418	0.00075
Nocardioides sp. MC1495	2736757	S	3592	1409	5001	0.00069
Nocardioides sp. JQ2195	2592334	S	3480	804	4284	0.00059
Nocardioides sp. zg-536	2803858	S	3101	1472	4573	0.00063
Nocardioides sp. dk884	2662361	S	2828	3330	6158	0.00085
Nocardioides sp. Kera G14	2884264	S	2714	651	3365	0.00047
Nocardioides sp. ZJ1313	2685869	S	2710	3219	5929	0.00082
Nocardioides sp. WS12	2486272	S	2641	520	3161	0.00044
Nocardioides ungokensis	1643322	S	31161	11718	42879	0.00594
Nocardioides mesophilus	433659	S	12570	4162	16732	0.00232
Nocardioides cynanchi	2558918	S	9056	2386	11442	0.00158
Nocardioides anomalus	2712223	S	6856	2248	9104	0.00126
Nocardioides okcheonensis	2894081	S	5238	2614	7852	0.00109
Nocardioides euryhalodurans	2518370	S	4884	1619	6503	0.00090
Nocardioides dongkuii	2760089	S	4742	2523	7265	0.00101
Nocardioides humi	449461	S	4535	1596	6131	0.00085
Nocardioides aromaticivorans	200618	S	4047	1641	5688	0.00079
Nocardioides rotundus	1774216	S	3897	1591	5488	0.00076
Nocardioides aquaticus	160826	S	3876	1292	5168	0.00072
Nocardioides marinisabuli	419476	S	3712	2222	5934	0.00082
Nocardioides dokdonensis	450734	S	3446	1702	5148	0.00071
Nocardioides sambongensis	2589074	S	3117	976	4093	0.00057
Nocardioides seonyuensis	2518371	S	2896	843	3739	0.00052
Nocardioides houyundeii	2045452	S	2645	887	3532	0.00049
Nocardioides panacisoli	627624	S	2616	714	3330	0.00046
Nocardioides piscis	2714938	S	2456	981	3437	0.00048
Nocardioides daphniae	402297	S	2054	1006	3060	0.00042
Nocardioides jishulii	2575440	S	1677	657	2334	0.00032
Nocardioides baekrokdamisoli	1804624	S	1374	201	1575	0.00022
Nocardioides yefusunii	2500546	S	1351	450	1801	0.00025
Aeromicrobium sp. Leaf245	1736306	S	1855	611	2466	0.00034
Aeromicrobium sp. zg-629	2663859	S	1498	525	2023	0.00028
Aeromicrobium sp. A1-2	2107713	S	1419	219	1638	0.00023
Aeromicrobium erythreum	2041	S	2266	720	2986	0.00041
Aeromicrobium chenweiae	2079793	S	2060	717	2777	0.00038
Aeromicrobium yanjiei	2662028	S	1846	598	2444	0.00034
Aeromicrobium choanae	1736691	S	1842	591	2433	0.00034
Aeromicrobium marinum	219314	S	1456	338	1794	0.00025
Marmoricola scoriae	642780	S	4407	1778	6185	0.00086
Pimelobacter simplex	2045	S	3900	1519	5419	0.00075
Friedmanniella luteola	546871	S	3279	694	3973	0.00055
Mumia sp. ZJ1417	2708082	S	2476	483	2959	0.00041
Micropruina glycogenica	75385	S	1209	191	1400	0.00019
Microlunatus sagamiharensis	546874	S	3339	815	4154	0.00058
Microlunatus soli	630515	S	2275	230	2505	0.00035
Microlunatus elymi	2596828	S	2012	222	2234	0.00031
Microlunatus phosphovorus	29405	S	1851	230	2081	0.00029
Microlunatus sp. Gsoil 973	2672569	S	1697	136	1833	0.00025
Tessaracoccus sp. J1M15	2829499	S	1211	434	1645	0.00023
Tessaracoccus aquimaris	1332264	S	1261	712	1973	0.00027
Tessaracoccus defluvii	1285901	S	1190	919	2109	0.00029
Tessaracoccus flavescens	399497	S	1047	966	2013	0.00028
Brevilactibacter coleopterorum	2714937	S	1650	854	2504	0.00035
Brevilactibacter sp. MC1595	2819349	S	1503	692	2195	0.00030
Acidipropionibacterium acidipropionici	1748	S	1031	788	1819	0.00025
Propionibacterium acidifaciens	556499	S	1039	339	1378	0.00019
Auraticoccus monumenti	675864	S	2132	432	2564	0.00035
Raineyella fluvialis	2662261	S	1259	203	1462	0.00020
Kribbella flavida	182640	S	17778	4195	21973	0.00304
Kribbella qitaiheensis	1544730	S	14377	2330	16707	0.00231
Actinopolymorpha singaporensis	117157	S	6508	791	7299	0.00101
Amycolatopsis sp. WQ 127309	2932773	S	13335	3617	16952	0.00235
Amycolatopsis sp. Hca4	2742131	S	10921	3704	14625	0.00202
Amycolatopsis sp. DSM 110486	2865832	S	7378	1515	8893	0.00123
Amycolatopsis sp. FDAARGOS 1241	2778070	S	5370	1221	6591	0.00091
Amycolatopsis sp. CA-230715	2745196	S	4424	693	5117	0.00071
Amycolatopsis sp. YIM 10	2653857	S	3988	1107	5095	0.00071
Amycolatopsis sp. FU40	2914159	S	3069	1366	4435	0.00061
Amycolatopsis sp. AA4	1896961	S	2731	1413	4144	0.00057
Amycolatopsis sp. BJA-103	1911175	S	2268	822	3090	0.00043
Amycolatopsis sp. TNS106	2861750	S	1872	972	2844	0.00039
Amycolatopsis sp. EV170708-02-1	2919322	S	1545	1260	2805	0.00039
Amycolatopsis pretoriensis	218821	S	20688	6126	26814	0.00371
Amycolatopsis mediterranei	33910	S	10881	10621	21502	0.00298
Amycolatopsis acidiphila	715473	S	5166	1116	6282	0.00087
Amycolatopsis keratiniphila	129921	S	2196	1537	3733	0.00052
Amycolatopsis japonica	208439	S	1133	914	2047	0.00028
Amycolatopsis thermalba	944492	S	3530	1395	4925	0.00068
Amycolatopsis methanolica	1814	S	3520	1307	4827	0.00067
Amycolatopsis albispora	1804986	S	3407	1843	5250	0.00073
Amycolatopsis aidingensis	2842453	S	2729	327	3056	0.00042
Amycolatopsis orientalis	31958	S	2456	725	3181	0.00044
Pseudonocardia sp. DSM 110487	2865833	S	27441	4198	31639	0.00438
Pseudonocardia sp. CGMCC 4.1532	2761535	S	5254	3204	8458	0.00117
Pseudonocardia sp. HH130630-07	1690815	S	3951	3137	7088	0.00098
Pseudonocardia sp. AL041005-10	445576	S	3369	2621	5990	0.00083
Pseudonocardia sp. HH130629-09	1641402	S	2631	3478	6109	0.00085
Pseudonocardia broussonetiae	2736640	S	7693	2716	10409	0.00144
Pseudonocardia dioxanivorans	240495	S	7612	2131	9743	0.00135
Pseudonocardia autotrophica	2074	S	4294	1237	5531	0.00077
Pseudonocardia abyssalis	2792008	S	4107	2210	6317	0.00087
Saccharopolyspora erythraea	1836	S	5840	1888	7728	0.00107
Saccharopolyspora gregorii	33914	S	3725	802	4527	0.00063
Saccharopolyspora spinosa	60894	S	1525	1158	2683	0.00037
Saccharopolyspora pogona	333966	S	1409	1947	3356	0.00046
Saccharothrix syringae	103733	S	5146	1828	6974	0.00097
Saccharothrix sp. 6-C	2781735	S	4784	1660	6444	0.00089
Saccharothrix espanaensis	103731	S	4145	1256	5401	0.00075
Kutzneria sp. CA-103260	2802641	S	5772	1291	7063	0.00098
Kutzneria albida	43357	S	3727	881	4608	0.00064
Saccharomonospora marina	632569	S	2188	511	2699	0.00037
Saccharomonospora azurea	40988	S	1585	494	2079	0.00029
Saccharomonospora cyanea	40989	S	1434	531	1965	0.00027
Saccharomonospora xinjiangensis	75294	S	1256	225	1481	0.00021
Saccharomonospora glauca	40990	S	1122	420	1542	0.00021
Lentzea guizhouensis	1586287	S	8623	1906	10529	0.00146
Actinoalloteichus hymeniacidonis	340345	S	2879	932	3811	0.00053
Actinoalloteichus hoggarensis	1470176	S	1771	1634	3405	0.00047
Actinosynnema pretiosum	42197	S	1722	4535	6257	0.00087
Allokutzneria albata	211114	S	4644	1167	5811	0.00080
Kibdelosporangium phytohabitans	860235	S	4302	536	4838	0.00067
Alloactinosynnema sp. L-07	1653480	S	3306	765	4071	0.00056
Prauserella marina	530584	S	1950	186	2136	0.00030
Allosaccharopolyspora coralli	2665642	S	1521	344	1865	0.00026
Micromonospora sp. WMMC415	2675222	S	2858	1092	3950	0.00055
Micromonospora sp. HM134	2583243	S	2303	1051	3354	0.00046
Micromonospora sp. WMMA2032	2039870	S	2302	1524	3826	0.00053
Micromonospora sp. B006	2201999	S	1974	1547	3521	0.00049
Micromonospora terminaliae	1914461	S	4601	2366	6967	0.00096
Micromonospora carbonacea	47853	S	3413	1558	4971	0.00069
Micromonospora krabiensis	307121	S	3237	1135	4372	0.00061
Micromonospora echinofusca	47858	S	3208	1479	4687	0.00065
Micromonospora inositola	47865	S	3130	1564	4694	0.00065
Micromonospora echinaurantiaca	47857	S	3061	1493	4554	0.00063
Micromonospora viridifaciens	1881	S	2817	1246	4063	0.00056
Micromonospora coriariae	285665	S	2657	965	3622	0.00050
Micromonospora purpureochromogenes	47872	S	2637	1428	4065	0.00056
Micromonospora auratinigra	261654	S	2617	1404	4021	0.00056
Micromonospora siamensis	299152	S	2558	1256	3814	0.00053
Micromonospora ferruginea	2749844	S	2480	1454	3934	0.00054
Micromonospora coxensis	356852	S	2436	1372	3808	0.00053
Micromonospora echinospora	1877	S	2430	860	3290	0.00046
Micromonospora narathiwatensis	299146	S	2361	1132	3493	0.00048
Micromonospora zamorensis	709883	S	2301	752	3053	0.00042
Micromonospora sagamiensis	47875	S	2161	841	3002	0.00042
Micromonospora maris	1003110	S	2154	668	2822	0.00039
Micromonospora chokoriensis	356851	S	2141	708	2849	0.00039
Micromonospora endophytica (Xie et al. 2001) Li et al. 2019	515350	S	2094	651	2745	0.00038
Micromonospora rifamycinica	291594	S	1955	901	2856	0.00040
Micromonospora craniellae	2294034	S	1664	1038	2702	0.00037
Micromonospora tulbaghiae	479978	S	1363	1492	2855	0.00040
Micromonospora aurantiaca	47850	S	1013	7097	8110	0.00112
Actinoplanes sp. L3-i22	2836373	S	9825	6588	16413	0.00227
Actinoplanes sp. N902-109	649831	S	7095	2167	9262	0.00128
Actinoplanes sp. OR16	946334	S	6420	2976	9396	0.00130
Actinoplanes friuliensis	196914	S	7295	1264	8559	0.00118
Actinoplanes ianthinogenes	122358	S	6745	2770	9515	0.00132
Actinoplanes missouriensis	1866	S	5495	1857	7352	0.00102
Actinoplanes teichomyceticus	1867	S	5176	2255	7431	0.00103
Actinoplanes derwentensis	113562	S	4916	807	5723	0.00079
Dactylosporangium vinaceum	53362	S	12435	1529	13964	0.00193
Phytohabitans suffuscus	624315	S	5796	1522	7318	0.00101
Phytohabitans flavus	1076124	S	4811	980	5791	0.00080
Couchioplanes caeruleus	56438	S	10201	2757	12958	0.00179
Actinocatenispora thailandica	227318	S	3822	1025	4847	0.00067
Actinocatenispora sera	390989	S	3676	1037	4713	0.00065
Plantactinospora sp. KBS50	2024580	S	3385	4337	7722	0.00107
Catellatospora sp. IY07-71	2728827	S	6553	1598	8151	0.00113
Polymorphospora rubra	338584	S	4240	1009	5249	0.00073
Natronosporangium hydrolyticum	2811111	S	2323	181	2504	0.00035
Verrucosispora sp. NA02020	2742132	S	1770	1368	3138	0.00043
Salinispora tropica	168695	S	1354	248	1602	0.00022
Actinomadura sp. WMMA1423	2591108	S	24569	6828	31397	0.00435
Actinomadura sp. NAK00032	2742128	S	22465	7410	29875	0.00414
Actinomadura sp. WMMB 499	1219491	S	7800	1868	9668	0.00134
Actinomadura verrucosospora	46165	S	20194	5887	26081	0.00361
Actinomadura madurae	1993	S	18667	5258	23925	0.00331
Actinomadura graeca	2750812	S	6570	1518	8088	0.00112
Thermomonospora amylolytica	1411117	S	4173	1589	5762	0.00080
Thermomonospora curvata	2020	S	2778	882	3660	0.00051
Nonomuraea nitratireducens	2656914	S	7922	1912	9834	0.00136
Nonomuraea sp. ATCC 55076	1909395	S	7065	2532	9597	0.00133
Nonomuraea coxensis	404386	S	6442	2071	8513	0.00118
Nonomuraea gerenzanensis	93944	S	6272	2353	8625	0.00119
Streptosporangium roseum	2001	S	6242	1849	8091	0.00112
Streptosporangium sp. 'caverna'	2202249	S	5697	1338	7035	0.00097
Thermobispora bispora	2006	S	3177	823	4000	0.00055
Nocardiopsis sp. MT53	2865672	S	2523	687	3210	0.00044
Nocardiopsis gilva	280236	S	1974	449	2423	0.00034
Nocardiopsis alba	53437	S	1442	299	1741	0.00024
Nocardiopsis dassonvillei	2014	S	1382	2007	3389	0.00047
Thermobifida halotolerans	483545	S	1456	509	1965	0.00027
Thermobifida alba	53522	S	1435	612	2047	0.00028
Streptomonospora litoralis	2498135	S	2249	501	2750	0.00038
Spiractinospora alimapuensis	2820884	S	1454	106	1560	0.00022
Blastococcus sp. PRF04-17	2933797	S	9576	3603	13179	0.00182
Blastococcus saxobsidens	138336	S	7640	2561	10201	0.00141
Modestobacter marinus	477641	S	8145	3089	11234	0.00156
Modestobacter sp. L9-4	2851567	S	4796	2008	6804	0.00094
Geodermatophilus obscurus	1861	S	8295	3053	11348	0.00157
Actinomyces radicidentis	111015	S	1063	2643	3706	0.00051
Frankia inefficax	298654	S	5851	802	6653	0.00092
Frankia sp. QA3	710111	S	2186	867	3053	0.00042
Frankia sp. ArI3	1858	S	1726	1073	2799	0.00039
Candidatus Frankia datiscae	2716812	S	2216	543	2759	0.00038
Frankia alni	1859	S	1867	1242	3109	0.00043
Frankia casuarinae	106370	S	1855	218	2073	0.00029
Jiangella sp. DSM 45060	1798224	S	6549	1888	8437	0.00117
Jiangella alkaliphila	419479	S	4912	1361	6273	0.00087
Nakamurella multipartita	53461	S	3625	746	4371	0.00061
Nakamurella sp. PAMC28650	2762325	S	1761	199	1960	0.00027
Nakamurella panacisegetis	1090615	S	1720	253	1973	0.00027
Catenulispora acidiphila	304895	S	4947	796	5743	0.00079
Jatrophihabitans telluris	2038343	S	2082	210	2292	0.00032
Jatrophihabitans sp. GAS493	1907575	S	1989	218	2207	0.00031
Stackebrandtia nassauensis	283811	S	2404	245	2649	0.00037
Kineococcus radiotolerans	131568	S	2250	693	2943	0.00041
Epidermidibacterium keratini	1891644	S	1540	754	2294	0.00032
Actinopolyspora erythraea	414996	S	1189	137	1326	0.00018
Conexibacter sp. SYSU D00693	2812560	S	27917	7902	35819	0.00496
Conexibacter sp. S30A1	2937800	S	7628	970	8598	0.00119
Conexibacter sp. DBS9H8	2937801	S	7551	843	8394	0.00116
Conexibacter woesei	191495	S	34135	7288	41423	0.00573
Miltoncostaea oceani	2843216	S	7925	1408	9333	0.00129
Miltoncostaea marina	2843215	S	7899	2381	10280	0.00142
Baekduia soli	496014	S	30252	5833	36085	0.00499
Rubrobacter xylanophilus	49319	S	4091	669	4760	0.00066
Rubrobacter marinus	2653852	S	2915	278	3193	0.00044
Rubrobacter tropicus	2653851	S	2376	195	2571	0.00036
Rubrobacter radiotolerans	42256	S	1379	189	1568	0.00022
Aquihabitans sp. Kera 3	2884263	S	6607	1191	7798	0.00108
Aquihabitans sp. G128	2849779	S	5796	1286	7082	0.00098
Iamia sp. SCSIO 61187	2722752	S	5824	1019	6843	0.00095
Actinomarinicola tropica	2789776	S	5772	1268	7040	0.00097
Ilumatobacter coccineus	467094	S	2743	205	2948	0.00041
Acidimicrobium ferrooxidans	53635	S	1021	101	1122	0.00016
Egibacter rhizosphaerae	1670831	S	2817	185	3002	0.00042
Euzebya pacifica	1608957	S	2578	234	2812	0.00039
Egicoccus halophilus	1670830	S	2423	415	2838	0.00039
Paenibacillus sp. B01	2660554	S	1163	2621	3784	0.00052
Paenibacillus mucilaginosus	61624	S	1113	312	1425	0.00020
Paenibacillus albicereus	2726185	S	1048	1837	2885	0.00040
Thermobacillus composti	377615	S	1029	474	1503	0.00021
Priestia megaterium	1404	S	6539	11706	18245	0.00253
Neobacillus drentensis	220684	S	1211	1122	2333	0.00032
Alicyclobacillus acidocaldarius	405212	S	1160	287	1447	0.00020
Thermaerobacter sp. FW80	2546351	S	1130	874	2004	0.00028
Symbiobacterium thermophilum	2734	S	1332	634	1966	0.00027
Limnochorda pilosa	1555112	S	1323	115	1438	0.00020
Deinococcus maricopensis	309887	S	1138	197	1335	0.00018
Deinococcus gobiensis	502394	S	1044	307	1351	0.00019
Deinococcus actinosclerus	1768108	S	1010	1745	2755	0.00038
Oceanithermus profundus	187137	S	1241	357	1598	0.00022
Truepera radiovictrix	332249	S	1120	103	1223	0.00017
Sphaerobacter thermophilus	2057	S	3406	280	3686	0.00051
Roseiflexus sp. RS-1	357808	S	1107	174	1281	0.00018
Roseiflexus castenholzii	120962	S	1064	174	1238	0.00017
Tepidiforma bonchosmolovskayae	2601677	S	2216	140	2356	0.00033
Candidatus Promineofilum breve	1806508	S	1912	57	1969	0.00027
Fimbriimonas ginsengisoli	1005039	S	1187	10	1197	0.00017
Bradyrhizobium sp. 200	2782665	S	33044	7884	40928	0.00567
Bradyrhizobium sp. 170	2782641	S	25398	6875	32273	0.00447
Bradyrhizobium sp. 195	2782662	S	21377	7783	29160	0.00404
Bradyrhizobium sp. CCBAU 051011	858422	S	14167	2617	16784	0.00232
Bradyrhizobium sp. CCBAU 51753	1325100	S	10660	2325	12985	0.00180
Bradyrhizobium sp. CCBAU 53351	1325114	S	7852	3722	11574	0.00160
Bradyrhizobium sp. 186	2782654	S	7232	2040	9272	0.00128
Bradyrhizobium sp. SK17	2057741	S	7218	2425	9643	0.00133
Bradyrhizobium sp. A19	2898149	S	7211	1310	8521	0.00118
Bradyrhizobium sp. CCBAU 53338	1325111	S	7008	2664	9672	0.00134
Bradyrhizobium sp. ORS 285	115808	S	6604	1569	8173	0.00113
Bradyrhizobium sp. BTAi1	288000	S	6600	1259	7859	0.00109
Bradyrhizobium sp. ORS 278	114615	S	6427	1556	7983	0.00111
Bradyrhizobium sp. CCBAU 53421	1325120	S	6371	1999	8370	0.00116
Bradyrhizobium sp. CCBAU 53340	1325112	S	5562	2008	7570	0.00105
Bradyrhizobium sp. 1(2017)	1404888	S	5228	1634	6862	0.00095
Bradyrhizobium sp. 6(2017)	1197460	S	4813	2189	7002	0.00097
Bradyrhizobium sp. 41S5	1404443	S	3669	2349	6018	0.00083
Bradyrhizobium sp. S2-11-2	2840472	S	3615	3182	6797	0.00094
Bradyrhizobium sp. CCGE-LA001	1223566	S	3454	1248	4702	0.00065
Bradyrhizobium sp. S2-20-1	2840469	S	3079	2904	5983	0.00083
Bradyrhizobium sp. S2-11-4	2840473	S	2788	2900	5688	0.00079
Bradyrhizobium sp. I71	2590772	S	2665	2641	5306	0.00073
Bradyrhizobium sp. CCBAU 51765	1325102	S	2561	2582	5143	0.00071
Bradyrhizobium sp. 191	2782659	S	2519	2801	5320	0.00074
Bradyrhizobium sp. 144S4	2823807	S	1996	4675	6671	0.00092
Bradyrhizobium sp. 323S2	1404649	S	1892	4482	6374	0.00088
Bradyrhizobium sp. C-145	574727	S	1823	1619	3442	0.00048
Bradyrhizobium sp.	376	S	1597	4685	6282	0.00087
Bradyrhizobium sp. 40	2782674	S	1199	3080	4279	0.00059
Bradyrhizobium sp. 4	2782678	S	1104	3202	4306	0.00060
Bradyrhizobium erythrophlei	1437360	S	25396	2029	27425	0.00380
Bradyrhizobium diazoefficiens	1355477	S	21777	32006	53783	0.00744
Bradyrhizobium japonicum	375	S	14588	18697	33285	0.00461
Bradyrhizobium paxllaeri	190148	S	11681	1984	13665	0.00189
Bradyrhizobium icense	1274631	S	10976	1453	12429	0.00172
Bradyrhizobium lablabi	722472	S	8565	8379	16944	0.00235
Bradyrhizobium canariense	255045	S	7771	10609	18380	0.00254
Bradyrhizobium arachidis	858423	S	7259	1897	9156	0.00127
Bradyrhizobium genosp. L	83637	S	7183	1406	8589	0.00119
Bradyrhizobium oligotrophicum	44255	S	5697	988	6685	0.00093
Bradyrhizobium guangzhouense	1325095	S	5431	1866	7297	0.00101
Bradyrhizobium genosp. B	83627	S	5111	1027	6138	0.00085
Bradyrhizobium quebecense	2748629	S	4871	2462	7333	0.00102
Bradyrhizobium guangdongense	1325090	S	4816	1711	6527	0.00090
Bradyrhizobium cosmicum	1404864	S	4548	1368	5916	0.00082
Bradyrhizobium septentrionale	1404411	S	4076	2203	6279	0.00087
Bradyrhizobium vignae	1549949	S	4047	891	4938	0.00068
Bradyrhizobium guangxiense	1325115	S	4017	1579	5596	0.00077
Bradyrhizobium elkanii	29448	S	3305	8137	11442	0.00158
Bradyrhizobium symbiodeficiens	1404367	S	3019	3968	6987	0.00097
Bradyrhizobium betae	244734	S	3012	1490	4502	0.00062
Bradyrhizobium amphicarpaeae	1404768	S	2874	1088	3962	0.00055
Bradyrhizobium daqingense	993502	S	2780	1349	4129	0.00057
Bradyrhizobium zhanjiangense	1325107	S	1529	1337	2866	0.00040
Rhodopseudomonas palustris	1076	S	15907	5139	21046	0.00291
Rhodopseudomonas sp. SK50-23	340268	S	2498	506	3004	0.00042
Rhodopseudomonas boonkerdii	475937	S	2294	557	2851	0.00039
Nitrobacter hamburgensis	912	S	6655	1052	7707	0.00107
Nitrobacter winogradskyi	913	S	2440	408	2848	0.00039
Tardiphaga sp. 37S4	1404741	S	1346	4383	5729	0.00079
Tardiphaga robiniae	943830	S	1426	921	2347	0.00032
Afipia sp. GAS231	1882747	S	3360	1878	5238	0.00073
Afipia carboxidovorans	40137	S	2970	789	3759	0.00052
Variibacter gotjawalensis	1333996	S	4547	377	4924	0.00068
Mesorhizobium sp. B2-8-5	2589903	S	18009	5805	23814	0.00330
Mesorhizobium sp. J8	2777475	S	9517	2984	12501	0.00173
Mesorhizobium sp. M2A.F.Ca.ET.043.05.1.1	2493671	S	4274	3488	7762	0.00107
Mesorhizobium sp. B2-1-1	2589974	S	3898	877	4775	0.00066
Mesorhizobium sp. M1B.F.Ca.ET.045.04.1.1	2493673	S	3881	1444	5325	0.00074
Mesorhizobium sp. M1D.F.Ca.ET.043.01.1.1	2493669	S	3483	2008	5491	0.00076
Mesorhizobium sp. 8	2584466	S	3420	812	4232	0.00059
Mesorhizobium sp. M1E.F.Ca.ET.045.02.1.1	2493672	S	3379	1622	5001	0.00069
Mesorhizobium sp. B1-1-8	2589976	S	3281	796	4077	0.00056
Mesorhizobium sp. M1A.F.Ca.IN.022.06.1.1	2493680	S	2932	898	3830	0.00053
Mesorhizobium sp. M3A.F.Ca.ET.080.04.2.1	2493676	S	2908	856	3764	0.00052
Mesorhizobium sp. M4B.F.Ca.ET.058.02.1.1	2493675	S	2810	1149	3959	0.00055
Mesorhizobium sp. 131-2-1	2744518	S	2758	1410	4168	0.00058
Mesorhizobium sp. DCY119	2108445	S	2425	539	2964	0.00041
Mesorhizobium sp. M2A.F.Ca.ET.043.02.1.1	2493670	S	2184	5327	7511	0.00104
Mesorhizobium sp. Pch-S	2082387	S	2023	279	2302	0.00032
Mesorhizobium sp. PAMC28654	2880934	S	2008	370	2378	0.00033
Mesorhizobium sp. INR15	2654248	S	2006	285	2291	0.00032
Mesorhizobium sp. M2A.F.Ca.ET.046.03.2.1	2493674	S	1931	4945	6876	0.00095
Mesorhizobium sp. M8A.F.Ca.ET.057.01.1.1	2493679	S	1823	659	2482	0.00034
Mesorhizobium sp. B2-1-8	2589967	S	1665	496	2161	0.00030
Mesorhizobium sp. B4-1-4	2589888	S	1588	377	1965	0.00027
Mesorhizobium sp. M9A.F.Ca.ET.002.03.1.2	2493668	S	1547	684	2231	0.00031
Mesorhizobium sp. M7D.F.Ca.US.005.01.1.1	2493678	S	1491	501	1992	0.00028
Mesorhizobium sp. L-2-11	2744521	S	1487	548	2035	0.00028
Mesorhizobium sp. M6A.T.Cr.TU.016.01.1.1	2493677	S	1471	477	1948	0.00027
Mesorhizobium sp. NZP2077	2483404	S	1385	449	1834	0.00025
Mesorhizobium sp. 113-3-3	2744516	S	1325	706	2031	0.00028
Mesorhizobium sp. 113-1-2	2744515	S	1286	619	1905	0.00026
Mesorhizobium sp. M7A.F.Ce.TU.012.03.2.1	2493681	S	1101	395	1496	0.00021
Mesorhizobium opportunistum	593909	S	2007	822	2829	0.00039
Mesorhizobium terrae	2725666	S	1906	588	2494	0.00035
Mesorhizobium amorphae	71433	S	1881	439	2320	0.00032
Mesorhizobium loti	381	S	1377	11190	12567	0.00174
Mesorhizobium huakuii	28104	S	1167	838	2005	0.00028
Mesorhizobium australicum	536018	S	1121	348	1469	0.00020
Mesorhizobium erdmanii	1777866	S	1103	308	1411	0.00020
Mesorhizobium japonicum	2066070	S	1061	810	1871	0.00026
Mesorhizobium ciceri	39645	S	1037	2670	3707	0.00051
Aquibium microcysteis	675281	S	3149	898	4047	0.00056
Aquibium oceanicum	1670800	S	2246	524	2770	0.00038
Aminobacter sp. MSH1	374606	S	1875	3194	5069	0.00070
Nitratireductor sp. SY7	2599600	S	1982	408	2390	0.00033
Roseitalea porphyridii	1852022	S	1611	283	1894	0.00026
Oricola thermophila	2742145	S	1239	179	1418	0.00020
Rhizobium sp. WYJ-E13	2849093	S	5336	1541	6877	0.00095
Rhizobium sp. BG4	2613770	S	2104	781	2885	0.00040
Rhizobium sp. NXC24	2048897	S	1265	480	1745	0.00024
Rhizobium sp. NZLR1	2731096	S	1139	1573	2712	0.00038
Rhizobium sp. CIAT894	2020312	S	1066	2167	3233	0.00045
Rhizobium leguminosarum	384	S	10876	22407	33283	0.00461
Rhizobium etli	29449	S	1878	2083	3961	0.00055
Rhizobium jaguaris	1312183	S	1393	198	1591	0.00022
Rhizobium phaseoli	396	S	1279	2297	3576	0.00050
Rhizobium acidisoli	1538158	S	1157	843	2000	0.00028
Rhizobium gallicum	56730	S	1089	1198	2287	0.00032
Rhizobium pseudoryzae	379684	S	1065	264	1329	0.00018
Rhizobium lentis	1138194	S	1023	313	1336	0.00019
Agrobacterium tumefaciens	358	S	2867	5365	8232	0.00114
Agrobacterium vitis	373	S	1558	257	1815	0.00025
Neorhizobium galegae	399	S	3812	1260	5072	0.00070
Neorhizobium sp. NCHU2750	1825976	S	1008	332	1340	0.00019
Sinorhizobium fredii	380	S	3360	4841	8201	0.00114
Sinorhizobium meliloti	382	S	2376	2095	4471	0.00062
Sinorhizobium sp. BG8	2613773	S	1098	216	1314	0.00018
Sinorhizobium americanum	194963	S	1193	500	1693	0.00023
Sinorhizobium medicae	110321	S	1040	139	1179	0.00016
Ensifer adhaerens	106592	S	3455	2552	6007	0.00083
Ensifer mexicanus	375549	S	1619	278	1897	0.00026
Ensifer sp. PDNC004	2811423	S	1053	526	1579	0.00022
Ensifer alkalisoli	1752398	S	1111	247	1358	0.00019
Ensifer sojae	716925	S	1051	428	1479	0.00020
Shinella sp. HZN7	879274	S	1791	1813	3604	0.00050
Shinella sp. PSBB067	2715959	S	1427	1270	2697	0.00037
Shinella sp. XGS7	2877941	S	1088	1534	2622	0.00036
Shinella zoogloeoides	352475	S	1493	2516	4009	0.00056
Ciceribacter thiooxidans	1969821	S	1107	254	1361	0.00019
Georhizobium profundi	2341112	S	1082	243	1325	0.00018
Methylobacterium sp. WL1	2603276	S	1920	599	2519	0.00035
Methylobacterium sp. 17Sr1-1	2202826	S	1824	1463	3287	0.00046
Methylobacterium aquaticum	270351	S	3946	2915	6861	0.00095
Methylobacterium nodulans	114616	S	3896	646	4542	0.00063
Methylobacterium durans	2202825	S	2740	495	3235	0.00045
Methylobacterium radiodurans	2202828	S	2533	800	3333	0.00046
Methylobacterium currus	2051553	S	2508	1699	4207	0.00058
Methylobacterium tardum	374432	S	2108	1292	3400	0.00047
Methylobacterium organophilum	410	S	2042	2017	4059	0.00056
Methylobacterium brachiatum	269660	S	2042	1033	3075	0.00043
Methylobacterium mesophilicum	39956	S	1969	676	2645	0.00037
Methylobacterium terrae	2202827	S	1951	1506	3457	0.00048
Methylobacterium indicum	1775910	S	1749	1506	3255	0.00045
Methylobacterium oryzae	334852	S	1700	4585	6285	0.00087
Microvirga sp. VF16	2807101	S	3648	618	4266	0.00059
Microvirga sp. 17 mud 1-3	2082949	S	1849	433	2282	0.00032
Microvirga ossetica	1882682	S	4048	781	4829	0.00067
Microvirga thermotolerans	2651334	S	2435	763	3198	0.00044
Methylorubrum populi	223967	S	3400	1619	5019	0.00069
Methylorubrum extorquens	408	S	2927	5004	7931	0.00110
Methylorubrum sp. B1-46	2897334	S	1246	527	1773	0.00025
Rhodoplanes sp. Z2-YC6860	674703	S	39720	4011	43731	0.00605
Hyphomicrobium denitrificans	53399	S	4153	483	4636	0.00064
Hyphomicrobium nitrativorans	1427356	S	2071	202	2273	0.00031
Hyphomicrobium sp. MC1	717785	S	1945	151	2096	0.00029
Methyloceanibacter sp. wino2	2170729	S	1361	338	1699	0.00024
Methyloceanibacter caenitepidi	1384459	S	1275	297	1572	0.00022
Methyloligella sp. GL2	2742204	S	2027	269	2296	0.00032
Aquabacter sp. L1I39	2820278	S	1886	322	2208	0.00031
Rhodomicrobium vannielii	1069	S	1401	111	1512	0.00021
Pseudolabrys taiwanensis	331696	S	16869	3089	19958	0.00276
Pseudolabrys sp. FHR47	2562284	S	11137	2151	13288	0.00184
Starkeya sp. ORNL1	2709380	S	4263	945	5208	0.00072
Starkeya novella	921	S	2980	1211	4191	0.00058
Ancylobacter polymorphus	223390	S	2236	1219	3455	0.00048
Ancylobacter sp. TS-1	1850374	S	2171	987	3158	0.00044
Ancylobacter pratisalsi	1745854	S	1815	442	2257	0.00031
Xanthobacter dioxanivorans	2528964	S	2907	2638	5545	0.00077
Labrys sp. KNU-23	2789216	S	2689	309	2998	0.00042
Azorhizobium caulinodans	7	S	2224	521	2745	0.00038
Bosea sp. Tri-49	1867715	S	3074	734	3808	0.00053
Bosea sp. F3-2	2599640	S	3000	994	3994	0.00055
Bosea sp. RAC05	1842539	S	2775	925	3700	0.00051
Bosea sp. ANAM02	2020412	S	2532	963	3495	0.00048
Bosea sp. AS-1	2015316	S	2474	808	3282	0.00045
Bosea sp. PAMC 26642	1792307	S	2172	478	2650	0.00037
Bosea vaviloviae	1526658	S	2654	667	3321	0.00046
Devosia sp. A16	1736675	S	5755	830	6585	0.00091
Devosia sp. JXJ CY 41	2917991	S	1078	291	1369	0.00019
Devosia sp. SL43	2806348	S	1035	282	1317	0.00018
Devosia ginsengisoli	400770	S	1163	373	1536	0.00021
Devosia oryziradicis	2801335	S	1045	345	1390	0.00019
Paradevosia shaoguanensis	1335043	S	1604	681	2285	0.00032
Youhaiella tibetensis	1447062	S	1528	357	1885	0.00026
Nordella sp. HKS 07	2712222	S	11782	698	12480	0.00173
Pseudorhodoplanes sinuspersici	1235591	S	6573	498	7071	0.00098
Terrihabitans soli	708113	S	1880	220	2100	0.00029
Aureimonas sp. SA4125	2826993	S	1944	424	2368	0.00033
Aureimonas sp. AU20	1349819	S	1835	335	2170	0.00030
Aureimonas populi	1701758	S	1412	423	1835	0.00025
Aureimonas mangrovi	2758041	S	1342	424	1766	0.00024
Martelella mediterranea	293089	S	1015	966	1981	0.00027
Aurantimonas sp. HBX-1	2906072	S	2380	767	3147	0.00044
Methylocystis parvus	134	S	1576	209	1785	0.00025
Methylocystis bryophila	655015	S	1470	166	1636	0.00023
Methylocystis heyeri	391905	S	1325	170	1495	0.00021
Methylocystis rosea	173366	S	1019	1380	2399	0.00033
Methylosinus trichosporium	426	S	2055	434	2489	0.00034
Methylosinus sp. C49	2699395	S	1647	344	1991	0.00028
Phreatobacter stygius	1940610	S	3964	632	4596	0.00064
Phreatobacter cathodiphilus	1868589	S	3000	959	3959	0.00055
Phreatobacter sp. NMCR1094	2570229	S	2413	486	2899	0.00040
Stappia indica	538381	S	2383	636	3019	0.00042
Stappia sp. ES.058	1881061	S	1279	186	1465	0.00020
Roseibium aggregatum	187304	S	1451	258	1709	0.00024
Pannonibacter phragmitetus	121719	S	1744	1246	2990	0.00041
Methylocella silvestris	199596	S	1502	193	1695	0.00023
Methylocella tundrae	227605	S	1377	153	1530	0.00021
Methylovirgula ligni	569860	S	1330	170	1500	0.00021
Methylovirgula sp. HY1	2822761	S	1125	77	1202	0.00017
Blastochloris tepida	2233851	S	2878	1059	3937	0.00054
Blastochloris viridis	1079	S	2581	788	3369	0.00047
Kaustia mangrovi	2593653	S	2820	322	3142	0.00043
Parvibaculum lavamentivorans	256618	S	1441	1432	2873	0.00040
Chelatococcus sp. CO-6	1702325	S	2372	1491	3863	0.00053
Chelatococcus daeguensis	444444	S	1368	863	2231	0.00031
Kaistia sp. 32K	2795690	S	3634	979	4613	0.00064
Acuticoccus sp. I52.16.1	2928472	S	2977	389	3366	0.00047
Hartmannibacter diazotrophicus	1482074	S	2005	380	2385	0.00033
Breoghania sp. L-A4	2304600	S	1867	275	2142	0.00030
Sphingomonas sp. DM2-R-LB4	2899123	S	2806	1458	4264	0.00059
Sphingomonas sp. S8-45	2938948	S	2789	515	3304	0.00046
Sphingomonas sp. AK-PDB1-5	2872652	S	2267	539	2806	0.00039
Sphingomonas sp. HDW15A	2714942	S	2226	278	2504	0.00035
Sphingomonas sp. CL5.1	2653203	S	2212	1116	3328	0.00046
Sphingomonas sp. Cra20	1327635	S	2104	445	2549	0.00035
Sphingomonas sp. LM7	1938607	S	1885	552	2437	0.00034
Sphingomonas sp. AP4-R1	2735134	S	1833	340	2173	0.00030
Sphingomonas sp. MM-1	745310	S	1832	4133	5965	0.00083
Sphingomonas sp. AAP5	1523415	S	1657	597	2254	0.00031
Sphingomonas sp. NBWT7	2596913	S	1634	883	2517	0.00035
Sphingomonas sp. FARSPH	2219696	S	1531	1861	3392	0.00047
Sphingomonas sp. S2-65	2903960	S	1454	426	1880	0.00026
Sphingomonas sp. PAMC26645	2565555	S	1297	510	1807	0.00025
Sphingomonas sp. HMP9	1517554	S	1198	628	1826	0.00025
Sphingomonas sp. KC8	1030157	S	1062	202	1264	0.00018
Sphingomonas lutea	1045317	S	7483	1529	9012	0.00125
Sphingomonas sediminicola	386874	S	5819	892	6711	0.00093
Sphingomonas daechungensis	1176646	S	5456	843	6299	0.00087
Sphingomonas sabuli	2764186	S	4253	820	5073	0.00070
Sphingomonas sinipercae	2714944	S	4077	865	4942	0.00068
Sphingomonas ginsengisoli An et al. 2013	363835	S	3994	862	4856	0.00067
Sphingomonas piscis	2714943	S	2946	430	3376	0.00047
Sphingomonas rhizophila	2071607	S	2876	1167	4043	0.00056
Sphingomonas alpina	653931	S	2811	372	3183	0.00044
Sphingomonas sanxanigenens	397260	S	2488	1914	4402	0.00061
Sphingomonas profundi	2681549	S	2398	606	3004	0.00042
Sphingomonas xanthus	2594473	S	2021	723	2744	0.00038
Sphingomonas hengshuiensis	1609977	S	1837	385	2222	0.00031
Sphingomonas panacis	1560345	S	1804	428	2232	0.00031
Sphingomonas taxi	1549858	S	1760	891	2651	0.00037
Sphingomonas koreensis	93064	S	1597	1975	3572	0.00049
Sphingomonas panacisoli	1813879	S	1536	334	1870	0.00026
Sphingomonas changnyeongensis	2698679	S	1462	447	1909	0.00026
Sphingomonas radiodurans	2890321	S	1330	282	1612	0.00022
Sphingomonas suaedae	2599297	S	1243	261	1504	0.00021
Sphingomonas insulae	424800	S	1154	537	1691	0.00023
Sphingomonas aliaeris	2759526	S	1074	218	1292	0.00018
Sphingomonas paucimobilis	13689	S	1016	1081	2097	0.00029
Sphingobium sp. SYK-6	627192	S	1365	972	2337	0.00032
Sphingobium yanoikuyae	13690	S	1551	6564	8115	0.00112
Sphingopyxis sp. YF1	2482763	S	1251	564	1815	0.00025
Sphingopyxis sp. QXT-31	1357916	S	1248	745	1993	0.00028
Sphingopyxis sp. OPL5	2486273	S	1175	471	1646	0.00023
Sphingopyxis sp. BSN-002	2911495	S	1068	410	1478	0.00020
Sphingopyxis macrogoltabida	33050	S	2218	2959	5177	0.00072
Sphingopyxis terrae	33052	S	1102	1725	2827	0.00039
Novosphingobium sp. Sx8-5	2896849	S	2051	736	2787	0.00039
Novosphingobium sp. Gsoil 351	2675225	S	1705	245	1950	0.00027
Novosphingobium sp. EMRT-2	2571749	S	1652	1696	3348	0.00046
Novosphingobium sp. P6W	1609758	S	1390	459	1849	0.00026
Novosphingobium resinovorum	158500	S	1908	1724	3632	0.00050
Novosphingobium decolorationis	2698673	S	1335	1270	2605	0.00036
Novosphingobium aromaticivorans	48935	S	1194	1233	2427	0.00034
Novosphingobium ginsenosidimutans	1176536	S	1072	182	1254	0.00017
Rhizorhabdus wittichii	160791	S	3165	2941	6106	0.00085
Rhizorhabdus dicambivorans	1850238	S	1873	2334	4207	0.00058
Rhizorhabdus phycosphaerae	2711156	S	1391	242	1633	0.00023
Sphingosinithalassobacter sp. CS137	2762748	S	1471	477	1948	0.00027
Sphingosinithalassobacter tenebrarum	2711215	S	1276	629	1905	0.00026
Allosphingosinicella indica	941907	S	2096	409	2505	0.00035
Parasphingopyxis algicola	2026624	S	1234	121	1355	0.00019
Hankyongella ginsenosidimutans	1763828	S	1113	339	1452	0.00020
Erythrobacter litoralis	39960	S	1377	1124	2501	0.00035
Porphyrobacter sp. CACIAM 03H1	2003315	S	1094	607	1701	0.00024
Qipengyuania flava	192812	S	1500	1925	3425	0.00047
Croceicoccus marinus	450378	S	1273	1278	2551	0.00035
Tsuneonella amylolytica	2338327	S	1066	501	1567	0.00022
Tsuneonella dongtanensis	692370	S	1047	329	1376	0.00019
Altererythrobacter sp. B11	2060312	S	1008	879	1887	0.00026
Sphingosinicella sp. BN140058	1892855	S	2646	359	3005	0.00042
Sphingosinicella microcystinivorans	335406	S	1165	221	1386	0.00019
Sphingosinicella flava	2771430	S	1059	223	1282	0.00018
Sandaracinobacter sp. M6	2759707	S	1059	105	1164	0.00016
Azospirillum sp. B510	137722	S	1638	808	2446	0.00034
Azospirillum sp. TSH100	652764	S	1300	800	2100	0.00029
Azospirillum sp. TSA2s	709810	S	1276	1372	2648	0.00037
Azospirillum brasilense	192	S	4977	6353	11330	0.00157
Azospirillum thermophilum	2202148	S	3099	960	4059	0.00056
Azospirillum thiophilum	528244	S	1930	887	2817	0.00039
Azospirillum ramasamyi	682998	S	1171	966	2137	0.00030
Skermanella mucosa	1789672	S	1778	1259	3037	0.00042
Skermanella sp. TT6	2775420	S	1665	1769	3434	0.00048
Skermanella rosea	1817965	S	1590	1454	3044	0.00042
Skermanella pratensis	2233999	S	1453	839	2292	0.00032
Nitrospirillum amazonense	28077	S	2274	347	2621	0.00036
Indioceanicola profundi	2220096	S	1648	296	1944	0.00027
Roseomonas sp. OT10	2897332	S	3089	1112	4201	0.00058
Roseomonas sp. S08	1750527	S	3071	338	3409	0.00047
Roseomonas gilardii	257708	S	2505	3171	5676	0.00079
Roseomonas haemaphysalidis	2768162	S	2252	461	2713	0.00038
Roseomonas marmotae	2768161	S	1972	428	2400	0.00033
Rhodovastum atsumiense	504468	S	3923	725	4648	0.00064
Roseococcus microcysteis	2771361	S	1928	394	2322	0.00032
Acidibrevibacterium fodinaquatile	1969806	S	1772	258	2030	0.00028
Lichenicola cladoniae	1484109	S	1645	158	1803	0.00025
Sediminicoccus rosea	1225128	S	1612	186	1798	0.00025
Gluconacetobacter diazotrophicus	33996	S	1063	769	1832	0.00025
Hypericibacter adhaerens	2602016	S	4965	973	5938	0.00082
Hypericibacter terrae	2602015	S	4406	671	5077	0.00070
Magnetospirillum sp. XM-1	1663591	S	1105	652	1757	0.00024
Magnetospirillum gryphiswaldense	55518	S	1303	146014	147317	0.02039
Magnetospirillum magneticum	84159	S	1008	150	1158	0.00016
Rhodospirillum centenum	34018	S	2031	382	2413	0.00033
Rhodospirillum rubrum	1085	S	1187	124	1311	0.00018
Tistrella mobilis	171437	S	2412	1652	4064	0.00056
Ferrovibrio terrae	2594003	S	1983	165	2148	0.00030
Defluviicoccus vanus	111831	S	1262	145	1407	0.00019
Stella humosa	94	S	5205	482	5687	0.00079
Elioraea tepida	2843330	S	2289	159	2448	0.00034
Paracoccus sanguinis	1545044	S	1181	2866	4047	0.00056
Cereibacter sphaeroides	1063	S	2763	3098	5861	0.00081
Rhodobacter sp. CZR27	2033869	S	1114	591	1705	0.00024
Rhodobacter capsulatus	1061	S	1203	416	1619	0.00022
Polymorphum gilvum	991904	S	1913	603	2516	0.00035
Paroceanicella profunda	2579971	S	1758	911	2669	0.00037
Pikeienuella piscinae	2748098	S	1231	161	1392	0.00019
Pontivivens ytuae	2789856	S	1183	149	1332	0.00018
Pelagovum pacificum	2588711	S	1084	230	1314	0.00018
Silicimonas algicola	1826607	S	1032	106	1138	0.00016
Roseovarius indicus	540747	S	1160	1073	2233	0.00031
Salipiger profundus	1229727	S	1262	1146	2408	0.00033
Salipiger abyssi	1250539	S	1010	780	1790	0.00025
Roseivivax marinus	1379903	S	1191	397	1588	0.00022
Celeribacter indicus	1208324	S	1069	1084	2153	0.00030
Sagittula sp. P11	2009329	S	1087	952	2039	0.00028
Yangia pacifica	311180	S	1066	353	1419	0.00020
Caulobacter sp. S6	2823693	S	3286	463	3749	0.00052
Caulobacter sp. FWC26	69665	S	1181	572	1753	0.00024
Caulobacter segnis	88688	S	3733	1550	5283	0.00073
Caulobacter mirabilis	69666	S	2966	697	3663	0.00051
Caulobacter rhizosphaerae	2010972	S	2368	777	3145	0.00044
Caulobacter vibrioides	155892	S	2366	1087	3453	0.00048
Caulobacter flavus	1679497	S	2360	777	3137	0.00043
Caulobacter soli	2708539	S	2119	758	2877	0.00040
Caulobacter henricii	69395	S	1021	203	1224	0.00017
Brevundimonas naejangsanensis	588932	S	1479	3049	4528	0.00063
Brevundimonas goettingensis	2774190	S	1061	658	1719	0.00024
Phenylobacterium zucineum	284016	S	6933	1782	8715	0.00121
Phenylobacterium parvum	2201350	S	1774	251	2025	0.00028
Terricaulis silvestris	2686094	S	1567	69	1636	0.00023
Marinicauda algicola	2029849	S	1462	297	1759	0.00024
Burkholderia multivorans	87883	S	3848	2637	6485	0.00090
Burkholderia ubonensis	101571	S	3662	3857	7519	0.00104
Burkholderia cenocepacia	95486	S	2973	15120	18093	0.00250
Burkholderia cepacia	292	S	2575	3671	6246	0.00086
Burkholderia pyrrocinia	60550	S	1708	1557	3265	0.00045
Burkholderia contaminans	488447	S	1430	1498	2928	0.00041
Burkholderia ambifaria	152480	S	1333	1901	3234	0.00045
Burkholderia stagnalis	1503054	S	1270	705	1975	0.00027
Burkholderia anthina	179879	S	1266	1888	3154	0.00044
Burkholderia stabilis	95485	S	1172	1365	2537	0.00035
Burkholderia lata	482957	S	1102	1675	2777	0.00038
Burkholderia dolosa	152500	S	1045	540	1585	0.00022
Burkholderia pseudomallei	28450	S	1681	28756	30437	0.00421
Burkholderia mayonis	1385591	S	1214	404	1618	0.00022
Burkholderia thailandensis	57975	S	1167	5167	6334	0.00088
Burkholderia sp. DHOD12	2571746	S	1939	876	2815	0.00039
Burkholderia sp. Bp7605	1740163	S	1032	777	1809	0.00025
Burkholderia gladioli	28095	S	4367	2177	6544	0.00091
Burkholderia glumae	337	S	1574	966	2540	0.00035
Burkholderia plantarii	41899	S	1259	743	2002	0.00028
Burkholderia perseverans	2615214	S	1057	672	1729	0.00024
Paraburkholderia graminis	60548	S	4021	1266	5287	0.00073
Paraburkholderia sp. SOS3	1926494	S	1585	310	1895	0.00026
Paraburkholderia sp. PGU16	2735433	S	1004	649	1653	0.00023
Paraburkholderia pallida	2547399	S	2144	536	2680	0.00037
Paraburkholderia edwinii	2861782	S	2076	380	2456	0.00034
Paraburkholderia caribensis	75105	S	2056	1782	3838	0.00053
Paraburkholderia aromaticivorans	2026199	S	1953	1089	3042	0.00042
Paraburkholderia phymatum	148447	S	1769	558	2327	0.00032
Paraburkholderia acidisoli	2571748	S	1718	431	2149	0.00030
Paraburkholderia tropica	92647	S	1669	517	2186	0.00030
Paraburkholderia caledonica	134536	S	1604	381	1985	0.00027
Paraburkholderia atlantica	2654982	S	1569	503	2072	0.00029
Paraburkholderia acidiphila	2571747	S	1549	424	1973	0.00027
Paraburkholderia phytofirmans	261302	S	1422	775	2197	0.00030
Paraburkholderia sprentiae	948107	S	1351	389	1740	0.00024
Paraburkholderia terricola	169427	S	1343	528	1871	0.00026
Paraburkholderia megapolitana	420953	S	1194	165	1359	0.00019
Paraburkholderia ginsengisoli	311231	S	1162	459	1621	0.00022
Paraburkholderia fungorum	134537	S	1123	333	1456	0.00020
Paraburkholderia phenoliruptrix	252970	S	1121	399	1520	0.00021
Paraburkholderia terrae	311230	S	1103	1403	2506	0.00035
Paraburkholderia hospita	169430	S	1004	1289	2293	0.00032
Cupriavidus taiwanensis	164546	S	6046	9531	15577	0.00216
Cupriavidus pauculus	82633	S	5055	3507	8562	0.00119
Cupriavidus basilensis	68895	S	2628	2191	4819	0.00067
Cupriavidus necator	106590	S	2612	3860	6472	0.00090
Cupriavidus sp. EM10	2839983	S	1208	1318	2526	0.00035
Cupriavidus oxalaticus	96344	S	2528	1878	4406	0.00061
Cupriavidus campinensis	151783	S	2265	1382	3647	0.00050
Cupriavidus pinatubonensis	248026	S	2123	586	2709	0.00038
Cupriavidus metallidurans	119219	S	1746	1776	3522	0.00049
Caballeronia sp. Lep1P3	2878150	S	1250	1980	3230	0.00045
Caballeronia sp. TF1N1	2878153	S	1151	554	1705	0.00024
Caballeronia zhejiangensis	871203	S	1934	639	2573	0.00036
Caballeronia insecticola	758793	S	1564	465	2029	0.00028
Caballeronia grimmiae	1071679	S	1501	1141	2642	0.00037
Ralstonia solanacearum	305	S	3860	11064	14924	0.00207
Ralstonia insidiosa	190721	S	1087	1242	2329	0.00032
Pandoraea pnomenusa	93220	S	1462	1526	2988	0.00041
Pandoraea pulmonicola	93221	S	1204	708	1912	0.00026
Pandoraea thiooxydans	445709	S	1131	155	1286	0.00018
Variovorax sp. HW608	1034889	S	4355	1129	5484	0.00076
Variovorax sp. PBS-H4	434008	S	2342	2382	4724	0.00065
Variovorax sp. PBL-H6	434009	S	2109	3395	5504	0.00076
Variovorax sp. RA8	662548	S	2068	2656	4724	0.00065
Variovorax sp. WDL1	207745	S	1924	4936	6860	0.00095
Variovorax sp. PAMC 28711	1795631	S	1745	453	2198	0.00030
Variovorax sp. RKNM96	2681552	S	1693	874	2567	0.00036
Variovorax sp. PAMC26660	2762322	S	1464	522	1986	0.00027
Variovorax sp. PAMC28562	2762323	S	1396	186	1582	0.00022
Variovorax sp. SRS16	282217	S	1086	4301	5387	0.00075
Variovorax sp. 38R	2774875	S	1012	1710	2722	0.00038
Variovorax paradoxus	34073	S	8545	10462	19007	0.00263
Variovorax boronicumulans	436515	S	1324	1206	2530	0.00035
Hydrogenophaga sp. BA0156	2716225	S	1969	2213	4182	0.00058
Hydrogenophaga sp. BPS33	2651974	S	1716	2208	3924	0.00054
Hydrogenophaga sp. YM1	2806262	S	1676	1317	2993	0.00041
Hydrogenophaga sp. PBC	795665	S	1552	2899	4451	0.00062
Hydrogenophaga sp. SL48	2806347	S	1351	886	2237	0.00031
Hydrogenophaga sp. RAC07	1842537	S	1052	548	1600	0.00022
Hydrogenophaga taeniospiralis	65656	S	1112	1131	2243	0.00031
Acidovorax sp. YS12	2738413	S	1184	1838	3022	0.00042
Acidovorax avenae	80867	S	2539	2944	5483	0.00076
Acidovorax antarcticus	2743470	S	1382	1706	3088	0.00043
Acidovorax monticola	1926868	S	1357	848	2205	0.00031
Ramlibacter tataouinensis	94132	S	11954	7212	19166	0.00265
Comamonas serinivorans	1082851	S	1158	592	1750	0.00024
Comamonas aquatica	225991	S	1114	2723	3837	0.00053
Rhodoferax sp. BAB1	2741720	S	1287	551	1838	0.00025
Rhodoferax koreense	1842727	S	2050	1736	3786	0.00052
Rhodoferax sediminis	2509614	S	1696	403	2099	0.00029
Diaphorobacter ruginosibacter	1715720	S	1106	1117	2223	0.00031
Schlegelella thermodepolymerans	215580	S	2479	1838	4317	0.00060
Schlegelella brevitalea	413882	S	2438	536	2974	0.00041
Polaromonas sp. JS666	296591	S	1324	1352	2676	0.00037
Polaromonas naphthalenivorans	216465	S	1022	234	1256	0.00017
Kinneretia sp. DAIF2	2714952	S	2350	1313	3663	0.00051
Ottowia sp. 27C	2816950	S	1196	357	1553	0.00022
Ottowia oryzae	2109914	S	1015	338	1353	0.00019
Alicycliphilus denitrificans	179636	S	2294	6281	8575	0.00119
Melaminivora sp. SC2-9	2109913	S	1043	1945	2988	0.00041
Verminephrobacter eiseniae	364317	S	1181	225	1406	0.00019
Massilia sp. WG5	1707785	S	3300	2631	5931	0.00082
Massilia sp. HC52	2852099	S	1970	1271	3241	0.00045
Massilia sp. LPB0304	2769491	S	1754	1378	3132	0.00043
Massilia sp. DM-R-R2A-13	2899220	S	1651	857	2508	0.00035
Massilia sp. YMA4	1593482	S	1496	1239	2735	0.00038
Massilia sp. NP310	2861282	S	1335	1399	2734	0.00038
Massilia sp. PAMC28688	2861283	S	1060	340	1400	0.00019
Massilia putida	1141883	S	3711	1518	5229	0.00072
Massilia violaceinigra	2045208	S	2577	894	3471	0.00048
Massilia flava	871742	S	2366	773	3139	0.00043
Massilia albidiflava	321983	S	1505	735	2240	0.00031
Massilia lutea	321985	S	1490	579	2069	0.00029
Massilia umbonata	864828	S	1475	737	2212	0.00031
Massilia armeniaca	2072590	S	1376	856	2232	0.00031
Massilia plicata	321984	S	1300	450	1750	0.00024
Massilia antarctica	2765360	S	1151	497	1648	0.00023
Massilia oculi	945844	S	1139	840	1979	0.00027
Duganella sp. GN2-R2	2728020	S	2156	1222	3378	0.00047
Duganella sp. AF9R3	2728021	S	1401	395	1796	0.00025
Janthinobacterium agaricidamnosum	55508	S	1161	2885	4046	0.00056
Herbaspirillum robiniae	2014887	S	1330	1312	2642	0.00037
Collimonas fungivorans	158899	S	1115	526	1641	0.00023
Noviherbaspirillum sp. UKPF54	2601898	S	1760	448	2208	0.00031
Achromobacter xylosoxidans	85698	S	3900	10178	14078	0.00195
Achromobacter sp. AONIH1	1758194	S	1299	2901	4200	0.00058
Achromobacter sp. MFA1 R4	1881016	S	1004	837	1841	0.00025
Achromobacter spanius	217203	S	2212	1433	3645	0.00050
Achromobacter denitrificans	32002	S	1919	2173	4092	0.00057
Achromobacter deleyi	1353891	S	1461	1583	3044	0.00042
Achromobacter insolitus	217204	S	1011	439	1450	0.00020
Bordetella sp. H567	1697043	S	1423	538	1961	0.00027
Bordetella sp. N	1746199	S	1322	295	1617	0.00022
Bordetella bronchialis	463025	S	1578	765	2343	0.00032
Bordetella genomosp. 13	463040	S	1559	2005	3564	0.00049
Bordetella genomosp. 8	1416806	S	1523	707	2230	0.00031
Bordetella flabilis	463014	S	1365	307	1672	0.00023
Bordetella genomosp. 9	1416803	S	1259	724	1983	0.00027
Bordetella hinzii	103855	S	1046	2176	3222	0.00045
Bordetella petrii	94624	S	1028	2370	3398	0.00047
Pigmentiphaga sp. H8	2488560	S	2381	480	2861	0.00040
Orrella dioscoreae	1851544	S	1162	663	1825	0.00025
Castellaniella defragrans	75697	S	1331	1480	2811	0.00039
Rhizobacter gummiphilus	946333	S	3354	995	4349	0.00060
Rhizobacter sp. AJA081-3	2753607	S	3226	1194	4420	0.00061
Sphaerotilus sp. FB-5	2914710	S	2082	2092	4174	0.00058
Sphaerotilus natans	34103	S	2015	1166	3181	0.00044
Methylibium sp. Pch-M	2082386	S	1145	1206	2351	0.00033
Methylibium petroleiphilum	105560	S	1084	1358	2442	0.00034
Rubrivivax gelatinosus	28068	S	3184	1490	4674	0.00065
Thiomonas sp. X19	1050370	S	1050	989	2039	0.00028
Aquincola tertiaricarbonis	391953	S	2440	1291	3731	0.00052
Mitsuaria sp. 7	1658665	S	2434	720	3154	0.00044
Leptothrix cholodnii	34029	S	2222	1034	3256	0.00045
Xylophilus rhododendri	2697032	S	1809	813	2622	0.00036
Ideonella dechloratans	36863	S	1328	1220	2548	0.00035
Tepidimonas taiwanensis	307486	S	1202	698	1900	0.00026
Aquabacterium olei	1296669	S	1083	437	1520	0.00021
Roseateles depolymerans	76731	S	1011	290	1301	0.00018
Thauera sp. MZ1T	85643	S	1923	3326	5249	0.00073
Thauera sp. K11	2005884	S	1813	1707	3520	0.00049
Thauera humireducens	1134435	S	1300	1342	2642	0.00037
Azoarcus sp. KH32C	748247	S	2098	558	2656	0.00037
Azoarcus sp. DD4	2027405	S	1478	1367	2845	0.00039
Azoarcus olearius	418699	S	1749	905	2654	0.00037
Azoarcus communis	41977	S	1328	801	2129	0.00029
Nitrogeniibacter mangrovi	2016596	S	1478	472	1950	0.00027
Aromatoleum petrolei	76116	S	1885	650	2535	0.00035
Aromatoleum aromaticum	551760	S	1478	1366	2844	0.00039
Aromatoleum bremense	76115	S	1306	1000	2306	0.00032
Aromatoleum pumilum	2067960	S	1272	758	2030	0.00028
Azospira restricta	404405	S	3089	3097	6186	0.00086
Niveibacterium microcysteis	2811415	S	1172	272	1444	0.00020
Dechloromonas denitrificans	281362	S	1350	543	1893	0.00026
Ferribacterium limneticum	76259	S	1730	451	2181	0.00030
Usitatibacter rugosus	2732067	S	8174	1374	9548	0.00132
Usitatibacter palustris	2732487	S	6169	1096	7265	0.00101
Denitratisoma sp. DHT3	1981880	S	1034	1242	2276	0.00032
Sulfuritalea hydrogenivorans	748811	S	1421	340	1761	0.00024
Methyloversatilis sp. RAC08	1842540	S	1271	278	1549	0.00021
Nitrosospira multiformis	1231	S	1148	534	1682	0.00023
Thiobacillus denitrificans	36861	S	1736	561	2297	0.00032
Sulfuritortus calidifontis	1914471	S	1196	830	2026	0.00028
Jeongeupia sp. USM3	1906741	S	1323	624	1947	0.00027
Pseudogulbenkiania sp. NH8B	748280	S	1092	931	2023	0.00028
Crenobacter cavernae	2290923	S	1468	1201	2669	0.00037
Casimicrobium huifangae	2591109	S	1089	833	1922	0.00027
Lysobacter sp. KIS68-7	2904252	S	11402	3844	15246	0.00211
Lysobacter sp. TY2-98	2290922	S	3031	838	3869	0.00054
Lysobacter sp. 5GHs7-4	2904253	S	1920	1014	2934	0.00041
Lysobacter sp. CECT 30171	2822368	S	1639	686	2325	0.00032
Lysobacter sp. S4-A87	2925843	S	1620	962	2582	0.00036
Lysobacter sp. K5869	2820808	S	1324	1180	2504	0.00035
Lysobacter sp. CW239	2762611	S	1270	1343	2613	0.00036
Lysobacter enzymogenes	69	S	5616	3700	9316	0.00129
Lysobacter soli	453783	S	3977	1424	5401	0.00075
Lysobacter capsici	435897	S	3612	7371	10983	0.00152
Lysobacter solisilvae (ex Woo and Kim 2022)	2865112	S	3212	1632	4844	0.00067
Lysobacter lycopersici	1324796	S	2847	1012	3859	0.00053
Lysobacter solisilvae (ex Kim et al. 2021)	2763317	S	2476	861	3337	0.00046
Lysobacter antibioticus	84531	S	2130	805	2935	0.00041
Lysobacter maris	1605891	S	1821	757	2578	0.00036
Lysobacter arenosi	2795387	S	1559	910	2469	0.00034
Lysobacter oculi	2698682	S	1505	676	2181	0.00030
Lysobacter alkalisoli	2591633	S	1437	451	1888	0.00026
Stenotrophomonas maltophilia	40324	S	5278	13559	18837	0.00261
Stenotrophomonas rhizophila	216778	S	2149	1063	3212	0.00044
Stenotrophomonas acidaminiphila	128780	S	1138	4499	5637	0.00078
Xanthomonas translucens	343	S	2125	7317	9442	0.00131
Xanthomonas campestris	339	S	1662	6286	7948	0.00110
Xanthomonas sacchari	56458	S	1133	751	1884	0.00026
Luteimonas sp. MC1750	2799326	S	1527	848	2375	0.00033
Luteimonas sp. S4-F44	2925842	S	1510	469	1979	0.00027
Luteimonas sp. D4P002	2901869	S	1419	615	2034	0.00028
Luteimonas sp. MC1572	2799325	S	1275	803	2078	0.00029
Luteimonas sp. YGD11-2	2508168	S	1206	781	1987	0.00028
Luteimonas sp. MC1825	2761107	S	1110	717	1827	0.00025
Luteimonas sp. JM171	1896164	S	1086	362	1448	0.00020
Luteimonas granuli	1176533	S	1391	832	2223	0.00031
Luteimonas chenhongjianii	2006110	S	1186	394	1580	0.00022
Luteimonas yindakuii	2565782	S	1103	602	1705	0.00024
Pseudoxanthomonas suwonensis	314722	S	2630	2182	4812	0.00067
Pseudoxanthomonas mexicana	128785	S	1498	2963	4461	0.00062
Pseudoxanthomonas sp. X-1	2571115	S	1488	2161	3649	0.00051
Pseudoxanthomonas daejeonensis	266062	S	1104	447	1551	0.00021
Thermomonas sp. XSG	2771436	S	1076	776	1852	0.00026
Thermomonas brevis	215691	S	1539	957	2496	0.00035
Thermomonas aquatica	2202149	S	1452	1181	2633	0.00036
Thermomonas carbonis	1463158	S	1248	443	1691	0.00023
Arenimonas daejeonensis	370777	S	2214	778	2992	0.00041
Pseudolysobacter antarcticus	2511995	S	1309	71	1380	0.00019
Luteibacter sp. 321	2911537	S	1301	659	1960	0.00027
Luteibacter sp. EIF3	2780091	S	1058	277	1335	0.00018
Luteibacter sp. 335	2911538	S	1016	373	1389	0.00019
Luteibacter rhizovicinus	242606	S	1076	267	1343	0.00019
Frateuria sp. 5GH9-34	2898793	S	4207	1724	5931	0.00082
Frateuria sp. 5GH9-11	1542730	S	1800	938	2738	0.00038
Rhodanobacter denitrificans	666685	S	1971	1008	2979	0.00041
Rhodanobacter thiooxydans	416169	S	1272	746	2018	0.00028
Rhodanobacter sp. FDAARGOS 1247	2778082	S	1259	608	1867	0.00026
Dyella thiooxydans	445710	S	1583	684	2267	0.00031
Dyella japonica	231455	S	1015	395	1410	0.00020
Dyella telluris	2763498	S	1011	353	1364	0.00019
Dokdonella koreensis	323415	S	3320	956	4276	0.00059
Aerosticca soli	2010829	S	1309	2719	4028	0.00056
Pseudomonas fluorescens	294	S	3521	6165	9686	0.00134
Pseudomonas aeruginosa	287	S	3384	51267	54651	0.00756
Pseudomonas mendocina	300	S	1380	1027	2407	0.00033
Pseudomonas alcaligenes	43263	S	1089	1403	2492	0.00035
Pseudomonas putida	303	S	4719	12850	17569	0.00243
Pseudomonas oryzihabitans	47885	S	1246	592	1838	0.00025
Pseudomonas stutzeri	316	S	4957	6396	11353	0.00157
Pseudomonas syringae	317	S	1067	3454	4521	0.00063
Pseudomonas chlororaphis	587753	S	2114	4558	6672	0.00092
Pseudomonas psychrotolerans	237610	S	1245	616	1861	0.00026
Pseudomonas otitidis	319939	S	1193	582	1775	0.00025
Pseudomonas knackmussii	65741	S	1158	1817	2975	0.00041
Pseudomonas oryzae	1392877	S	1000	714	1714	0.00024
Azotobacter chroococcum	353	S	1029	1220	2249	0.00031
Serratia marcescens	615	S	1001	8091	9092	0.00126
Spiribacter sp. E85	2182432	S	1799	568	2367	0.00033
Candidatus Thiodictyon syntrophicum	1166950	S	1494	222	1716	0.00024
Thioflavicoccus mobilis	80679	S	1387	325	1712	0.00024
Marichromatium purpuratum	37487	S	1309	680	1989	0.00028
Thiocapsa bogorovii	521689	S	1146	173	1319	0.00018
Solimonas sp. K1W22B-7	2303331	S	2945	598	3543	0.00049
Steroidobacter denitrificans	465721	S	2548	2032	4580	0.00063
Sulfurifustis variabilis	1675686	S	3052	361	3413	0.00047
Sulfuricaulis limicola	1620215	S	1526	227	1753	0.00024
Immundisolibacter cernigliae	1810504	S	1340	483	1823	0.00025
Salinisphaera sp. LB1	2183911	S	1015	87	1102	0.00015
Sorangium cellulosum	56	S	50559	8102	58661	0.00812
Polyangium aurulentum	2567896	S	12333	1433	13766	0.00191
Chondromyces crocatus	52	S	5933	346	6279	0.00087
Sandaracinus amylolyticus	927083	S	23821	1911	25732	0.00356
Labilithrix luteola	1391654	S	12443	727	13170	0.00182
Corallococcus coralloides	184914	S	5949	2412	8361	0.00116
Corallococcus sp. EGB	1521117	S	2592	891	3483	0.00048
Corallococcus macrosporus	35	S	2586	630	3216	0.00045
Myxococcus xanthus	34	S	4189	18936	23125	0.00320
Myxococcus hansupus	1297742	S	2238	279	2517	0.00035
Myxococcus stipitatus	83455	S	2032	324	2356	0.00033
Myxococcus sp. SCHIC003	2813577	S	1673	269	1942	0.00027
Pyxidicoccus sp. SCPEA002	2813578	S	5661	406	6067	0.00084
Anaeromyxobacter sp. Red232	2918170	S	8090	1175	9265	0.00128
Anaeromyxobacter sp. Fw109-5	404589	S	6165	1098	7263	0.00101
Anaeromyxobacter sp. Red630	2918171	S	5874	1141	7015	0.00097
Anaeromyxobacter sp. K	447217	S	1392	3024	4416	0.00061
Anaeromyxobacter dehalogenans	161493	S	4861	4045	8906	0.00123
Archangium violaceum	83451	S	10802	2453	13255	0.00183
Archangium gephyra	48	S	5339	1356	6695	0.00093
Cystobacter fuscus	43	S	3948	1220	5168	0.00072
Stigmatella aurantiaca	41	S	3747	430	4177	0.00058
Melittangium boletus	83453	S	2965	849	3814	0.00053
Vulgatibacter incomptus	1391653	S	3997	493	4490	0.00062
Haliangium ochraceum	80816	S	9791	846	10637	0.00147
Geomonas sp. RF6	2897342	S	1238	1843	3081	0.00043
Desulfuromonas versatilis	2802975	S	1404	545	1949	0.00027
Desulfuromonas sp. DDH964	1823759	S	1011	406	1417	0.00020
Persicimonas caeni	2292766	S	2855	136	2991	0.00041
Bradymonas sediminis	1548548	S	1042	114	1156	0.00016
Desulfarculus baarsii	453230	S	1025	1147	2172	0.00030
Gemmata obscuriglobus	114	S	7434	1577	9011	0.00125
Gemmata massiliana	1210884	S	3405	1405	4810	0.00067
Gemmata sp. SH-PL17	1630693	S	3242	1504	4746	0.00066
Urbifossiella limnaea	2528023	S	13031	1303	14334	0.00198
Frigoriglobus tundricola	2774151	S	8544	1412	9956	0.00138
Limnoglobus roseus	2598579	S	6800	342	7142	0.00099
Aquisphaera giovannonii	406548	S	10160	1836	11996	0.00166
Tautonia plasticadhaerens	2527974	S	8988	877	9865	0.00137
Paludisphaera borealis	1387353	S	8325	1773	10098	0.00140
Singulisphaera acidiphila	466153	S	6469	916	7385	0.00102
Lacipirellula parvula	2650471	S	4999	536	5535	0.00077
Lacipirellula limnantheis	2528024	S	4424	534	4958	0.00069
Pirellulimonas nuda	2528009	S	2784	319	3103	0.00043
Botrimarina mediterranea	2528022	S	2463	235	2698	0.00037
Aeoliella mucimassa	2527972	S	1019	83	1102	0.00015
Anatilimnocola aggregata	2528021	S	2503	322	2825	0.00039
Lignipirellula cremea	2528010	S	2286	310	2596	0.00036
Stieleria maiorica	2795974	S	1092	218	1310	0.00018
Stieleria neptunia	2527979	S	1062	118	1180	0.00016
Pirellula staleyi	125	S	1300	55	1355	0.00019
Bremerella volcania	2527984	S	1442	117	1559	0.00022
Planctomyces sp. SH-PL62	1636152	S	6228	2135	8363	0.00116
Planctomyces sp. SH-PL14	1632864	S	3407	263	3670	0.00051
Caulifigura coniformis	2527983	S	3004	233	3237	0.00045
Maioricimonas rarisocia	2528026	S	2324	342	2666	0.00037
Alienimonas californiensis	2527989	S	2000	178	2178	0.00030
Symmachiella dynata	2527995	S	1078	74	1152	0.00016
Humisphaera borealis	2807512	S	3664	128	3792	0.00053
Phycisphaera mikurensis	547188	S	1836	208	2044	0.00028
Opitutus sp. GAS368	1882749	S	4905	792	5697	0.00079
Opitutus terrae	107709	S	3111	171	3282	0.00045
Lacunisphaera limnophila	1838286	S	2568	403	2971	0.00041
Oleiharenicola sp. KSB-15	2862869	S	1564	96	1660	0.00023
Nibricoccus aquaticus	2576891	S	1309	66	1375	0.00019
Roseimicrobium sp. ORNL1	2711231	S	5162	206	5368	0.00074
Verrucomicrobium sp. GAS474	1882831	S	1439	229	1668	0.00023
Verrucomicrobium spinosum	2736	S	1121	78	1199	0.00017
Chryseolinea soli	2321403	S	4373	1461	5834	0.00081
Niastella koreensis	354356	S	6786	1108	7894	0.00109
Rhodothermus marinus	29549	S	2053	308	2361	0.00033
Rhodocaloribacter litoris	2558931	S	2016	539	2555	0.00035
Salinibacter ruber	146919	S	1347	74	1421	0.00020
Gemmatirosa kalamazoonesis	861299	S	34493	4670	39163	0.00542
Gemmatimonas groenlandica	2732249	S	5242	579	5821	0.00081
Gemmatimonas aurantiaca	173480	S	3637	362	3999	0.00055
Gemmatimonas phototrophica	1379270	S	3156	411	3567	0.00049
Luteitalea sp. TBR-22	2802971	S	15012	3293	18305	0.00253
Luteitalea pratensis	1855912	S	13634	1831	15465	0.00214
Granulicella sp. WH15	2602070	S	1816	371	2187	0.00030
Granulicella sp. 5B5	1617967	S	1441	265	1706	0.00024
Granulicella mallensis	940614	S	1457	197	1654	0.00023
Granulicella tundricola	940615	S	1177	174	1351	0.00019
Terriglobus roseus	392734	S	1976	484	2460	0.00034
Terriglobus albidus	1592106	S	1509	171	1680	0.00023
Acidobacterium sp. 4Y35	2763107	S	1935	151	2086	0.00029
Acidobacterium capsulatum	33075	S	1912	276	2188	0.00030
Candidatus Koribacter versatilis	658062	S	3751	160	3911	0.00054
Edaphobacter sp. 12200R-103	2703788	S	1683	341	2024	0.00028
Acidisarcina polymorpha	2211140	S	1316	113	1429	0.00020
Paludibaculum fermentans	1473598	S	4713	167	4880	0.00068
Sulfidibacter corallicola	2818388	S	1209	34	1243	0.00017
Nitrospira moscoviensis	42253	S	2217	218	2435	0.00034
Nitrospira japonica	1325564	S	1283	162	1445	0.00020
Fusarium acuminatum	5515	S	4755	420	5175	0.00072
Fusarium oxysporum	5507	S	1481	862	2343	0.00032
Clonostachys rosea	29856	S	3647	407	4054	0.00056
Purpureocillium lilacinum	33203	S	2802	259	3061	0.00042
Colletotrichum higginsianum	80884	S	1129	417	1546	0.00021
Thermothielavioides terrestris	2587410	S	1353	168	1521	0.00021
Thermothelomyces thermophilus	78579	S	1186	99	1285	0.00018
Aspergillus puulaauensis	1220207	S	1819	243	2062	0.00029
Talaromyces rugulosus	121627	S	1156	186	1342	0.00019
Pseudozyma flocculosa	84751	S	1407	72	1479	0.00020
