name	taxonomy_id	taxonomy_lvl	kraken_assigned_reads	added_reads	new_est_reads	fraction_total_reads
Hyphomicrobiales	356	O	944851	51428	996279	0.15400
Sphingomonadales	204457	O	162525	17403	179928	0.02781
Rhodospirillales	204441	O	118198	103527	221725	0.03427
Rhodobacterales	204455	O	81499	5837	87336	0.01350
Caulobacterales	204458	O	38487	3790	42277	0.00653
Maricaulales	2800059	O	2608	258	2866	0.00044
Hyphomonadales	2800060	O	2440	94	2534	0.00039
Burkholderiales	80840	O	488271	149114	637385	0.09852
Rhodocyclales	206389	O	35907	9829	45736	0.00707
Nitrosomonadales	32003	O	27912	3219	31131	0.00481
Neisseriales	206351	O	22038	5307	27345	0.00423
Pseudomonadales	72274	O	126630	35901	162531	0.02512
Xanthomonadales	135614	O	124780	25315	150095	0.02320
Enterobacterales	91347	O	45355	82414	127769	0.01975
Chromatiales	135613	O	27044	2061	29105	0.00450
Oceanospirillales	135619	O	23856	3389	27245	0.00421
Aeromonadales	135624	O	9675	7557	17232	0.00266
Methylococcales	135618	O	8914	401	9315	0.00144
Alteromonadales	135622	O	5506	926	6432	0.00099
Acidiferrobacterales	1692040	O	5395	263	5658	0.00087
Cellvibrionales	1706369	O	5201	279	5480	0.00085
Nevskiales	1775403	O	4101	663	4764	0.00074
Vibrionales	135623	O	3153	1742	4895	0.00076
Moraxellales	2887326	O	1621	558	2179	0.00034
Legionellales	118969	O	1549	1515	3064	0.00047
Immundisolibacterales	1934945	O	1376	252	1628	0.00025
Thiotrichales	72273	O	1199	71	1270	0.00020
Myxococcales	29	O	198284	7919	206203	0.03187
Desulfuromonadales	69541	O	24721	2135	26856	0.00415
Desulfovibrionales	213115	O	15043	1333	16376	0.00253
Desulfobacterales	213118	O	5883	578	6461	0.00100
Bradymonadales	1779134	O	3868	119	3987	0.00062
Syntrophobacterales	213462	O	1319	357	1676	0.00026
Desulfarculales	453227	O	1139	715	1854	0.00029
Campylobacterales	213849	O	2201	144	2345	0.00036
Acidithiobacillales	225057	O	1259	115	1374	0.00021
Streptomycetales	85011	O	610182	147086	757268	0.11705
Micrococcales	85006	O	416696	67358	484054	0.07482
Corynebacteriales	85007	O	337574	44771	382345	0.05910
Propionibacteriales	85009	O	222565	44688	267253	0.04131
Pseudonocardiales	85010	O	212636	34034	246670	0.03813
Micromonosporales	85008	O	165884	25956	191840	0.02965
Streptosporangiales	85012	O	108724	19675	128399	0.01985
Geodermatophilales	1643682	O	35207	9865	45072	0.00697
Actinomycetales	2037	O	17737	2913	20650	0.00319
Frankiales	85013	O	16338	1776	18114	0.00280
Nakamurellales	1643684	O	14201	2484	16685	0.00258
Jiangellales	1217098	O	8457	1632	10089	0.00156
Bifidobacteriales	85004	O	7282	2241	9523	0.00147
Catenulisporales	414714	O	5651	909	6560	0.00101
Jatrophihabitantales	2805415	O	3659	354	4013	0.00062
Glycomycetales	85014	O	2321	205	2526	0.00039
Kineosporiales	622452	O	1917	586	2503	0.00039
Sporichthyales	2495578	O	1243	655	1898	0.00029
Actinopolysporales	622450	O	1029	116	1145	0.00018
Solirubrobacterales	588673	O	61505	9793	71298	0.01102
Miltoncostaeales	2843198	O	15833	2287	18120	0.00280
Rubrobacterales	84996	O	33942	4567	38509	0.00595
Acidimicrobiales	84993	O	22550	2759	25309	0.00391
Eggerthellales	1643822	O	6441	1209	7650	0.00118
Coriobacteriales	84999	O	4751	1094	5845	0.00090
Egibacterales	1747768	O	2896	190	3086	0.00048
Egicoccales	1755823	O	2435	419	2854	0.00044
Euzebyales	908621	O	2358	216	2574	0.00040
Bacillales	1385	O	79726	48668	128394	0.01985
Lactobacillales	186826	O	3587	2057	5644	0.00087
Eubacteriales	186802	O	20337	4831	25168	0.00389
Thermoanaerobacterales	68295	O	2481	396	2877	0.00044
Selenomonadales	909929	O	2532	202	2734	0.00042
Limnochordales	1676649	O	1662	74	1736	0.00027
Deinococcales	118964	O	18189	994	19183	0.00297
Thermales	68933	O	6741	444	7185	0.00111
Trueperales	2762275	O	1160	68	1228	0.00019
Synechococcales	1890424	O	10064	735	10799	0.00167
Nostocales	1161	O	3323	292	3615	0.00056
Gloeobacterales	307595	O	2558	60	2618	0.00040
Pseudanabaenales	2881377	O	2316	145	2461	0.00038
Oscillatoriales	1150	O	1570	153	1723	0.00027
Sphaerobacterales	85001	O	3711	253	3964	0.00061
Chloroflexales	32064	O	3238	129	3367	0.00052
Tepidiformales	2682226	O	2357	110	2467	0.00038
Ardenticatenales	1382929	O	2135	47	2182	0.00034
Ktedonobacterales	388448	O	1115	35	1150	0.00018
Caldilineales	475963	O	1048	72	1120	0.00017
Fimbriimonadales	1663425	O	1291	8	1299	0.00020
Gemmatales	2691355	O	39157	1394	40551	0.00627
Isosphaerales	2691356	O	31631	3252	34883	0.00539
Pirellulales	2691354	O	23091	570	23661	0.00366
Planctomycetales	112	O	21609	2174	23783	0.00368
Tepidisphaerales	1771349	O	3426	98	3524	0.00054
Phycisphaerales	666506	O	2774	189	2963	0.00046
Opitutales	415000	O	10195	527	10722	0.00166
Verrucomicrobiales	48461	O	6276	1330	7606	0.00118
Cytophagales	768507	O	22095	512	22607	0.00349
Bacteroidales	171549	O	6930	1260	8190	0.00127
Bacteroidetes Order II. Incertae sedis	1100069	O	6366	330	6696	0.00104
Flavobacteriales	200644	O	6175	487	6662	0.00103
Chitinophagales	1853229	O	5220	75	5295	0.00082
Sphingobacteriales	200666	O	2792	212	3004	0.00046
Chlorobiales	191411	O	2511	295	2806	0.00043
Gemmatimonadales	219686	O	41192	2604	43796	0.00677
Acidobacteriales	204433	O	35561	857	36418	0.00563
Bryobacterales	332160	O	6027	185	6212	0.00096
Vicinamibacterales	2910145	O	25703	4158	29861	0.00462
Acanthopleuribacterales	533206	O	1224	25	1249	0.00019
Nitrospirales	189778	O	7308	118	7426	0.00115
Spirochaetales	136	O	1837	111	1948	0.00030
Synergistales	649776	O	2220	224	2444	0.00038
Hypocreales	5125	O	19812	620	20432	0.00316
Sordariales	5139	O	2620	68	2688	0.00042
Magnaporthales	639021	O	1124	10	1134	0.00018
Eurotiales	5042	O	2614	119	2733	0.00042
Saccharomycetales	4892	O	1162	133	1295	0.00020
Ustilaginales	5267	O	1777	46	1823	0.00028
Peronosporales	4776	O	3390	491	3881	0.00060
