name	taxonomy_id	taxonomy_lvl	kraken_assigned_reads	added_reads	new_est_reads	fraction_total_reads
Streptomyces	1883	G	1581140	348054	1929194	0.12153
Kitasatospora	2063	G	27829	8938	36767	0.00232
Yinghuangia	2805681	G	19993	2942	22935	0.00144
Streptacidiphilus	228398	G	18610	4857	23467	0.00148
Microbacterium	33882	G	174317	27588	201905	0.01272
Leifsonia	110932	G	94810	35108	129918	0.00818
Agromyces	33877	G	55740	12233	67973	0.00428
Curtobacterium	2034	G	36786	6899	43685	0.00275
Rathayibacter	33886	G	32865	6811	39676	0.00250
Clavibacter	1573	G	24638	11217	35855	0.00226
Leucobacter	55968	G	23813	4101	27914	0.00176
Agrococcus	46352	G	22975	5669	28644	0.00180
Protaetiibacter	2680004	G	21822	5834	27656	0.00174
Salinibacterium	235888	G	11716	1778	13494	0.00085
Cryobacterium	69578	G	9832	1247	11079	0.00070
Frondihabitans	447237	G	8033	1161	9194	0.00058
Microterricola	518733	G	6738	1522	8260	0.00052
Plantibacter	190323	G	6559	740	7299	0.00046
Microcella	337004	G	6550	2095	8645	0.00054
Gryllotalpicola	1195526	G	4838	858	5696	0.00036
Herbiconiux	881616	G	4795	880	5675	0.00036
Cnuibacter	1759331	G	4780	951	5731	0.00036
Humibacter	427753	G	4444	898	5342	0.00034
Frigoribacterium	96492	G	4339	1170	5509	0.00035
Subtercola	120212	G	4204	318	4522	0.00028
Mycetocola	76634	G	4134	475	4609	0.00029
Chryseoglobus	1331730	G	3679	672	4351	0.00027
Amnibacterium	1029631	G	3530	778	4308	0.00027
Marisediminicola	1230698	G	2848	324	3172	0.00020
Glaciihabitans	1649454	G	2762	201	2963	0.00019
Diaminobutyricimonas	1433997	G	2619	450	3069	0.00019
Gulosibacter	256818	G	2563	678	3241	0.00020
Agreia	110934	G	2304	255	2559	0.00016
Arthrobacter	1663	G	207674	48578	256252	0.01614
Pseudarthrobacter	1742993	G	53028	21684	74712	0.00471
Sinomonas	596707	G	21879	5372	27251	0.00172
Kocuria	57493	G	19769	5345	25114	0.00158
Micrococcus	1269	G	9418	5496	14914	0.00094
Paenarthrobacter	1742992	G	7635	4201	11836	0.00075
Glutamicibacter	1742989	G	6448	1932	8380	0.00053
Rothia	32207	G	4124	1535	5659	0.00036
Citricoccus	169133	G	3256	753	4009	0.00025
Nesterenkonia	57494	G	1147	66	1213	0.00008
Intrasporangium	53357	G	22880	5616	28496	0.00180
Janibacter	53457	G	21643	6145	27788	0.00175
Phycicoccus	367298	G	20488	5862	26350	0.00166
Pedococcus	2805645	G	19965	6126	26091	0.00164
Tetrasphaera	99479	G	15815	4289	20104	0.00127
Arsenicicoccus	267408	G	6553	2455	9008	0.00057
Cellulomonas	1707	G	85720	27854	113574	0.00715
Actinotalea	458839	G	5240	1834	7074	0.00045
Oerskovia	162491	G	4187	1295	5482	0.00035
Pseudactinotalea	1926259	G	3653	511	4164	0.00026
Paraoerskovia	665568	G	2940	740	3680	0.00023
Cellulosimicrobium	157920	G	22760	8904	31664	0.00199
Xylanimonas	186188	G	12939	4002	16941	0.00107
Isoptericola	254250	G	9666	4202	13868	0.00087
Ornithinimicrobium	125287	G	21626	4397	26023	0.00164
Serinicoccus	265976	G	16361	4348	20709	0.00130
Brachybacterium	43668	G	24136	3809	27945	0.00176
Dermabacter	36739	G	1887	992	2879	0.00018
Brevibacterium	1696	G	25515	4810	30325	0.00191
Dermacoccus	57495	G	8014	2695	10709	0.00067
Luteipulveratus	745364	G	5992	822	6814	0.00043
Allobranchiibius	2040262	G	5002	1076	6078	0.00038
Yimella	908935	G	2838	554	3392	0.00021
Georgenia	154116	G	18778	5275	24053	0.00152
Ruania	626119	G	15765	1808	17573	0.00111
Pengzhenrongella	2888818	G	6102	1625	7727	0.00049
Luteimicrobium	754249	G	5891	1738	7629	0.00048
Beutenbergia	84756	G	6425	1028	7453	0.00047
Miniimonas	947525	G	4627	2313	6940	0.00044
Sanguibacter	60919	G	7958	2305	10263	0.00065
Gephyromycinifex	2885697	G	1839	210	2049	0.00013
Austwickia	1184606	G	1301	99	1400	0.00009
Kytococcus	57499	G	3438	2292	5730	0.00036
Demequina	577469	G	1187	89	1276	0.00008
Mycobacterium	1763	G	185214	46962	232176	0.01463
Mycolicibacterium	1866885	G	157905	28143	186048	0.01172
Mycolicibacter	1073531	G	11959	4533	16492	0.00104
Mycobacteroides	670516	G	10026	2599	12625	0.00080
Mycolicibacillus	2126281	G	2390	591	2981	0.00019
Hoyosella	697025	G	1061	52	1113	0.00007
Nocardia	1817	G	119952	19208	139160	0.00877
Rhodococcus	1827	G	104125	27464	131589	0.00829
Corynebacterium	1716	G	66704	15317	82021	0.00517
Gordonia	2053	G	53793	10835	64628	0.00407
Skermania	59613	G	2602	275	2877	0.00018
Tsukamurella	2060	G	17511	4077	21588	0.00136
Dietzia	37914	G	10338	2145	12483	0.00079
Tomitella	741759	G	6445	1232	7677	0.00048
Segniliparus	286801	G	1682	86	1768	0.00011
Nocardioides	1839	G	538773	112365	651138	0.04102
Aeromicrobium	2040	G	33626	6451	40077	0.00252
Marmoricola	86795	G	9299	3451	12750	0.00080
Pimelobacter	2044	G	8674	3196	11870	0.00075
Friedmanniella	53387	G	6925	1342	8267	0.00052
Mumia	1546255	G	5552	948	6500	0.00041
Micropruina	116071	G	2761	386	3147	0.00020
Microlunatus	29404	G	24577	2661	27238	0.00172
Tessaracoccus	72763	G	19992	6057	26049	0.00164
Brevilactibacter	2717325	G	7500	2815	10315	0.00065
Propionibacterium	1743	G	6375	1932	8307	0.00052
Acidipropionibacterium	1912215	G	6339	2295	8634	0.00054
Auraticoccus	1278221	G	4533	785	5318	0.00034
Raineyella	1911549	G	3204	406	3610	0.00023
Cutibacterium	1912216	G	2990	530	3520	0.00022
Arachnia	2801844	G	2716	193	2909	0.00018
Kribbella	182639	G	56974	8126	65100	0.00410
Actinopolymorpha	117156	G	13174	1420	14594	0.00092
Amycolatopsis	1813	G	219358	41046	260404	0.01640
Pseudonocardia	1847	G	110373	19528	129901	0.00818
Saccharopolyspora	1835	G	30055	6104	36159	0.00228
Saccharothrix	2071	G	27930	7451	35381	0.00223
Actinoalloteichus	65496	G	26577	2355	28932	0.00182
Saccharomonospora	1851	G	19655	3351	23006	0.00145
Kutzneria	43356	G	19299	3813	23112	0.00146
Actinosynnema	40566	G	10504	3087	13591	0.00086
Lentzea	165301	G	8903	1774	10677	0.00067
Kibdelosporangium	2029	G	8457	967	9424	0.00059
Allokutzneria	1137960	G	7332	1665	8997	0.00057
Alloactinosynnema	674734	G	6097	1279	7376	0.00046
Prauserella	142577	G	4221	363	4584	0.00029
Allosaccharopolyspora	2893576	G	3387	692	4079	0.00026
Micromonospora	1873	G	195728	49704	245432	0.01546
Actinoplanes	1865	G	129540	19031	148571	0.00936
Dactylosporangium	35753	G	32930	3529	36459	0.00230
Phytohabitans	907364	G	26381	3391	29772	0.00188
Actinocatenispora	390988	G	20000	2393	22393	0.00141
Plantactinospora	673534	G	19308	3402	22710	0.00143
Couchioplanes	56433	G	16055	3979	20034	0.00126
Catellatospora	53365	G	12892	2737	15629	0.00098
Polymorphospora	338583	G	9510	2043	11553	0.00073
Natronosporangium	2920401	G	5351	350	5701	0.00036
Verrucosispora	84593	G	4104	3157	7261	0.00046
Salinispora	168694	G	3001	491	3492	0.00022
Actinomadura	1988	G	190314	35600	225914	0.01423
Thermomonospora	2019	G	14913	4077	18990	0.00120
Nonomuraea	83681	G	56892	9198	66090	0.00416
Streptosporangium	2000	G	25514	4679	30193	0.00190
Thermobispora	147067	G	6736	1474	8210	0.00052
Nocardiopsis	2013	G	21190	3942	25132	0.00158
Thermobifida	83677	G	9307	1842	11149	0.00070
Streptomonospora	104204	G	5010	974	5984	0.00038
Spiractinospora	2913367	G	3365	216	3581	0.00023
Blastococcus	38501	G	57997	16946	74943	0.00472
Modestobacter	88138	G	39041	11906	50947	0.00321
Geodermatophilus	1860	G	24738	8310	33048	0.00208
Actinomyces	1654	G	29546	3858	33404	0.00210
Schaalia	2529408	G	3891	642	4533	0.00029
Flaviflexus	1522056	G	2499	565	3064	0.00019
Trueperella	1069494	G	1928	530	2458	0.00015
Pauljensenia	2740557	G	1064	344	1408	0.00009
Nanchangia	2888879	G	1002	102	1104	0.00007
Frankia	1854	G	42027	3926	45953	0.00289
Jiangella	281472	G	24396	4074	28470	0.00179
Catenulispora	414878	G	21293	2939	24232	0.00153
Nakamurella	53460	G	17372	2177	19549	0.00123
Bifidobacterium	1678	G	16331	3951	20282	0.00128
Jatrophihabitans	1434010	G	11332	933	12265	0.00077
Stackebrandtia	283810	G	5121	452	5573	0.00035
Kineococcus	33981	G	5286	1385	6671	0.00042
Epidermidibacterium	2078948	G	3580	1644	5224	0.00033
Actinopolyspora	1849	G	2695	260	2955	0.00019
Acidothermus	28048	G	2198	104	2302	0.00015
Conexibacter	191494	G	207006	29098	236104	0.01487
Miltoncostaea	2843200	G	49494	6141	55635	0.00350
Baekduia	2600304	G	81185	13178	94363	0.00594
Rubrobacter	42255	G	29214	1156	30370	0.00191
Aquihabitans	1648491	G	22836	3636	26472	0.00167
Actinomarinicola	2789775	G	10598	1983	12581	0.00079
Iamia	467975	G	10349	1568	11917	0.00075
Ilumatobacter	682522	G	5218	305	5523	0.00035
Acidimicrobium	53634	G	2099	153	2252	0.00014
Eggerthella	84111	G	4116	1350	5466	0.00034
Gordonibacter	644652	G	2162	909	3071	0.00019
Adlercreutzia	447020	G	2019	400	2419	0.00015
Arabiibacter	2005386	G	1802	343	2145	0.00014
Olsenella	133925	G	2940	617	3557	0.00022
Parolsenella	2082587	G	1774	667	2441	0.00015
Thermophilibacter	2847307	G	1032	415	1447	0.00009
Collinsella	102106	G	2651	806	3457	0.00022
Egibacter	1747770	G	6959	396	7355	0.00046
Egicoccus	1755825	G	5549	826	6375	0.00040
Euzebya	908623	G	5319	422	5741	0.00036
Priestia	2800373	G	32918	27056	59974	0.00378
Bacillus	1386	G	18351	43642	61993	0.00391
Neobacillus	2675232	G	5247	2150	7397	0.00047
Geobacillus	129337	G	3329	956	4285	0.00027
Peribacillus	2675229	G	2701	1090	3791	0.00024
Hydrogenibacillus	1609627	G	2135	307	2442	0.00015
Anoxybacillus	150247	G	1632	409	2041	0.00013
Cytobacillus	2675230	G	1558	557	2115	0.00013
Metabacillus	2675233	G	1547	550	2097	0.00013
Lysinibacillus	400634	G	1369	399	1768	0.00011
Mesobacillus	2675231	G	1273	348	1621	0.00010
Paenibacillus	44249	G	58704	5563	64267	0.00405
Brevibacillus	55080	G	6571	1188	7759	0.00049
Cohnella	329857	G	3877	560	4437	0.00028
Thermobacillus	76632	G	1950	257	2207	0.00014
Saccharibacillus	456492	G	1521	172	1693	0.00011
Alicyclobacillus	29330	G	3332	239	3571	0.00022
Tumebacillus	432330	G	1991	665	2656	0.00017
Planococcus	1372	G	1773	501	2274	0.00014
Sporosarcina	1569	G	1209	278	1487	0.00009
Staphylococcus	1279	G	1154	2513	3667	0.00023
Exiguobacterium	33986	G	1451	426	1877	0.00012
Streptococcus	1301	G	1362	3624	4986	0.00031
Faecalibacterium	216851	G	2237	1711	3948	0.00025
Dysosmobacter	2591381	G	1299	730	2029	0.00013
Flavonifractor	946234	G	1064	315	1379	0.00009
Thermaerobacter	73918	G	7677	686	8363	0.00053
Clostridium	1485	G	2612	4761	7373	0.00046
Symbiobacterium	2733	G	3028	324	3352	0.00021
Christensenella	990721	G	1026	449	1475	0.00009
Moorella	44260	G	1190	123	1313	0.00008
Gelria	189326	G	1099	148	1247	0.00008
Selenomonas	970	G	3888	225	4113	0.00026
Limnochorda	1676651	G	3046	108	3154	0.00020
Deinococcus	1298	G	34057	3035	37092	0.00234
Thermus	270	G	4833	329	5162	0.00033
Oceanithermus	208447	G	2729	257	2986	0.00019
Meiothermus	65551	G	2706	154	2860	0.00018
Marinithermus	186191	G	1744	277	2021	0.00013
Truepera	332248	G	2523	121	2644	0.00017
Sphaerobacter	2056	G	10803	740	11543	0.00073
Thermomicrobium	499	G	2157	53	2210	0.00014
Roseiflexus	120961	G	4942	295	5237	0.00033
Chloroflexus	1107	G	1839	79	1918	0.00012
Tepidiforma	2682228	G	5469	218	5687	0.00036
Candidatus Promineofilum	1988031	G	4662	87	4749	0.00030
Ktedonosporobacter	2692417	G	3359	122	3481	0.00022
Caldilinea	233191	G	2063	158	2221	0.00014
Dehalogenimonas	670486	G	1019	84	1103	0.00007
Thermobaculum	262406	G	1214	163	1377	0.00009
Synechococcus	1129	G	14985	1596	16581	0.00104
Cyanobium	167375	G	3104	638	3742	0.00024
Nostoc	1177	G	1862	893	2755	0.00017
Calothrix	1186	G	1128	305	1433	0.00009
Gloeobacter	33071	G	3837	104	3941	0.00025
Leptolyngbya	47251	G	1579	156	1735	0.00011
Fimbriimonas	1005038	G	2394	11	2405	0.00015
Bradyrhizobium	374	G	725944	76095	802039	0.05053
Nitrobacter	911	G	104700	10330	115030	0.00725
Rhodopseudomonas	1073	G	42251	9302	51553	0.00325
Tardiphaga	1395974	G	15859	1418	17277	0.00109
Afipia	1033	G	14693	5877	20570	0.00130
Variibacter	1649510	G	7199	411	7610	0.00048
Mesorhizobium	68287	G	234084	33103	267187	0.01683
Aquibium	2911176	G	9272	1632	10904	0.00069
Aminobacter	31988	G	7525	3736	11261	0.00071
Nitratireductor	245876	G	6186	663	6849	0.00043
Phyllobacterium	28100	G	4175	303	4478	0.00028
Roseitalea	1915401	G	2962	365	3327	0.00021
Hoeflea	274591	G	2297	158	2455	0.00015
Oricola	1594166	G	2129	213	2342	0.00015
Rhizobium	379	G	89008	61894	150902	0.00951
Agrobacterium	357	G	18547	4427	22974	0.00145
Neorhizobium	1525371	G	8703	1459	10162	0.00064
Pseudorhizobium	1903858	G	2631	367	2998	0.00019
Sinorhizobium	28105	G	18885	6609	25494	0.00161
Ensifer	106591	G	17132	2407	19539	0.00123
Shinella	323620	G	15028	7974	23002	0.00145
Ciceribacter	1648508	G	2169	297	2466	0.00016
Georhizobium	2661800	G	1710	266	1976	0.00012
Methylobacterium	407	G	85693	12416	98109	0.00618
Microvirga	186650	G	28456	2706	31162	0.00196
Methylorubrum	2282523	G	19003	6463	25466	0.00160
Rhodoplanes	29407	G	77479	5445	82924	0.00522
Hyphomicrobium	81	G	33802	1500	35302	0.00222
Methyloceanibacter	1484898	G	4677	225	4902	0.00031
Aquabacter	45402	G	3619	434	4053	0.00026
Methyloligella	1485594	G	3172	278	3450	0.00022
Rhodomicrobium	1068	G	2439	122	2561	0.00016
Caenibius	2827482	G	1881	711	2592	0.00016
Pseudolabrys	556257	G	74233	8154	82387	0.00519
Starkeya	152053	G	12353	2532	14885	0.00094
Ancylobacter	99	G	12082	3375	15457	0.00097
Xanthobacter	279	G	12039	2206	14245	0.00090
Labrys	204476	G	10339	804	11143	0.00070
Azorhizobium	6	G	3898	640	4538	0.00029
Devosia	46913	G	38548	2465	41013	0.00258
Youhaiella	1827478	G	4410	947	5357	0.00034
Paradevosia	1573407	G	4374	1477	5851	0.00037
Pelagibacterium	1082930	G	1838	297	2135	0.00013
Bosea	85413	G	51211	6160	57371	0.00361
Aureimonas	414371	G	16667	2626	19293	0.00122
Martelella	293088	G	8885	1223	10108	0.00064
Aurantimonas	182269	G	4277	982	5259	0.00033
Methylocystis	133	G	15043	1035	16078	0.00101
Methylosinus	425	G	7466	866	8332	0.00052
Pseudorhodoplanes	1734920	G	9007	484	9491	0.00060
Nordella	169055	G	6119	255	6374	0.00040
Terrihabitans	2874214	G	2739	232	2971	0.00019
Phreatobacter	1632780	G	17551	2207	19758	0.00124
Stappia	152161	G	6756	977	7733	0.00049
Roseibium	150830	G	3326	348	3674	0.00023
Pannonibacter	227873	G	3225	1737	4962	0.00031
Labrenzia	478070	G	2767	199	2966	0.00019
Methylocella	120652	G	5526	402	5928	0.00037
Methylovirgula	1156568	G	4660	299	4959	0.00031
Beijerinckia	532	G	1308	87	1395	0.00009
Kaustia	2838250	G	5115	384	5499	0.00035
Parvibaculum	256616	G	3018	1714	4732	0.00030
Pyruvatibacter	1742974	G	1969	235	2204	0.00014
Blastochloris	59282	G	10414	1855	12269	0.00077
Chelatococcus	28209	G	9198	1554	10752	0.00068
Brucella	234	G	5620	1917	7537	0.00047
Kaistia	166953	G	6058	1115	7173	0.00045
Acuticoccus	1904377	G	5890	498	6388	0.00040
Hartmannibacter	1572860	G	3755	496	4251	0.00027
Lichenihabitans	2723776	G	3682	133	3815	0.00024
Breoghania	1406135	G	3516	353	3869	0.00024
Sphingomonas	13687	G	165323	21040	186363	0.01174
Sphingobium	165695	G	35749	15294	51043	0.00322
Sphingopyxis	165697	G	33485	6006	39491	0.00249
Novosphingobium	165696	G	25651	8250	33901	0.00214
Rhizorhabdus	1649486	G	11409	4488	15897	0.00100
Sphingosinithalassobacter	2676233	G	4442	932	5374	0.00034
Allosphingosinicella	2823232	G	2997	312	3309	0.00021
Parasphingopyxis	1234545	G	2796	117	2913	0.00018
Sphingorhabdus	1434046	G	2635	142	2777	0.00017
Blastomonas	150203	G	2310	346	2656	0.00017
Hankyongella	1763827	G	1904	311	2215	0.00014
Tardibacter	2685927	G	1681	1061	2742	0.00017
Citromicrobium	72173	G	1365	554	1919	0.00012
Novosphingopyxis	2709686	G	1184	583	1767	0.00011
Erythrobacter	1041	G	15607	3407	19014	0.00120
Porphyrobacter	1111	G	5108	1196	6304	0.00040
Qipengyuania	1855416	G	9722	2192	11914	0.00075
Croceicoccus	1295327	G	5939	3099	9038	0.00057
Altererythrobacter	361177	G	5538	1208	6746	0.00042
Tsuneonella	2800686	G	5190	902	6092	0.00038
Aurantiacibacter	2800681	G	1208	162	1370	0.00009
Paraurantiacibacter	2800682	G	1068	117	1185	0.00007
Pelagerythrobacter	2800685	G	1028	121	1149	0.00007
Croceibacterium	2676755	G	1012	346	1358	0.00009
Sphingosinicella	335405	G	7798	734	8532	0.00054
Polymorphobacter	1508451	G	5010	181	5191	0.00033
Sandaracinobacter	56358	G	2067	127	2194	0.00014
Azospirillum	191	G	56034	6128	62162	0.00392
Skermanella	204447	G	17113	2035	19148	0.00121
Nitrospirillum	1543705	G	4666	455	5121	0.00032
Indioceanicola	2478349	G	3121	361	3482	0.00022
Niveispirillum	1543704	G	1863	171	2034	0.00013
Roseomonas	125216	G	31863	3844	35707	0.00225
Rhodovastum	504465	G	7956	650	8606	0.00054
Komagataeibacter	1434011	G	6223	2428	8651	0.00054
Acidiphilium	522	G	5349	2107	7456	0.00047
Roseococcus	35812	G	3956	299	4255	0.00027
Acidibrevibacterium	2603324	G	3817	281	4098	0.00026
Lichenicola	2804525	G	3521	139	3660	0.00023
Sediminicoccus	1706033	G	3355	140	3495	0.00022
Acetobacter	434	G	3323	919	4242	0.00027
Gluconacetobacter	89583	G	2365	401	2766	0.00017
Gluconobacter	441	G	2286	468	2754	0.00017
Granulibacter	364409	G	1770	132	1902	0.00012
Asaia	91914	G	1066	147	1213	0.00008
Hypericibacter	2705399	G	28418	1392	29810	0.00188
Magnetospirillum	13134	G	10909	184299	195208	0.01230
Rhodospirillum	1081	G	6585	640	7225	0.00046
Tistrella	171436	G	4872	1779	6651	0.00042
Ferrovibrio	1231242	G	3928	211	4139	0.00026
Defluviicoccus	111830	G	2267	173	2440	0.00015
Pararhodospirillum	1612157	G	1478	94	1572	0.00010
Stella	93	G	10028	587	10615	0.00067
Elioraea	457933	G	4597	194	4791	0.00030
Thalassospira	168934	G	2119	154	2273	0.00014
Magnetospira	1182780	G	1095	30	1125	0.00007
Paracoccus	265	G	31470	4533	36003	0.00227
Cereibacter	1653176	G	8349	2040	10389	0.00065
Rhodobacter	1060	G	8245	2147	10392	0.00065
Rhodovulum	34008	G	4834	894	5728	0.00036
Paroceanicella	2683599	G	3645	821	4466	0.00028
Polymorphum	991903	G	3611	772	4383	0.00028
Thioclava	285107	G	2663	283	2946	0.00019
Pikeienuella	2831955	G	2446	202	2648	0.00017
Pontivivens	1844015	G	2315	149	2464	0.00016
Pelagovum	2795377	G	2091	223	2314	0.00015
Silicimonas	1955420	G	1936	97	2033	0.00013
Frigidibacter	1775705	G	1752	625	2377	0.00015
Pukyongiella	2831925	G	1668	343	2011	0.00013
Brevirhabdus	1855413	G	1471	597	2068	0.00013
Gymnodinialimonas	2937410	G	1269	103	1372	0.00009
Fuscovulum	2818469	G	1258	131	1389	0.00009
Pacificitalea	2846749	G	1230	231	1461	0.00009
Falsirhodobacter	1434002	G	1227	146	1373	0.00009
Haematobacter	366614	G	1134	389	1523	0.00010
Gemmobacter	204456	G	1073	183	1256	0.00008
Pseudopuniceibacterium	2613960	G	1047	70	1117	0.00007
Tabrizicola	1443919	G	1022	75	1097	0.00007
Pseudooceanicola	1679449	G	1020	85	1105	0.00007
Roseovarius	74030	G	8499	1102	9601	0.00060
Sulfitobacter	60136	G	8369	1294	9663	0.00061
Salipiger	263377	G	6717	1791	8508	0.00054
Roseivivax	93682	G	5068	662	5730	0.00036
Celeribacter	875170	G	3576	1147	4723	0.00030
Phaeobacter	302485	G	3260	1327	4587	0.00029
Ruegeria	97050	G	2970	364	3334	0.00021
Leisingera	191028	G	2806	310	3116	0.00020
Pseudosulfitobacter	2854186	G	2286	508	2794	0.00018
Yangia	2919626	G	2166	301	2467	0.00016
Sagittula	58842	G	2022	666	2688	0.00017
Ponticoccus	983507	G	1778	222	2000	0.00013
Mameliella	1434019	G	1577	237	1814	0.00011
Roseobacter	2433	G	1382	29	1411	0.00009
Ketogulonicigenium	92944	G	1379	222	1601	0.00010
Roseibacterium	159345	G	1341	96	1437	0.00009
Octadecabacter	53945	G	1327	76	1403	0.00009
Dinoroseobacter	309512	G	1317	388	1705	0.00011
Actibacterium	1433986	G	1182	476	1658	0.00010
Oceanicola	252301	G	1055	45	1100	0.00007
Caulobacter	75	G	52742	5846	58588	0.00369
Brevundimonas	41275	G	36877	4775	41652	0.00262
Phenylobacterium	20	G	21086	3217	24303	0.00153
Asticcacaulis	76890	G	3207	223	3430	0.00022
Terricaulis	2768684	G	2029	60	2089	0.00013
Marinicauda	1649466	G	2815	409	3224	0.00020
Maricaulis	74317	G	1018	56	1074	0.00007
Hyphomonas	85	G	3534	139	3673	0.00023
Candidatus Viadribacter	2892997	G	1249	28	1277	0.00008
Aquisalinus	1795639	G	1225	49	1274	0.00008
Burkholderia	32008	G	167360	111803	279163	0.01759
Paraburkholderia	1822464	G	85414	7810	93224	0.00587
Cupriavidus	106589	G	78308	35159	113467	0.00715
Pandoraea	93217	G	31464	6290	37754	0.00238
Ralstonia	48736	G	26555	11936	38491	0.00242
Caballeronia	1827195	G	22046	2235	24281	0.00153
Polynucleobacter	44013	G	2705	62	2767	0.00017
Lautropia	47670	G	1324	202	1526	0.00010
Chitinimonas	240411	G	1244	83	1327	0.00008
Mycetohabitans	2571159	G	1169	65	1234	0.00008
Variovorax	34072	G	103418	30711	134129	0.00845
Hydrogenophaga	47420	G	40900	16391	57291	0.00361
Acidovorax	12916	G	39779	18296	58075	0.00366
Ramlibacter	174951	G	38888	14605	53493	0.00337
Comamonas	283	G	21919	8952	30871	0.00194
Rhodoferax	28065	G	21067	4423	25490	0.00161
Diaphorobacter	238749	G	11710	10690	22400	0.00141
Delftia	80865	G	10802	10659	21461	0.00135
Schlegelella	215579	G	10609	2903	13512	0.00085
Polaromonas	52972	G	9921	699	10620	0.00067
Ottowia	219181	G	6959	1122	8081	0.00051
Kinneretia	683756	G	6717	3487	10204	0.00064
Alicycliphilus	201096	G	5567	8562	14129	0.00089
Melaminivora	1649468	G	5141	4235	9376	0.00059
Serpentinimonas	2490452	G	3031	645	3676	0.00023
Verminephrobacter	364316	G	2660	306	2966	0.00019
Hylemonella	232523	G	2521	334	2855	0.00018
Pulveribacter	2678886	G	2347	1165	3512	0.00022
Simplicispira	352450	G	1756	608	2364	0.00015
Limnohabitans	665874	G	1268	117	1385	0.00009
Massilia	149698	G	80689	13471	94160	0.00593
Duganella	75654	G	7057	2078	9135	0.00058
Janthinobacterium	29580	G	17590	3493	21083	0.00133
Herbaspirillum	963	G	16816	2789	19605	0.00124
Collimonas	202907	G	9148	967	10115	0.00064
Noviherbaspirillum	1344552	G	5732	905	6637	0.00042
Undibacterium	401469	G	1391	74	1465	0.00009
Achromobacter	222	G	40837	15914	56751	0.00358
Bordetella	517	G	37940	16151	54091	0.00341
Pigmentiphaga	152267	G	5803	568	6371	0.00040
Paralcaligenes	1148163	G	2970	107	3077	0.00019
Orrella	1921582	G	2662	724	3386	0.00021
Castellaniella	359336	G	2653	1556	4209	0.00027
Alcaligenes	507	G	1960	438	2398	0.00015
Pusillimonas (ex Stolz et al. 2005)	305976	G	1373	226	1599	0.00010
Rhizobacter	212743	G	12213	2366	14579	0.00092
Sphaerotilus	34102	G	8642	3824	12466	0.00079
Methylibium	316612	G	6195	1662	7857	0.00050
Rubrivivax	28067	G	5962	1654	7616	0.00048
Thiomonas	32012	G	5714	899	6613	0.00042
Aquincola	391952	G	4982	1525	6507	0.00041
Mitsuaria	65047	G	4764	840	5604	0.00035
Xylophilus	54066	G	4359	1116	5475	0.00034
Leptothrix	88	G	4322	1219	5541	0.00035
Ideonella	36862	G	2693	1424	4117	0.00026
Tepidimonas	114248	G	2515	797	3312	0.00021
Roseateles	93681	G	2210	375	2585	0.00016
Aquabacterium	92793	G	2161	504	2665	0.00017
Inhella	644355	G	1557	219	1776	0.00011
Paucibacter	318147	G	1264	189	1453	0.00009
Sutterella	40544	G	1818	145	1963	0.00012
Nitrosospira	35798	G	35275	1062	36337	0.00229
Nitrosomonas	914	G	10073	619	10692	0.00067
Usitatibacter	2803845	G	23759	1628	25387	0.00160
Denitratisoma	311181	G	3140	1266	4406	0.00028
Sulfuritalea	1054211	G	2489	328	2817	0.00018
Methyloversatilis	378210	G	2201	257	2458	0.00015
Sterolibacterium	157591	G	1605	389	1994	0.00013
Sideroxydans	314343	G	2431	301	2732	0.00017
Ferrigenium	2249462	G	1470	278	1748	0.00011
Thiobacillus	919	G	3868	674	4542	0.00029
Sulfuritortus	1938335	G	1975	733	2708	0.00017
Sulfuriferula	1778653	G	2353	334	2687	0.00017
Sulfurimicrobium	2772198	G	1841	234	2075	0.00013
Sulfuricella	935200	G	1029	99	1128	0.00007
Thauera	33057	G	14752	7956	22708	0.00143
Azoarcus	12960	G	12619	3441	16060	0.00101
Nitrogeniibacter	2891294	G	3998	537	4535	0.00029
Aromatoleum	551759	G	12010	3069	15079	0.00095
Azospira	146937	G	7547	2909	10456	0.00066
Niveibacterium	1769726	G	2070	254	2324	0.00015
Oryzomicrobium	1911577	G	1538	329	1867	0.00012
Dechloromonas	73029	G	3619	559	4178	0.00026
Ferribacterium	88875	G	3066	470	3536	0.00022
Quatrionicoccus	138117	G	1392	367	1759	0.00011
Chromobacterium	535	G	13057	2523	15580	0.00098
Jeongeupia	885864	G	3472	539	4011	0.00025
Paludibacterium	400060	G	3141	457	3598	0.00023
Vogesella	57739	G	2272	483	2755	0.00017
Pseudogulbenkiania	568394	G	2047	583	2630	0.00017
Aquitalea	407217	G	2045	338	2383	0.00015
Microvirgula	57479	G	1524	246	1770	0.00011
Laribacter	168470	G	1065	847	1912	0.00012
Neisseria	482	G	4988	1816	6804	0.00043
Crenobacter	1654931	G	2528	690	3218	0.00020
Chitinolyticbacter	1055692	G	1665	170	1835	0.00012
Vitreoscilla	59	G	1013	138	1151	0.00007
Casimicrobium	2706000	G	1856	740	2596	0.00016
Lysobacter	68	G	66783	9662	76445	0.00482
Stenotrophomonas	40323	G	36386	14107	50493	0.00318
Xanthomonas	338	G	36236	15379	51615	0.00325
Luteimonas	83614	G	20836	3771	24607	0.00155
Pseudoxanthomonas	83618	G	14795	5845	20640	0.00130
Thermomonas	141948	G	8823	2180	11003	0.00069
Pseudolysobacter	2709666	G	2389	56	2445	0.00015
Arenimonas	490567	G	2232	393	2625	0.00017
Frateuria	70411	G	46354	9357	55711	0.00351
Rhodanobacter	75309	G	31547	5353	36900	0.00232
Dyella	231454	G	24266	3005	27271	0.00172
Luteibacter	242605	G	21314	1874	23188	0.00146
Dokdonella	323413	G	6312	903	7215	0.00045
Aerosticca	2707020	G	3988	4258	8246	0.00052
Ahniella	2233801	G	1287	28	1315	0.00008
Pseudomonas	286	G	247174	72587	319761	0.02014
Azotobacter	352	G	5398	4861	10259	0.00065
Halopseudomonas	2901189	G	3026	448	3474	0.00022
Marinobacter	2742	G	6196	446	6642	0.00042
Klebsiella	570	G	7249	42158	49407	0.00311
Raoultella	160674	G	2018	1155	3173	0.00020
Enterobacter	547	G	7933	10616	18549	0.00117
Citrobacter	544	G	3721	3590	7311	0.00046
Cronobacter	413496	G	2480	498	2978	0.00019
Kosakonia	1330547	G	2159	349	2508	0.00016
Leclercia	83654	G	2060	1201	3261	0.00021
Salmonella	590	G	1844	39846	41690	0.00263
Pluralibacter	1330546	G	1441	339	1780	0.00011
Escherichia	561	G	1277	22596	23873	0.00150
Cedecea	158483	G	1213	167	1380	0.00009
Serratia	613	G	12374	2980	15354	0.00097
Rahnella	34037	G	1298	315	1613	0.00010
Yersinia	629	G	1273	550	1823	0.00011
Pantoea	53335	G	7725	1359	9084	0.00057
Erwinia	551	G	3087	577	3664	0.00023
Mixta	2100764	G	1718	458	2176	0.00014
Dickeya	204037	G	3509	668	4177	0.00026
Pectobacterium	122277	G	2069	376	2445	0.00015
Brenneria	71655	G	1274	88	1362	0.00009
Edwardsiella	635	G	2179	1091	3270	0.00021
Sodalis	84565	G	1501	95	1596	0.00010
Thioalkalivibrio	106633	G	7381	1065	8446	0.00053
Spiribacter	1335745	G	4995	294	5289	0.00033
Acidihalobacter	1765964	G	3438	239	3677	0.00023
Halorhodospira	85108	G	1819	124	1943	0.00012
Alkalilimnicola	133193	G	1539	162	1701	0.00011
Aquisalimonas	406099	G	1466	83	1549	0.00010
Ectothiorhodospira	1051	G	1294	103	1397	0.00009
Thiodictyon	53392	G	2875	138	3013	0.00019
Allochromatium	85072	G	2841	628	3469	0.00022
Marichromatium	85076	G	2537	447	2984	0.00019
Thioflavicoccus	156885	G	2287	189	2476	0.00016
Thiocapsa	1056	G	2035	101	2136	0.00013
Thiocystis	13724	G	1512	122	1634	0.00010
Wenzhouxiangella	1676142	G	2593	107	2700	0.00017
Thiohalobacter	1273155	G	1999	191	2190	0.00014
Guyparkeria	2035712	G	1584	324	1908	0.00012
Sulfurivermis	2034504	G	1303	413	1716	0.00011
Halothiobacillus	109262	G	1010	71	1081	0.00007
Halomonas	2745	G	29266	3958	33224	0.00209
Cobetia	204286	G	1910	1143	3053	0.00019
Halotalea	376488	G	1758	295	2053	0.00013
Salinicola	404432	G	1633	166	1799	0.00011
Kushneria	504090	G	1368	62	1430	0.00009
Chromohalobacter	42054	G	1117	109	1226	0.00008
Alcanivorax	59753	G	3991	1631	5622	0.00035
Marinobacterium	48075	G	1257	142	1399	0.00009
Aeromonas	642	G	17171	14111	31282	0.00197
Zobellella	347533	G	1114	224	1338	0.00008
Methylococcus	413	G	5522	365	5887	0.00037
Methylomonas	416	G	3801	119	3920	0.00025
Methylomagnum	1760987	G	1622	65	1687	0.00011
Methylomicrobium	39773	G	1529	342	1871	0.00012
Methylogaea	1295378	G	1429	100	1529	0.00010
Methylocaldum	73778	G	1418	74	1492	0.00009
Shewanella	22	G	5190	923	6113	0.00039
Pseudoalteromonas	53246	G	1482	204	1686	0.00011
Microbulbifer	48073	G	4900	311	5211	0.00033
Cellvibrio	10	G	1060	49	1109	0.00007
Sulfurifustis	1692042	G	4999	269	5268	0.00033
Sulfuricaulis	1744881	G	2170	141	2311	0.00015
Acidiferrobacter	986106	G	1992	32	2024	0.00013
Solimonas	413435	G	4054	335	4389	0.00028
Flagellatimonas	2893022	G	1351	70	1421	0.00009
Steroidobacter	469322	G	1693	391	2084	0.00013
Vibrio	662	G	5226	1712	6938	0.00044
Acinetobacter	469	G	2367	1067	3434	0.00022
Legionella	445	G	1867	193	2060	0.00013
Immundisolibacter	1934947	G	2412	372	2784	0.00018
Salinisphaera	180541	G	1751	62	1813	0.00011
Anaeromyxobacter	161492	G	52141	2818	54959	0.00346
Corallococcus	83461	G	18248	786	19034	0.00120
Myxococcus	32	G	18001	88387	106388	0.00670
Pyxidicoccus	224458	G	7006	162	7168	0.00045
Archangium	47	G	19317	1774	21091	0.00133
Cystobacter	42	G	5697	1286	6983	0.00044
Stigmatella	40	G	4701	214	4915	0.00031
Melittangium	44	G	4272	864	5136	0.00032
Vulgatibacter	1524214	G	5892	321	6213	0.00039
Sorangium	39643	G	70563	6457	77020	0.00485
Polyangium	55	G	17589	1326	18915	0.00119
Chondromyces	50	G	8676	337	9013	0.00057
Sandaracinus	1055688	G	28309	1189	29498	0.00186
Labilithrix	1524217	G	17549	625	18174	0.00114
Haliangium	162027	G	13473	464	13937	0.00088
Geomonas	2651583	G	9467	1236	10703	0.00067
Geobacter	28231	G	7981	713	8694	0.00055
Citrifermentans	2883512	G	2765	536	3301	0.00021
Geotalea	2910589	G	1201	67	1268	0.00008
Desulfuromonas	890	G	5933	591	6524	0.00041
Syntrophotalea	2812025	G	1316	128	1444	0.00009
Desulfovibrio	872	G	6465	737	7202	0.00045
Pseudodesulfovibrio	2035811	G	6213	836	7049	0.00044
Solidesulfovibrio	2910984	G	4081	362	4443	0.00028
Oceanidesulfovibrio	2905722	G	1638	84	1722	0.00011
Desulfocurvibacter	2582840	G	1123	69	1192	0.00008
Desulfolutivibrio	2773294	G	1041	246	1287	0.00008
Desulfomicrobium	898	G	1131	77	1208	0.00008
Desulfosarcina	2299	G	2700	237	2937	0.00019
Desulfobulbus	893	G	1671	175	1846	0.00012
Persicimonas	2766927	G	4614	124	4738	0.00030
Bradymonas	1779136	G	1734	763	2497	0.00016
Desulfarculus	453229	G	1887	512	2399	0.00015
Campylobacter	194	G	1123	188	1311	0.00008
Bdellovibrio	958	G	2903	82	2985	0.00019
Acidithiobacillus	119977	G	2545	210	2755	0.00017
Mucilaginibacter	423349	G	43521	1277	44798	0.00282
Pedobacter	84567	G	1710	76	1786	0.00011
Sphingobacterium	28453	G	1181	380	1561	0.00010
Hymenobacter	89966	G	21056	993	22049	0.00139
Pontibacter	323449	G	2170	258	2428	0.00015
Spirosoma	107	G	3894	165	4059	0.00026
Fibrella	861914	G	1078	66	1144	0.00007
Dyadobacter	120831	G	1037	61	1098	0.00007
Alistipes	239759	G	5632	1552	7184	0.00045
Prevotella	838	G	2001	202	2203	0.00014
Bacteroides	816	G	1478	513	1991	0.00013
Rhodothermus	29548	G	4099	196	4295	0.00027
Rhodocaloribacter	2893090	G	3847	343	4190	0.00026
Salinibacter	146918	G	2707	41	2748	0.00017
Flavobacterium	237	G	2235	632	2867	0.00018
Chryseobacterium	59732	G	1543	545	2088	0.00013
Chitinophaga	79328	G	2495	326	2821	0.00018
Chlorobaculum	256319	G	2321	221	2542	0.00016
Gemmatirosa	1706036	G	74524	6500	81024	0.00510
Gemmatimonas	173479	G	29895	794	30689	0.00193
Gemmata	113	G	21586	1662	23248	0.00146
Urbifossiella	2807415	G	15483	1102	16585	0.00104
Frigoriglobus	2774146	G	12167	1625	13792	0.00087
Limnoglobus	2731450	G	7572	286	7858	0.00050
Tuwongella	2051044	G	1015	32	1047	0.00007
Aquisphaera	1511635	G	15063	1846	16909	0.00107
Paludisphaera	1763521	G	13189	2025	15214	0.00096
Tautonia	2680020	G	12523	816	13339	0.00084
Singulisphaera	466152	G	12360	1276	13636	0.00086
Isosphaera	127	G	1437	75	1512	0.00010
Stieleria	2795973	G	2951	244	3195	0.00020
Lignipirellula	2795775	G	2589	246	2835	0.00018
Rosistilla	2795779	G	2519	146	2665	0.00017
Anatilimnocola	2807414	G	1891	170	2061	0.00013
Bremerella	2714594	G	1617	91	1708	0.00011
Roseimaritima	1579506	G	1551	80	1631	0.00010
Pirellula	123	G	1539	39	1578	0.00010
Lacipirellula	2691417	G	5877	328	6205	0.00039
Pirellulimonas	2795783	G	3596	320	3916	0.00025
Botrimarina	2795782	G	3185	244	3429	0.00022
Aeoliella	2795781	G	1230	84	1314	0.00008
Planctomyces	118	G	13991	2502	16493	0.00104
Gimesia	1649453	G	4119	190	4309	0.00027
Alienimonas	2714737	G	3249	198	3447	0.00022
Caulifigura	2795778	G	2953	160	3113	0.00020
Maioricimonas	2795777	G	2730	293	3023	0.00019
Symmachiella	2795780	G	1326	67	1393	0.00009
Humisphaera	2807511	G	7094	147	7241	0.00046
Phycisphaera	666508	G	3466	236	3702	0.00023
Mucisphaera	2913022	G	1542	71	1613	0.00010
Opitutus	178440	G	8016	597	8613	0.00054
Lacunisphaera	1961799	G	2678	341	3019	0.00019
Oleiharenicola	2100741	G	2330	114	2444	0.00015
Nibricoccus	2576890	G	2088	86	2174	0.00014
Ereboglobus	2028344	G	1534	66	1600	0.00010
Verrucomicrobium	2735	G	3932	288	4220	0.00027
Luteolibacter	518753	G	2834	104	2938	0.00019
Roseimicrobium	1348508	G	1497	55	1552	0.00010
Akkermansia	239934	G	1533	92	1625	0.00010
Methylacidimicrobium	1541670	G	1374	111	1485	0.00009
Kiritimatiella	1921784	G	1069	889	1958	0.00012
Granulicella	940557	G	13004	1178	14182	0.00089
Terriglobus	392733	G	9196	989	10185	0.00064
Candidatus Koribacter	658061	G	8873	271	9144	0.00058
Edaphobacter	388463	G	8851	1006	9857	0.00062
Acidobacterium	33973	G	8329	614	8943	0.00056
Acidisarcina	2608728	G	2712	176	2888	0.00018
Paludibaculum	1649475	G	8805	207	9012	0.00057
Luteitalea	2004797	G	25366	1388	26754	0.00169
Chloracidobacterium	458032	G	3266	105	3371	0.00021
Sulfidibacter	2915177	G	1951	32	1983	0.00012
Nitrospira	1234	G	7662	109	7771	0.00049
Treponema	157	G	1233	381	1614	0.00010
Fusarium	5506	G	18993	1029	20022	0.00126
Trichoderma	5543	G	5762	271	6033	0.00038
Beauveria	5581	G	3305	128	3433	0.00022
Cordyceps	45234	G	1714	112	1826	0.00012
Metarhizium	5529	G	3082	442	3524	0.00022
Purpureocillium	1052105	G	1826	138	1964	0.00012
Drechmeria	98402	G	1420	69	1489	0.00009
Colletotrichum	5455	G	1861	398	2259	0.00014
Thermothielavioides	2609811	G	2186	99	2285	0.00014
Thermothelomyces	1920207	G	1506	51	1557	0.00010
Pyricularia	48558	G	2387	18	2405	0.00015
Neopestalotiopsis	1562158	G	1124	17	1141	0.00007
Aspergillus	5052	G	1696	111	1807	0.00011
Penicillium	5073	G	1261	90	1351	0.00009
Pseudozyma	63298	G	3008	74	3082	0.00019
Phlebiopsis	82309	G	1033	13	1046	0.00007
Phytophthora	4783	G	7859	1240	9099	0.00057
