name	taxonomy_id	taxonomy_lvl	kraken_assigned_reads	added_reads	new_est_reads	fraction_total_reads
Streptomyces	1883	G	1718141	347471	2065612	0.15929
Kitasatospora	2063	G	24477	6836	31313	0.00241
Yinghuangia	2805681	G	21211	2775	23986	0.00185
Streptacidiphilus	228398	G	15411	3588	18999	0.00147
Microbacterium	33882	G	112624	16946	129570	0.00999
Agromyces	33877	G	34350	7256	41606	0.00321
Curtobacterium	2034	G	25945	4765	30710	0.00237
Leifsonia	110932	G	21315	6757	28072	0.00216
Rathayibacter	33886	G	21002	4272	25274	0.00195
Leucobacter	55968	G	15989	2605	18594	0.00143
Clavibacter	1573	G	15893	7579	23472	0.00181
Agrococcus	46352	G	15097	3566	18663	0.00144
Protaetiibacter	2680004	G	7827	2031	9858	0.00076
Salinibacterium	235888	G	6037	852	6889	0.00053
Cryobacterium	69578	G	5593	705	6298	0.00049
Frondihabitans	447237	G	4807	665	5472	0.00042
Microterricola	518733	G	4049	873	4922	0.00038
Plantibacter	190323	G	3997	456	4453	0.00034
Microcella	337004	G	3872	1170	5042	0.00039
Cnuibacter	1759331	G	2920	554	3474	0.00027
Herbiconiux	881616	G	2851	500	3351	0.00026
Gryllotalpicola	1195526	G	2844	478	3322	0.00026
Frigoribacterium	96492	G	2753	708	3461	0.00027
Subtercola	120212	G	2475	178	2653	0.00020
Mycetocola	76634	G	2446	269	2715	0.00021
Humibacter	427753	G	2393	462	2855	0.00022
Amnibacterium	1029631	G	2085	437	2522	0.00019
Chryseoglobus	1331730	G	2050	384	2434	0.00019
Gulosibacter	256818	G	1703	416	2119	0.00016
Marisediminicola	1230698	G	1648	178	1826	0.00014
Diaminobutyricimonas	1433997	G	1369	223	1592	0.00012
Glaciihabitans	1649454	G	1349	93	1442	0.00011
Agreia	110934	G	1283	136	1419	0.00011
Arthrobacter	1663	G	155014	34012	189026	0.01458
Pseudarthrobacter	1742993	G	29117	10115	39232	0.00303
Kocuria	57493	G	14497	3610	18107	0.00140
Sinomonas	596707	G	12203	2677	14880	0.00115
Micrococcus	1269	G	6997	4322	11319	0.00087
Paenarthrobacter	1742992	G	4455	2199	6654	0.00051
Glutamicibacter	1742989	G	4199	1237	5436	0.00042
Rothia	32207	G	2973	1038	4011	0.00031
Citricoccus	169133	G	2353	502	2855	0.00022
Janibacter	53457	G	14891	3934	18825	0.00145
Phycicoccus	367298	G	13873	3644	17517	0.00135
Pedococcus	2805645	G	13141	3708	16849	0.00130
Intrasporangium	53357	G	13029	2993	16022	0.00124
Tetrasphaera	99479	G	10724	2681	13405	0.00103
Arsenicicoccus	267408	G	4528	1560	6088	0.00047
Cellulomonas	1707	G	54532	17161	71693	0.00553
Actinotalea	458839	G	3567	1159	4726	0.00036
Oerskovia	162491	G	2857	826	3683	0.00028
Pseudactinotalea	1926259	G	2466	318	2784	0.00021
Paraoerskovia	665568	G	2058	480	2538	0.00020
Cellulosimicrobium	157920	G	15948	5880	21828	0.00168
Xylanimonas	186188	G	8852	2562	11414	0.00088
Isoptericola	254250	G	6774	2748	9522	0.00073
Ornithinimicrobium	125287	G	15547	2915	18462	0.00142
Serinicoccus	265976	G	11683	2875	14558	0.00112
Brachybacterium	43668	G	17715	2576	20291	0.00156
Dermabacter	36739	G	1212	591	1803	0.00014
Brevibacterium	1696	G	18344	3176	21520	0.00166
Dermacoccus	57495	G	5308	1667	6975	0.00054
Luteipulveratus	745364	G	4171	524	4695	0.00036
Allobranchiibius	2040262	G	3529	695	4224	0.00033
Yimella	908935	G	1915	343	2258	0.00017
Georgenia	154116	G	13348	3457	16805	0.00130
Ruania	626119	G	11195	1187	12382	0.00095
Pengzhenrongella	2888818	G	4199	1049	5248	0.00040
Luteimicrobium	754249	G	3728	1030	4758	0.00037
Beutenbergia	84756	G	4500	661	5161	0.00040
Miniimonas	947525	G	3061	1433	4494	0.00035
Sanguibacter	60919	G	5570	1501	7071	0.00055
Gephyromycinifex	2885697	G	1298	139	1437	0.00011
Kytococcus	57499	G	2370	752	3122	0.00024
Mycolicibacterium	1866885	G	161418	26276	187694	0.01447
Mycobacterium	1763	G	160019	40672	200691	0.01548
Mycolicibacter	1073531	G	9702	3107	12809	0.00099
Mycobacteroides	670516	G	7922	2430	10352	0.00080
Mycolicibacillus	2126281	G	1912	420	2332	0.00018
Nocardia	1817	G	95480	13929	109409	0.00844
Rhodococcus	1827	G	83682	19429	103111	0.00795
Corynebacterium	1716	G	49101	10294	59395	0.00458
Gordonia	2053	G	40958	8868	49826	0.00384
Skermania	59613	G	1993	195	2188	0.00017
Tsukamurella	2060	G	13286	2778	16064	0.00124
Dietzia	37914	G	7579	1518	9097	0.00070
Tomitella	741759	G	4807	835	5642	0.00044
Segniliparus	286801	G	1146	53	1199	0.00009
Nocardioides	1839	G	512139	95587	607726	0.04686
Aeromicrobium	2040	G	26251	4431	30682	0.00237
Marmoricola	86795	G	8131	2673	10804	0.00083
Pimelobacter	2044	G	6733	2204	8937	0.00069
Friedmanniella	53387	G	5727	975	6702	0.00052
Mumia	1546255	G	4196	634	4830	0.00037
Micropruina	116071	G	2108	260	2368	0.00018
Microlunatus	29404	G	19654	1874	21528	0.00166
Tessaracoccus	72763	G	14326	2563	16889	0.00130
Brevilactibacter	2717325	G	5561	1884	7445	0.00057
Acidipropionibacterium	1912215	G	4859	1692	6551	0.00051
Propionibacterium	1743	G	4729	1319	6048	0.00047
Auraticoccus	1278221	G	3614	557	4171	0.00032
Raineyella	1911549	G	2229	255	2484	0.00019
Cutibacterium	1912216	G	2204	431	2635	0.00020
Arachnia	2801844	G	2101	134	2235	0.00017
Kribbella	182639	G	37842	4747	42589	0.00328
Actinopolymorpha	117156	G	11377	1078	12455	0.00096
Amycolatopsis	1813	G	206344	33960	240304	0.01853
Pseudonocardia	1847	G	132686	20203	152889	0.01179
Saccharopolyspora	1835	G	27287	4628	31915	0.00246
Saccharothrix	2071	G	23270	5625	28895	0.00223
Kutzneria	43356	G	16471	2927	19398	0.00150
Saccharomonospora	1851	G	15665	2442	18107	0.00140
Actinoalloteichus	65496	G	13535	1067	14602	0.00113
Lentzea	165301	G	10629	1924	12553	0.00097
Actinosynnema	40566	G	8807	2328	11135	0.00086
Allokutzneria	1137960	G	7460	1528	8988	0.00069
Kibdelosporangium	2029	G	6945	717	7662	0.00059
Alloactinosynnema	674734	G	5019	953	5972	0.00046
Prauserella	142577	G	3282	258	3540	0.00027
Allosaccharopolyspora	2893576	G	2664	497	3161	0.00024
Micromonospora	1873	G	142692	32741	175433	0.01353
Actinoplanes	1865	G	99662	14608	114270	0.00881
Phytohabitans	907364	G	18047	2067	20114	0.00155
Dactylosporangium	35753	G	17828	1699	19527	0.00151
Actinocatenispora	390988	G	14267	1521	15788	0.00122
Plantactinospora	673534	G	13678	2191	15869	0.00122
Couchioplanes	56433	G	13236	2930	16166	0.00125
Catellatospora	53365	G	9934	1877	11811	0.00091
Polymorphospora	338583	G	6710	1288	7998	0.00062
Natronosporangium	2920401	G	3916	228	4144	0.00032
Verrucosispora	84593	G	2979	2063	5042	0.00039
Salinispora	168694	G	2215	326	2541	0.00020
Actinomadura	1988	G	125118	20631	145749	0.01124
Thermomonospora	2019	G	12661	3200	15861	0.00122
Nonomuraea	83681	G	46776	6862	53638	0.00414
Streptosporangium	2000	G	21122	3555	24677	0.00190
Thermobispora	147067	G	5142	1027	6169	0.00048
Nocardiopsis	2013	G	16868	2972	19840	0.00153
Thermobifida	83677	G	7049	1250	8299	0.00064
Streptomonospora	104204	G	3791	656	4447	0.00034
Spiractinospora	2913367	G	2474	141	2615	0.00020
Blastococcus	38501	G	48084	12547	60631	0.00468
Modestobacter	88138	G	33505	9124	42629	0.00329
Geodermatophilus	1860	G	21692	6532	28224	0.00218
Frankia	1854	G	31626	2650	34276	0.00264
Actinomyces	1654	G	22088	2635	24723	0.00191
Schaalia	2529408	G	2827	448	3275	0.00025
Flaviflexus	1522056	G	1655	344	1999	0.00015
Trueperella	1069494	G	1432	354	1786	0.00014
Jiangella	281472	G	18445	2713	21158	0.00163
Nakamurella	53460	G	16418	1968	18386	0.00142
Bifidobacterium	1678	G	11901	2826	14727	0.00114
Catenulispora	414878	G	9955	1213	11168	0.00086
Jatrophihabitans	1434010	G	8243	605	8848	0.00068
Stackebrandtia	283810	G	3922	298	4220	0.00033
Kineococcus	33981	G	4041	936	4977	0.00038
Epidermidibacterium	2078948	G	2660	1059	3719	0.00029
Actinopolyspora	1849	G	2052	176	2228	0.00017
Acidothermus	28048	G	1481	65	1546	0.00012
Conexibacter	191494	G	141812	18404	160216	0.01235
Miltoncostaea	2843200	G	30177	3482	33659	0.00260
Baekduia	2600304	G	54086	8040	62126	0.00479
Rubrobacter	42255	G	19946	758	20704	0.00160
Aquihabitans	1648491	G	19199	2899	22098	0.00170
Iamia	467975	G	9067	1320	10387	0.00080
Actinomarinicola	2789775	G	8771	1580	10351	0.00080
Ilumatobacter	682522	G	4138	231	4369	0.00034
Acidimicrobium	53634	G	1567	110	1677	0.00013
Eggerthella	84111	G	3081	900	3981	0.00031
Gordonibacter	644652	G	1537	644	2181	0.00017
Adlercreutzia	447020	G	1356	260	1616	0.00012
Arabiibacter	2005386	G	1289	231	1520	0.00012
Olsenella	133925	G	2088	442	2530	0.00020
Parolsenella	2082587	G	1207	432	1639	0.00013
Collinsella	102106	G	1807	509	2316	0.00018
Egibacter	1747770	G	4632	240	4872	0.00038
Egicoccus	1755825	G	4050	548	4598	0.00035
Euzebya	908623	G	4025	291	4316	0.00033
Bacillus	1386	G	16296	40081	56377	0.00435
Priestia	2800373	G	13470	12459	25929	0.00200
Neobacillus	2675232	G	2434	1015	3449	0.00027
Geobacillus	129337	G	2299	691	2990	0.00023
Peribacillus	2675229	G	1690	710	2400	0.00019
Hydrogenibacillus	1609627	G	1585	244	1829	0.00014
Anoxybacillus	150247	G	1151	325	1476	0.00011
Paenibacillus	44249	G	36037	3532	39569	0.00305
Brevibacillus	55080	G	3230	591	3821	0.00029
Cohnella	329857	G	2784	396	3180	0.00025
Thermobacillus	76632	G	1442	188	1630	0.00013
Saccharibacillus	456492	G	1105	126	1231	0.00009
Alicyclobacillus	29330	G	2267	169	2436	0.00019
Tumebacillus	432330	G	1510	507	2017	0.00016
Planococcus	1372	G	1286	379	1665	0.00013
Exiguobacterium	33986	G	1047	313	1360	0.00010
Streptococcus	1301	G	1025	746	1771	0.00014
Faecalibacterium	216851	G	1645	1707	3352	0.00026
Thermaerobacter	73918	G	5556	537	6093	0.00047
Clostridium	1485	G	1915	542	2457	0.00019
Symbiobacterium	2733	G	2145	241	2386	0.00018
Selenomonas	970	G	2660	191	2851	0.00022
Limnochorda	1676651	G	2065	70	2135	0.00016
Deinococcus	1298	G	24608	1018	25626	0.00198
Thermus	270	G	3581	241	3822	0.00029
Oceanithermus	208447	G	2078	182	2260	0.00017
Meiothermus	65551	G	1907	99	2006	0.00015
Marinithermus	186191	G	1250	172	1422	0.00011
Truepera	332248	G	1866	85	1951	0.00015
Synechococcus	1129	G	11522	1291	12813	0.00099
Cyanobium	167375	G	2482	542	3024	0.00023
Nostoc	1177	G	1761	763	2524	0.00019
Calothrix	1186	G	1035	328	1363	0.00011
Oscillatoria	1158	G	1016	279	1295	0.00010
Gloeobacter	33071	G	3247	94	3341	0.00026
Leptolyngbya	47251	G	1523	144	1667	0.00013
Sphaerobacter	2056	G	5966	322	6288	0.00048
Thermomicrobium	499	G	1290	23	1313	0.00010
Roseiflexus	120961	G	3282	162	3444	0.00027
Chloroflexus	1107	G	1206	43	1249	0.00010
Tepidiforma	2682228	G	3501	127	3628	0.00028
Candidatus Promineofilum	1988031	G	3014	51	3065	0.00024
Ktedonosporobacter	2692417	G	2154	63	2217	0.00017
Caldilinea	233191	G	1534	95	1629	0.00013
Fimbriimonas	1005038	G	1966	9	1975	0.00015
Bradyrhizobium	374	G	679335	68452	747787	0.05766
Rhodopseudomonas	1073	G	30646	6724	37370	0.00288
Nitrobacter	911	G	16774	1698	18472	0.00142
Tardiphaga	1395974	G	11703	1119	12822	0.00099
Afipia	1033	G	10153	3664	13817	0.00107
Variibacter	1649510	G	6332	381	6713	0.00052
Mesorhizobium	68287	G	178150	28272	206422	0.01592
Aquibium	2911176	G	7391	1365	8756	0.00068
Aminobacter	31988	G	6265	3230	9495	0.00073
Nitratireductor	245876	G	5129	584	5713	0.00044
Phyllobacterium	28100	G	3621	280	3901	0.00030
Roseitalea	1915401	G	2301	298	2599	0.00020
Hoeflea	274591	G	1978	143	2121	0.00016
Oricola	1594166	G	1768	186	1954	0.00015
Rhizobium	379	G	92859	36392	129251	0.00997
Agrobacterium	357	G	15708	4410	20118	0.00155
Neorhizobium	1525371	G	7386	1376	8762	0.00068
Pseudorhizobium	1903858	G	1947	291	2238	0.00017
Sinorhizobium	28105	G	16118	5546	21664	0.00167
Ensifer	106591	G	14673	2286	16959	0.00131
Shinella	323620	G	12361	7180	19541	0.00151
Ciceribacter	1648508	G	1706	258	1964	0.00015
Georhizobium	2661800	G	1455	242	1697	0.00013
Methylobacterium	407	G	75628	11298	86926	0.00670
Microvirga	186650	G	19376	1879	21255	0.00164
Methylorubrum	2282523	G	15673	5333	21006	0.00162
Pseudolabrys	556257	G	45974	5396	51370	0.00396
Starkeya	152053	G	11396	2424	13820	0.00107
Xanthobacter	279	G	9674	1939	11613	0.00090
Ancylobacter	99	G	9577	2858	12435	0.00096
Labrys	204476	G	4386	362	4748	0.00037
Azorhizobium	6	G	3260	573	3833	0.00030
Rhodoplanes	29407	G	56311	4264	60575	0.00467
Hyphomicrobium	81	G	12854	656	13510	0.00104
Methyloceanibacter	1484898	G	4095	214	4309	0.00033
Aquabacter	45402	G	2820	363	3183	0.00025
Methyloligella	1485594	G	2536	241	2777	0.00021
Rhodomicrobium	1068	G	1952	105	2057	0.00016
Caenibius	2827482	G	1665	635	2300	0.00018
Bosea	85413	G	38655	4890	43545	0.00336
Devosia	46913	G	23923	1618	25541	0.00197
Paradevosia	1573407	G	2586	861	3447	0.00027
Youhaiella	1827478	G	2524	512	3036	0.00023
Pelagibacterium	1082930	G	1242	168	1410	0.00011
Nordella	169055	G	12856	564	13420	0.00103
Pseudorhodoplanes	1734920	G	8773	502	9275	0.00072
Terrihabitans	2874214	G	2318	206	2524	0.00019
Aureimonas	414371	G	13144	2176	15320	0.00118
Martelella	293088	G	6963	990	7953	0.00061
Aurantimonas	182269	G	3428	838	4266	0.00033
Methylocystis	133	G	12186	876	13062	0.00101
Methylosinus	425	G	5942	730	6672	0.00051
Phreatobacter	1632780	G	14289	1914	16203	0.00125
Stappia	152161	G	5353	808	6161	0.00048
Roseibium	150830	G	2717	281	2998	0.00023
Pannonibacter	227873	G	2431	1351	3782	0.00029
Labrenzia	478070	G	2260	158	2418	0.00019
Methylocella	120652	G	4562	348	4910	0.00038
Methylovirgula	1156568	G	3763	253	4016	0.00031
Beijerinckia	532	G	1044	71	1115	0.00009
Blastochloris	59282	G	8708	1644	10352	0.00080
Kaustia	2838250	G	4194	332	4526	0.00035
Parvibaculum	256616	G	2119	1300	3419	0.00026
Pyruvatibacter	1742974	G	1378	169	1547	0.00012
Chelatococcus	28209	G	7418	1331	8749	0.00067
Kaistia	166953	G	5189	1015	6204	0.00048
Acuticoccus	1904377	G	4789	425	5214	0.00040
Brucella	234	G	4208	1931	6139	0.00047
Lichenihabitans	2723776	G	3018	116	3134	0.00024
Hartmannibacter	1572860	G	2926	412	3338	0.00026
Breoghania	1406135	G	2814	298	3112	0.00024
Sphingomonas	13687	G	170375	20500	190875	0.01472
Sphingobium	165695	G	36992	18549	55541	0.00428
Sphingopyxis	165697	G	35076	6574	41650	0.00321
Novosphingobium	165696	G	27486	8616	36102	0.00278
Rhizorhabdus	1649486	G	10298	4145	14443	0.00111
Sphingosinithalassobacter	2676233	G	4014	851	4865	0.00038
Allosphingosinicella	2823232	G	3189	338	3527	0.00027
Parasphingopyxis	1234545	G	2481	105	2586	0.00020
Sphingorhabdus	1434046	G	2360	128	2488	0.00019
Blastomonas	150203	G	2221	345	2566	0.00020
Tardibacter	2685927	G	1549	996	2545	0.00020
Hankyongella	1763827	G	1523	252	1775	0.00014
Citromicrobium	72173	G	1240	499	1739	0.00013
Novosphingopyxis	2709686	G	1079	526	1605	0.00012
Erythrobacter	1041	G	14517	3323	17840	0.00138
Porphyrobacter	1111	G	4635	1091	5726	0.00044
Qipengyuania	1855416	G	8965	2103	11068	0.00085
Croceicoccus	1295327	G	5360	2981	8341	0.00064
Altererythrobacter	361177	G	5144	1174	6318	0.00049
Tsuneonella	2800686	G	5043	907	5950	0.00046
Aurantiacibacter	2800681	G	1081	164	1245	0.00010
Sphingosinicella	335405	G	7482	703	8185	0.00063
Polymorphobacter	1508451	G	4231	153	4384	0.00034
Sandaracinobacter	56358	G	1640	101	1741	0.00013
Roseomonas	125216	G	28022	3610	31632	0.00244
Rhodovastum	504465	G	7879	671	8550	0.00066
Komagataeibacter	1434011	G	4893	2184	7077	0.00055
Acidiphilium	522	G	4542	2254	6796	0.00052
Roseococcus	35812	G	3441	274	3715	0.00029
Acidibrevibacterium	2603324	G	3409	263	3672	0.00028
Lichenicola	2804525	G	3132	129	3261	0.00025
Sediminicoccus	1706033	G	2828	125	2953	0.00023
Acetobacter	434	G	2612	738	3350	0.00026
Gluconacetobacter	89583	G	1933	364	2297	0.00018
Gluconobacter	441	G	1918	458	2376	0.00018
Granulibacter	364409	G	1519	115	1634	0.00013
Azospirillum	191	G	46178	5211	51389	0.00396
Skermanella	204447	G	16792	2089	18881	0.00146
Nitrospirillum	1543705	G	3667	363	4030	0.00031
Indioceanicola	2478349	G	2596	303	2899	0.00022
Niveispirillum	1543704	G	1417	132	1549	0.00012
Hypericibacter	2705399	G	15387	797	16184	0.00125
Magnetospirillum	13134	G	8479	152523	161002	0.01242
Rhodospirillum	1081	G	5142	503	5645	0.00044
Tistrella	171436	G	3652	1452	5104	0.00039
Ferrovibrio	1231242	G	2901	159	3060	0.00024
Defluviicoccus	111830	G	2064	159	2223	0.00017
Pararhodospirillum	1612157	G	1233	79	1312	0.00010
Stella	93	G	7972	477	8449	0.00065
Elioraea	457933	G	3787	162	3949	0.00030
Thalassospira	168934	G	1589	132	1721	0.00013
Paracoccus	265	G	25087	3804	28891	0.00223
Cereibacter	1653176	G	6446	1474	7920	0.00061
Rhodobacter	1060	G	6327	1725	8052	0.00062
Rhodovulum	34008	G	3736	754	4490	0.00035
Polymorphum	991903	G	2922	633	3555	0.00027
Paroceanicella	2683599	G	2782	660	3442	0.00027
Pikeienuella	2831955	G	2043	172	2215	0.00017
Thioclava	285107	G	1981	229	2210	0.00017
Pontivivens	1844015	G	1818	122	1940	0.00015
Pelagovum	2795377	G	1625	181	1806	0.00014
Silicimonas	1955420	G	1548	82	1630	0.00013
Frigidibacter	1775705	G	1397	526	1923	0.00015
Pukyongiella	2831925	G	1328	291	1619	0.00012
Brevirhabdus	1855413	G	1135	491	1626	0.00013
Gymnodinialimonas	2937410	G	1002	86	1088	0.00008
Roseovarius	74030	G	6572	854	7426	0.00057
Sulfitobacter	60136	G	6523	1014	7537	0.00058
Salipiger	263377	G	4834	1335	6169	0.00048
Roseivivax	93682	G	3852	589	4441	0.00034
Celeribacter	875170	G	2798	922	3720	0.00029
Phaeobacter	302485	G	2579	1245	3824	0.00029
Leisingera	191028	G	2336	259	2595	0.00020
Ruegeria	97050	G	2229	291	2520	0.00019
Pseudosulfitobacter	2854186	G	1861	427	2288	0.00018
Yangia	2919626	G	1762	251	2013	0.00016
Sagittula	58842	G	1607	535	2142	0.00017
Mameliella	1434019	G	1291	198	1489	0.00011
Ponticoccus	983507	G	1229	157	1386	0.00011
Roseobacter	2433	G	1153	28	1181	0.00009
Dinoroseobacter	309512	G	1079	327	1406	0.00011
Ketogulonicigenium	92944	G	1054	183	1237	0.00010
Caulobacter	75	G	36358	3891	40249	0.00310
Brevundimonas	41275	G	25550	3347	28897	0.00223
Phenylobacterium	20	G	11975	1757	13732	0.00106
Asticcacaulis	76890	G	2318	160	2478	0.00019
Terricaulis	2768684	G	1893	56	1949	0.00015
Marinicauda	1649466	G	2108	339	2447	0.00019
Hyphomonas	85	G	2481	97	2578	0.00020
Candidatus Viadribacter	2892997	G	1072	24	1096	0.00008
Burkholderia	32008	G	120262	96886	217148	0.01674
Paraburkholderia	1822464	G	69292	6242	75534	0.00582
Cupriavidus	106589	G	67464	23194	90658	0.00699
Ralstonia	48736	G	20114	11874	31988	0.00247
Caballeronia	1827195	G	17811	1944	19755	0.00152
Pandoraea	93217	G	16962	2543	19505	0.00150
Polynucleobacter	44013	G	1773	42	1815	0.00014
Lautropia	47670	G	1078	170	1248	0.00010
Variovorax	34072	G	66742	20347	87089	0.00672
Acidovorax	12916	G	21465	10254	31719	0.00245
Hydrogenophaga	47420	G	21444	8539	29983	0.00231
Comamonas	283	G	13253	5451	18704	0.00144
Ramlibacter	174951	G	12698	4284	16982	0.00131
Rhodoferax	28065	G	12539	3026	15565	0.00120
Diaphorobacter	238749	G	7061	6958	14019	0.00108
Schlegelella	215579	G	6779	1800	8579	0.00066
Delftia	80865	G	6581	6187	12768	0.00098
Polaromonas	52972	G	5405	294	5699	0.00044
Kinneretia	683756	G	4656	2623	7279	0.00056
Ottowia	219181	G	3685	569	4254	0.00033
Alicycliphilus	201096	G	3324	4995	8319	0.00064
Melaminivora	1649468	G	2747	2272	5019	0.00039
Serpentinimonas	2490452	G	2017	428	2445	0.00019
Verminephrobacter	364316	G	1633	177	1810	0.00014
Pulveribacter	2678886	G	1294	595	1889	0.00015
Hylemonella	232523	G	1259	159	1418	0.00011
Simplicispira	352450	G	1037	348	1385	0.00011
Massilia	149698	G	60958	9598	70556	0.00544
Duganella	75654	G	5489	1603	7092	0.00055
Herbaspirillum	963	G	10908	1840	12748	0.00098
Janthinobacterium	29580	G	10880	1979	12859	0.00099
Collimonas	202907	G	4812	486	5298	0.00041
Noviherbaspirillum	1344552	G	2942	440	3382	0.00026
Achromobacter	222	G	46491	16953	63444	0.00489
Bordetella	517	G	29285	11745	41030	0.00316
Paralcaligenes	1148163	G	8987	320	9307	0.00072
Pigmentiphaga	152267	G	4652	455	5107	0.00039
Orrella	1921582	G	2137	585	2722	0.00021
Castellaniella	359336	G	2086	1309	3395	0.00026
Alcaligenes	507	G	1451	307	1758	0.00014
Pusillimonas (ex Stolz et al. 2005)	305976	G	1051	178	1229	0.00009
Rhizobacter	212743	G	8722	1687	10409	0.00080
Sphaerotilus	34102	G	5872	2654	8526	0.00066
Methylibium	316612	G	4724	1351	6075	0.00047
Rubrivivax	28067	G	4570	1272	5842	0.00045
Thiomonas	32012	G	4219	234	4453	0.00034
Mitsuaria	65047	G	3553	628	4181	0.00032
Aquincola	391952	G	3437	1071	4508	0.00035
Leptothrix	88	G	3122	877	3999	0.00031
Xylophilus	54066	G	2884	740	3624	0.00028
Ideonella	36862	G	1829	977	2806	0.00022
Tepidimonas	114248	G	1736	572	2308	0.00018
Roseateles	93681	G	1596	272	1868	0.00014
Aquabacterium	92793	G	1532	358	1890	0.00015
Inhella	644355	G	1079	153	1232	0.00010
Sutterella	40544	G	1602	126	1728	0.00013
Thauera	33057	G	12406	7094	19500	0.00150
Azoarcus	12960	G	10568	3083	13651	0.00105
Nitrogeniibacter	2891294	G	3410	484	3894	0.00030
Aromatoleum	551759	G	9983	2700	12683	0.00098
Azospira	146937	G	6704	2825	9529	0.00073
Niveibacterium	1769726	G	1864	239	2103	0.00016
Oryzomicrobium	1911577	G	1349	312	1661	0.00013
Dechloromonas	73029	G	3088	511	3599	0.00028
Ferribacterium	88875	G	2562	413	2975	0.00023
Quatrionicoccus	138117	G	1093	305	1398	0.00011
Usitatibacter	2803845	G	20960	1499	22459	0.00173
Nitrosospira	35798	G	7867	255	8122	0.00063
Nitrosomonas	914	G	1069	161	1230	0.00009
Denitratisoma	311181	G	2642	1170	3812	0.00029
Sulfuritalea	1054211	G	2038	281	2319	0.00018
Methyloversatilis	378210	G	1926	236	2162	0.00017
Sterolibacterium	157591	G	1373	359	1732	0.00013
Sideroxydans	314343	G	1906	255	2161	0.00017
Ferrigenium	2249462	G	1162	235	1397	0.00011
Thiobacillus	919	G	2519	463	2982	0.00023
Sulfuritortus	1938335	G	1681	658	2339	0.00018
Sulfuriferula	1778653	G	1514	229	1743	0.00013
Sulfurimicrobium	2772198	G	1393	186	1579	0.00012
Chromobacterium	535	G	10175	2068	12243	0.00094
Jeongeupia	885864	G	2911	476	3387	0.00026
Paludibacterium	400060	G	2584	394	2978	0.00023
Pseudogulbenkiania	568394	G	2247	669	2916	0.00022
Vogesella	57739	G	1639	361	2000	0.00015
Aquitalea	407217	G	1443	243	1686	0.00013
Microvirgula	57479	G	1249	210	1459	0.00011
Neisseria	482	G	3717	1366	5083	0.00039
Crenobacter	1654931	G	2109	612	2721	0.00021
Chitinolyticbacter	1055692	G	1328	144	1472	0.00011
Casimicrobium	2706000	G	1516	659	2175	0.00017
Lysobacter	68	G	77765	11926	89691	0.00692
Stenotrophomonas	40323	G	31377	12929	44306	0.00342
Xanthomonas	338	G	30658	15237	45895	0.00354
Luteimonas	83614	G	18793	3434	22227	0.00171
Pseudoxanthomonas	83618	G	12918	5245	18163	0.00140
Thermomonas	141948	G	10435	2623	13058	0.00101
Arenimonas	490567	G	2481	446	2927	0.00023
Pseudolysobacter	2709666	G	1775	42	1817	0.00014
Frateuria	70411	G	15022	3093	18115	0.00140
Rhodanobacter	75309	G	13886	2524	16410	0.00127
Dyella	231454	G	12115	1826	13941	0.00108
Luteibacter	242605	G	11802	1106	12908	0.00100
Dokdonella	323413	G	4751	716	5467	0.00042
Aerosticca	2707020	G	2145	2510	4655	0.00036
Ahniella	2233801	G	1050	24	1074	0.00008
Pseudomonas	286	G	226098	60580	286678	0.02211
Azotobacter	352	G	4336	718	5054	0.00039
Halopseudomonas	2901189	G	2379	393	2772	0.00021
Marinobacter	2742	G	4886	395	5281	0.00041
Klebsiella	570	G	5760	36673	42433	0.00327
Raoultella	160674	G	1627	962	2589	0.00020
Enterobacter	547	G	6579	27710	34289	0.00264
Citrobacter	544	G	2985	2894	5879	0.00045
Cronobacter	413496	G	1853	405	2258	0.00017
Kosakonia	1330547	G	1656	250	1906	0.00015
Leclercia	83654	G	1581	744	2325	0.00018
Salmonella	590	G	1364	29373	30737	0.00237
Pluralibacter	1330546	G	1157	258	1415	0.00011
Escherichia	561	G	1045	26179	27224	0.00210
Serratia	613	G	10017	2406	12423	0.00096
Pantoea	53335	G	5956	969	6925	0.00053
Erwinia	551	G	2374	357	2731	0.00021
Mixta	2100764	G	1326	328	1654	0.00013
Dickeya	204037	G	2712	4561	7273	0.00056
Pectobacterium	122277	G	1563	239	1802	0.00014
Edwardsiella	635	G	1612	540	2152	0.00017
Sodalis	84565	G	1195	72	1267	0.00010
Thioalkalivibrio	106633	G	6453	986	7439	0.00057
Spiribacter	1335745	G	4283	269	4552	0.00035
Acidihalobacter	1765964	G	2881	213	3094	0.00024
Halorhodospira	85108	G	1395	102	1497	0.00012
Aquisalimonas	406099	G	1244	76	1320	0.00010
Alkalilimnicola	133193	G	1175	132	1307	0.00010
Ectothiorhodospira	1051	G	1097	92	1189	0.00009
Allochromatium	85072	G	2344	567	2911	0.00022
Thiodictyon	53392	G	2339	120	2459	0.00019
Thioflavicoccus	156885	G	2081	182	2263	0.00017
Marichromatium	85076	G	2019	380	2399	0.00019
Thiocapsa	1056	G	1681	89	1770	0.00014
Thiocystis	13724	G	1216	104	1320	0.00010
Wenzhouxiangella	1676142	G	2223	96	2319	0.00018
Thiohalobacter	1273155	G	1536	160	1696	0.00013
Guyparkeria	2035712	G	1308	278	1586	0.00012
Sulfurivermis	2034504	G	1189	398	1587	0.00012
Halomonas	2745	G	24022	3123	27145	0.00209
Cobetia	204286	G	1548	926	2474	0.00019
Halotalea	376488	G	1407	242	1649	0.00013
Salinicola	404432	G	1291	129	1420	0.00011
Kushneria	504090	G	1010	44	1054	0.00008
Alcanivorax	59753	G	3164	1304	4468	0.00034
Marinobacterium	48075	G	1012	113	1125	0.00009
Aeromonas	642	G	13561	9268	22829	0.00176
Methylococcus	413	G	4527	302	4829	0.00037
Methylomonas	416	G	3019	94	3113	0.00024
Methylomagnum	1760987	G	1421	58	1479	0.00011
Methylomicrobium	39773	G	1294	279	1573	0.00012
Methylogaea	1295378	G	1175	84	1259	0.00010
Methylocaldum	73778	G	1061	55	1116	0.00009
Shewanella	22	G	4188	665	4853	0.00037
Pseudoalteromonas	53246	G	1191	143	1334	0.00010
Microbulbifer	48073	G	4071	258	4329	0.00033
Sulfurifustis	1692042	G	4424	243	4667	0.00036
Sulfuricaulis	1744881	G	1952	129	2081	0.00016
Acidiferrobacter	986106	G	1486	25	1511	0.00012
Solimonas	413435	G	3738	328	4066	0.00031
Flagellatimonas	2893022	G	1114	62	1176	0.00009
Steroidobacter	469322	G	2372	552	2924	0.00023
Vibrio	662	G	4125	1577	5702	0.00044
Acinetobacter	469	G	1894	806	2700	0.00021
Immundisolibacter	1934947	G	2233	364	2597	0.00020
Legionella	445	G	1243	120	1363	0.00011
Salinisphaera	180541	G	1477	53	1530	0.00012
Myxococcus	32	G	18335	28061	46396	0.00358
Corallococcus	83461	G	18193	1314	19507	0.00150
Pyxidicoccus	224458	G	9660	377	10037	0.00077
Anaeromyxobacter	161492	G	45978	3001	48979	0.00378
Archangium	47	G	21569	2342	23911	0.00184
Stigmatella	40	G	6302	454	6756	0.00052
Cystobacter	42	G	5911	1535	7446	0.00057
Melittangium	44	G	4310	1012	5322	0.00041
Vulgatibacter	1524214	G	5239	360	5599	0.00043
Sorangium	39643	G	68521	7517	76038	0.00586
Polyangium	55	G	16771	1456	18227	0.00141
Chondromyces	50	G	7968	334	8302	0.00064
Sandaracinus	1055688	G	24245	1160	25405	0.00196
Labilithrix	1524217	G	16675	663	17338	0.00134
Haliangium	162027	G	11875	567	12442	0.00096
Geomonas	2651583	G	8038	1194	9232	0.00071
Geobacter	28231	G	6839	704	7543	0.00058
Citrifermentans	2883512	G	2329	506	2835	0.00022
Geotalea	2910589	G	1033	64	1097	0.00008
Desulfuromonas	890	G	5377	656	6033	0.00047
Syntrophotalea	2812025	G	1164	133	1297	0.00010
Desulfovibrio	872	G	5248	742	5990	0.00046
Pseudodesulfovibrio	2035811	G	5099	1023	6122	0.00047
Solidesulfovibrio	2910984	G	3321	360	3681	0.00028
Oceanidesulfovibrio	2905722	G	1349	86	1435	0.00011
Desulfocurvibacter	2582840	G	1014	74	1088	0.00008
Desulfomicrobium	898	G	1066	118	1184	0.00009
Desulfosarcina	2299	G	2344	384	2728	0.00021
Desulfobulbus	893	G	1453	264	1717	0.00013
Persicimonas	2766927	G	4117	117	4234	0.00033
Bradymonas	1779136	G	1357	592	1949	0.00015
Desulfarculus	453229	G	1540	851	2391	0.00018
Acidithiobacillus	119977	G	1794	160	1954	0.00015
Bdellovibrio	958	G	1044	40	1084	0.00008
Gemmata	113	G	27345	2468	29813	0.00230
Urbifossiella	2807415	G	22821	1940	24761	0.00191
Frigoriglobus	2774146	G	15256	2468	17724	0.00137
Limnoglobus	2731450	G	11664	538	12202	0.00094
Tuwongella	2051044	G	1391	52	1443	0.00011
Telmatocola	1382832	G	1275	11	1286	0.00010
Aquisphaera	1511635	G	22508	3239	25747	0.00199
Tautonia	2680020	G	19255	1406	20661	0.00159
Paludisphaera	1763521	G	18365	3293	21658	0.00167
Singulisphaera	466152	G	14244	1708	15952	0.00123
Isosphaera	127	G	1896	114	2010	0.00016
Stieleria	2795973	G	3375	322	3697	0.00029
Lignipirellula	2795775	G	3332	357	3689	0.00028
Anatilimnocola	2807414	G	3235	324	3559	0.00027
Rosistilla	2795779	G	3021	200	3221	0.00025
Pirellula	123	G	2351	74	2425	0.00019
Bremerella	2714594	G	2015	135	2150	0.00017
Roseimaritima	1579506	G	1794	108	1902	0.00015
Lacipirellula	2691417	G	9120	624	9744	0.00075
Pirellulimonas	2795783	G	4313	466	4779	0.00037
Botrimarina	2795782	G	3585	328	3913	0.00030
Aeoliella	2795781	G	1369	115	1484	0.00011
Planctomyces	118	G	18716	4009	22725	0.00175
Gimesia	1649453	G	4781	234	5015	0.00039
Caulifigura	2795778	G	3732	218	3950	0.00030
Alienimonas	2714737	G	3311	219	3530	0.00027
Maioricimonas	2795777	G	3292	373	3665	0.00028
Symmachiella	2795780	G	1562	83	1645	0.00013
Humisphaera	2807511	G	7742	178	7920	0.00061
Phycisphaera	666508	G	2979	216	3195	0.00025
Mucisphaera	2913022	G	1337	61	1398	0.00011
Opitutus	178440	G	8921	769	9690	0.00075
Lacunisphaera	1961799	G	2819	399	3218	0.00025
Oleiharenicola	2100741	G	2274	122	2396	0.00018
Nibricoccus	2576890	G	1893	85	1978	0.00015
Ereboglobus	2028344	G	1338	73	1411	0.00011
Verrucomicrobium	2735	G	3567	329	3896	0.00030
Luteolibacter	518753	G	2725	118	2843	0.00022
Roseimicrobium	1348508	G	1675	63	1738	0.00013
Akkermansia	239934	G	1203	86	1289	0.00010
Methylacidimicrobium	1541670	G	1101	96	1197	0.00009
Hymenobacter	89966	G	17209	900	18109	0.00140
Pontibacter	323449	G	1669	219	1888	0.00015
Spirosoma	107	G	3352	174	3526	0.00027
Niastella	354354	G	15878	643	16521	0.00127
Chitinophaga	79328	G	2991	97	3088	0.00024
Alistipes	239759	G	4479	1478	5957	0.00046
Prevotella	838	G	1666	205	1871	0.00014
Bacteroides	816	G	1310	574	1884	0.00015
Flavobacterium	237	G	2315	607	2922	0.00023
Chryseobacterium	59732	G	1460	549	2009	0.00015
Rhodothermus	29548	G	3236	161	3397	0.00026
Rhodocaloribacter	2893090	G	2921	266	3187	0.00025
Salinibacter	146918	G	2068	31	2099	0.00016
Mucilaginibacter	423349	G	3736	260	3996	0.00031
Pedobacter	84567	G	1209	74	1283	0.00010
Chlorobaculum	256319	G	1738	171	1909	0.00015
Gemmatirosa	1706036	G	48707	4127	52834	0.00407
Gemmatimonas	173479	G	16925	428	17353	0.00134
Granulicella	940557	G	11106	1178	12284	0.00095
Candidatus Koribacter	658061	G	8369	293	8662	0.00067
Terriglobus	392733	G	8311	1059	9370	0.00072
Acidobacterium	33973	G	7520	643	8163	0.00063
Edaphobacter	388463	G	4609	613	5222	0.00040
Acidisarcina	2608728	G	2599	201	2800	0.00022
Paludibaculum	1649475	G	7651	205	7856	0.00061
Luteitalea	2004797	G	37090	2028	39118	0.00302
Chloracidobacterium	458032	G	3007	84	3091	0.00024
Sulfidibacter	2915177	G	1787	32	1819	0.00014
Nitrospira	1234	G	7553	99	7652	0.00059
Treponema	157	G	1016	304	1320	0.00010
Fusarium	5506	G	17798	1023	18821	0.00145
Trichoderma	5543	G	5588	197	5785	0.00045
Beauveria	5581	G	3267	102	3369	0.00026
Cordyceps	45234	G	1423	81	1504	0.00012
Metarhizium	5529	G	3026	334	3360	0.00026
Purpureocillium	1052105	G	2771	160	2931	0.00023
Drechmeria	98402	G	1141	44	1185	0.00009
Clonostachys	110564	G	3223	200	3423	0.00026
Colletotrichum	5455	G	1621	309	1930	0.00015
Thermothielavioides	2609811	G	2244	147	2391	0.00018
Thermothelomyces	1920207	G	1945	93	2038	0.00016
Pyricularia	48558	G	2061	20	2081	0.00016
Neopestalotiopsis	1562158	G	3646	59	3705	0.00029
Aspergillus	5052	G	6832	371	7203	0.00056
Penicillium	5073	G	2819	189	3008	0.00023
Talaromyces	5094	G	2961	175	3136	0.00024
Pseudozyma	63298	G	2251	75	2326	0.00018
Phytophthora	4783	G	6345	885	7230	0.00056
