name	taxonomy_id	taxonomy_lvl	kraken_assigned_reads	added_reads	new_est_reads	fraction_total_reads
Streptomyces sp. BH-MK-02	2880933	S	13925	4008	17933	0.00258
Streptomyces sp. CdTB01	1725411	S	10078	3945	14023	0.00202
Streptomyces sp. 3214.6	1882757	S	7481	3050	10531	0.00151
Streptomyces sp. SN-593	659352	S	6626	1904	8530	0.00123
Streptomyces sp. A2-16	2781734	S	5680	2501	8181	0.00118
Streptomyces sp. S4.7	2705439	S	5362	2474	7836	0.00113
Streptomyces sp. P3	2135430	S	5348	1848	7196	0.00103
Streptomyces sp. So13.3	2136173	S	5107	1201	6308	0.00091
Streptomyces sp. CB01881	2078691	S	4902	1074	5976	0.00086
Streptomyces sp. ZYC-3	2797636	S	4729	1295	6024	0.00087
Streptomyces sp. SCSIO 64649	2878388	S	4687	994	5681	0.00082
Streptomyces sp. ST1015	1848900	S	4017	1139	5156	0.00074
Streptomyces sp. GQFP	2907545	S	4002	936	4938	0.00071
Streptomyces sp. Z423-1	2730915	S	3733	1501	5234	0.00075
Streptomyces sp. NHF165	2175864	S	3661	781	4442	0.00064
Streptomyces sp. WAC 01438	2203204	S	3658	1682	5340	0.00077
Streptomyces sp. NEAU-sy36	2751189	S	3654	1844	5498	0.00079
Streptomyces sp. LRE541	2931983	S	3653	1164	4817	0.00069
Streptomyces sp. Go 40/10	2825844	S	3564	2228	5792	0.00083
Streptomyces sp. SAT1	1849967	S	3564	1757	5321	0.00077
Streptomyces sp. DSM 40868	2721173	S	3433	1721	5154	0.00074
Streptomyces sp. MA3_2.13	2867410	S	3364	514	3878	0.00056
Streptomyces sp. NA02950	2742137	S	3302	854	4156	0.00060
Streptomyces sp. SCUT-3	2684469	S	3284	1543	4827	0.00069
Streptomyces sp. SirexAA-E	862751	S	3281	1319	4600	0.00066
Streptomyces sp. RPA4-2	2721244	S	3278	1363	4641	0.00067
Streptomyces sp. SM18	1736046	S	3076	1148	4224	0.00061
Streptomyces sp. 3025	2923272	S	3011	666	3677	0.00053
Streptomyces sp. GMY02	1333528	S	2966	681	3647	0.00052
Streptomyces sp. JB150	2714844	S	2961	1324	4285	0.00062
Streptomyces sp. YIM 121038	2136401	S	2921	1192	4113	0.00059
Streptomyces sp. MBT27	1488356	S	2916	1134	4050	0.00058
Streptomyces sp. CMB-StM0423	2059884	S	2913	2152	5065	0.00073
Streptomyces sp. MG62	2838015	S	2858	1508	4366	0.00063
Streptomyces sp. 891-h	2720714	S	2778	642	3420	0.00049
Streptomyces sp. HM190	2695266	S	2749	1195	3944	0.00057
Streptomyces sp. NA04227	2742136	S	2748	809	3557	0.00051
Streptomyces sp. RTd22	1841249	S	2699	1760	4459	0.00064
Streptomyces sp. W1SF4	2305220	S	2657	1246	3903	0.00056
Streptomyces sp. MG28	2865673	S	2657	1396	4053	0.00058
Streptomyces sp. BJ20	2930049	S	2651	1461	4112	0.00059
Streptomyces sp. MST-110588	2833628	S	2647	830	3477	0.00050
Streptomyces sp. AMCC400023	2056258	S	2640	1606	4246	0.00061
Streptomyces sp. Go-475	2072505	S	2634	1710	4344	0.00062
Streptomyces sp. GS7	2692234	S	2571	915	3486	0.00050
Streptomyces sp. QHH-9511	2684468	S	2548	922	3470	0.00050
Streptomyces sp. SYP-A7193	2662065	S	2531	2232	4763	0.00068
Streptomyces sp. C8S0	2585716	S	2413	869	3282	0.00047
Streptomyces sp. jing01	2726118	S	2396	1872	4268	0.00061
Streptomyces sp. CB09001	2083284	S	2375	2246	4621	0.00066
Streptomyces sp. Rer75	2750011	S	2348	1685	4033	0.00058
Streptomyces sp. 135	2838850	S	2280	1038	3318	0.00048
Streptomyces sp. BHT-5-2	2866715	S	2279	953	3232	0.00046
Streptomyces sp. S1D4-11	2721246	S	2152	2438	4590	0.00066
Streptomyces sp. WY228	2855836	S	2142	1580	3722	0.00054
Streptomyces sp. WAC 01529	2203205	S	2119	1043	3162	0.00045
Streptomyces sp. HP-A2021	2927875	S	2011	1617	3628	0.00052
Streptomyces sp. Tu 2975	2676871	S	1984	847	2831	0.00041
Streptomyces sp. fd1-xmd	1812480	S	1960	1220	3180	0.00046
Streptomyces sp. HSG2	2797167	S	1908	542	2450	0.00035
Streptomyces sp. INR7	2607753	S	1864	1384	3248	0.00047
Streptomyces sp. SUK 48	2582831	S	1793	1602	3395	0.00049
Streptomyces sp. MOE7	1961713	S	1771	3039	4810	0.00069
Streptomyces sp. TN58	234612	S	1697	1114	2811	0.00040
Streptomyces sp. WAC 06738	2203210	S	1666	2745	4411	0.00063
Streptomyces sp. AgN23	1188315	S	1522	1969	3491	0.00050
Streptomyces sp. CCM_MD2014	1561022	S	1505	2082	3587	0.00052
Streptomyces sp. HF10	2692233	S	1471	1485	2956	0.00042
Streptomyces sp. CNQ-509	444103	S	1414	2276	3690	0.00053
Streptomyces sp. M2	646637	S	1386	14195	15581	0.00224
Streptomyces sp. YPW6	2840373	S	1307	927	2234	0.00032
Streptomyces sp. ADI95-16	1522758	S	1283	1822	3105	0.00045
Streptomyces sp. PAMC 26508	1265601	S	1259	8568	9827	0.00141
Streptomyces sp. CRSS-Y-16	2906474	S	1232	13349	14581	0.00210
Streptomyces sp. Mg1	465541	S	1214	1836	3050	0.00044
Streptomyces sp. S501	2420135	S	1146	8436	9582	0.00138
Streptomyces sp. XC 2026	2782004	S	1096	1339	2435	0.00035
Streptomyces sp. 769	1262452	S	1076	1169	2245	0.00032
Streptomyces sp. EAS-AB2608	2779671	S	1056	2853	3909	0.00056
Streptomyces sp. 2323.1	1938841	S	1055	902	1957	0.00028
Streptomyces rapamycinicus	1226757	S	8383	2429	10812	0.00155
Streptomyces hygroscopicus	1912	S	5604	10972	16576	0.00238
Streptomyces violaceusniger	68280	S	1626	1416	3042	0.00044
Streptomyces yatensis	155177	S	1480	1430	2910	0.00042
Streptomyces venezuelae	54571	S	15693	7712	23405	0.00336
Streptomyces cadmiisoli	2184053	S	3414	1036	4450	0.00064
Streptomyces aurantiacus	47760	S	3191	950	4141	0.00060
Streptomyces qaidamensis	1783515	S	2123	1151	3274	0.00047
Streptomyces alboniger	132473	S	1761	833	2594	0.00037
Streptomyces koyangensis	188770	S	1230	1650	2880	0.00041
Streptomyces durmitorensis	319947	S	11117	2922	14039	0.00202
Streptomyces collinus	42684	S	9739	7224	16963	0.00244
Streptomyces niveus	193462	S	9565	5108	14673	0.00211
Streptomyces lydicus	47763	S	8883	8073	16956	0.00244
Streptomyces pratensis	1169025	S	7199	2129	9328	0.00134
Streptomyces chartreusis	1969	S	6793	3692	10485	0.00151
Streptomyces asoensis	249586	S	6526	2401	8927	0.00128
Streptomyces griseus	1911	S	2484	2676	5160	0.00074
Streptomyces anulatus	1892	S	1875	2660	4535	0.00065
Streptomyces microflavus	1919	S	1030	6285	7315	0.00105
Streptomyces griseorubiginosus	67304	S	6133	2531	8664	0.00125
Streptomyces griseochromogenes	68214	S	5806	1996	7802	0.00112
Streptomyces albus	1888	S	5484	3550	9034	0.00130
Streptomyces aquilus	2548456	S	5114	1886	7000	0.00101
Streptomyces formicae	1616117	S	4907	1937	6844	0.00098
Streptomyces seoulensis	73044	S	4899	2216	7115	0.00102
Streptomyces bathyalis	2710756	S	4602	856	5458	0.00078
Streptomyces bingchenggensis	379067	S	4496	974	5470	0.00079
Streptomyces buecherae	2763006	S	4381	1256	5637	0.00081
Streptomyces spectabilis	68270	S	4261	1735	5996	0.00086
Streptomyces lincolnensis	1915	S	4249	1529	5778	0.00083
Streptomyces tsukubensis	83656	S	4142	1289	5431	0.00078
Streptomyces armeniacus	83291	S	4059	621	4680	0.00067
Streptomyces cattleya	29303	S	3853	1238	5091	0.00073
Streptomyces griseoviridis	45398	S	3743	1461	5204	0.00075
Streptomyces avermitilis	33903	S	3717	1307	5024	0.00072
Streptomyces xanthii	2768069	S	3692	1309	5001	0.00072
Streptomyces antibioticus	1890	S	3647	1586	5233	0.00075
Streptomyces cyaneochromogenes	2496836	S	3622	1331	4953	0.00071
Streptomyces davaonensis	348043	S	3597	1249	4846	0.00070
Streptomyces broussonetiae	2686304	S	3595	1341	4936	0.00071
Streptomyces ferrugineus	1413221	S	3546	1408	4954	0.00071
Streptomyces roseirectus	2768066	S	3537	1042	4579	0.00066
Streptomyces capitiformicae	2014920	S	3460	663	4123	0.00059
Streptomyces incarnatus	665007	S	3446	1237	4683	0.00067
Streptomyces actuosus	1885	S	3405	1749	5154	0.00074
Streptomyces fodineus	1904616	S	3328	1479	4807	0.00069
Streptomyces rimosus	1927	S	3225	5599	8824	0.00127
Streptomyces galilaeus	33899	S	3176	1314	4490	0.00065
Streptomyces roseochromogenus	285450	S	3127	1233	4360	0.00063
Streptomyces dengpaensis	2049881	S	3050	1042	4092	0.00059
Streptomyces nodosus	40318	S	3037	933	3970	0.00057
Streptomyces dangxiongensis	1442032	S	2982	1263	4245	0.00061
Streptomyces nigra	1827580	S	2981	1416	4397	0.00063
Streptomyces liangshanensis	2717324	S	2958	874	3832	0.00055
Streptomyces paludis	2282738	S	2951	752	3703	0.00053
Streptomyces calvus	67282	S	2951	1382	4333	0.00062
Streptomyces harbinensis	1176198	S	2932	882	3814	0.00055
Streptomyces genisteinicus	2768068	S	2912	1055	3967	0.00057
Streptomyces atratus	1893	S	2910	694	3604	0.00052
Streptomyces alboflavus	67267	S	2906	979	3885	0.00056
Streptomyces xinghaiensis	1038928	S	2884	986	3870	0.00056
Streptomyces albulus	68570	S	2883	1045	3928	0.00056
Streptomyces aureoverticillatus	66871	S	2883	946	3829	0.00055
Streptomyces phaeolivaceus	2653200	S	2868	1017	3885	0.00056
Streptomyces vietnamensis	362257	S	2813	1140	3953	0.00057
Streptomyces cyanogenus	80860	S	2749	1538	4287	0.00062
Streptomyces lunaelactis	1535768	S	2708	661	3369	0.00048
Streptomyces ambofaciens	1889	S	2697	1915	4612	0.00066
Streptomyces olivoreticuli	68246	S	2674	873	3547	0.00051
Streptomyces parvulus	146923	S	2669	1460	4129	0.00059
Streptomyces globosus	68209	S	2642	1124	3766	0.00054
Streptomyces clavuligerus	1901	S	2587	740	3327	0.00048
Streptomyces griseocarneus	51201	S	2580	1043	3623	0.00052
Streptomyces rectiverticillatus	173860	S	2577	954	3531	0.00051
Streptomyces viridosporus	67581	S	2522	1219	3741	0.00054
Streptomyces luteoverticillatus	66425	S	2521	967	3488	0.00050
Streptomyces pluripotens	1355015	S	2476	691	3167	0.00046
Streptomyces glaucescens	1907	S	2475	1295	3770	0.00054
Streptomyces chromofuscus	42881	S	2438	1149	3587	0.00052
Streptomyces hundungensis	1077946	S	2432	918	3350	0.00048
Streptomyces subrutilus	36818	S	2420	1074	3494	0.00050
Streptomyces prasinus	67345	S	2417	934	3351	0.00048
Streptomyces ficellus	1977088	S	2417	1011	3428	0.00049
Streptomyces lavendulae	1914	S	2402	1001	3403	0.00049
Streptomyces kanamyceticus	1967	S	2393	1049	3442	0.00049
Streptomyces pactum	68249	S	2375	1197	3572	0.00051
Streptomyces vinaceus	1960	S	2367	1026	3393	0.00049
Streptomyces nitrosporeus	28894	S	2355	784	3139	0.00045
Streptomyces katrae	68223	S	2348	1046	3394	0.00049
Streptomyces exfoliatus	1905	S	2339	956	3295	0.00047
Streptomyces tendae	1932	S	2317	1174	3491	0.00050
Streptomyces peucetius	1950	S	2303	742	3045	0.00044
Streptomyces finlayi	67296	S	2296	622	2918	0.00042
Streptomyces fagopyri	2662397	S	2254	985	3239	0.00047
Streptomyces gilvosporeus	553510	S	2235	860	3095	0.00045
Streptomyces inhibens	2293571	S	2173	807	2980	0.00043
Streptomyces pristinaespiralis	38300	S	2131	992	3123	0.00045
Streptomyces deccanensis	424188	S	2122	1167	3289	0.00047
Streptomyces coeruleorubidus	116188	S	2077	1302	3379	0.00049
Streptomyces tirandamycinicus	2174846	S	2003	797	2800	0.00040
Streptomyces hawaiiensis	67305	S	1998	1132	3130	0.00045
Streptomyces angustmyceticus	285578	S	1929	960	2889	0.00042
Streptomyces mobaraensis	35621	S	1887	106734	108621	0.01562
Streptomyces gardneri	66892	S	1876	973	2849	0.00041
Streptomyces tuirus	68278	S	1874	1207	3081	0.00044
Streptomyces huasconensis	1854574	S	1854	914	2768	0.00040
Streptomyces nojiriensis	66374	S	1788	979	2767	0.00040
Streptomyces rutgersensis	53451	S	1771	1067	2838	0.00041
Streptomyces qinzhouensis	2599401	S	1769	517	2286	0.00033
Streptomyces spongiicola	1690221	S	1741	911	2652	0.00038
Streptomyces gobiensis	2875706	S	1558	338	1896	0.00027
Streptomyces leeuwenhoekii	1437453	S	1343	1229	2572	0.00037
Streptomyces antimycoticus	68175	S	1296	1885	3181	0.00046
Streptomyces cyaneogriseus	68192	S	1197	1217	2414	0.00035
Streptomyces xiamenensis	408015	S	1141	1328	2469	0.00036
Kitasatospora sp. MMS16-BH015	2018025	S	4047	1496	5543	0.00080
Kitasatospora sp. NA04385	2742135	S	3439	2022	5461	0.00079
Kitasatospora setae	2066	S	3363	1898	5261	0.00076
Kitasatospora aureofaciens	1894	S	2827	1288	4115	0.00059
Kitasatospora albolonga	68173	S	1015	887	1902	0.00027
Yinghuangia sp. ASG 101	2896848	S	12947	2283	15230	0.00219
Streptacidiphilus sp. P02-A3a	2704468	S	3612	1200	4812	0.00069
Streptacidiphilus sp. PB12-B1b	2705012	S	3083	1322	4405	0.00063
Streptacidiphilus bronchialis	2126346	S	2702	964	3666	0.00053
Microbacterium sp. No. 7	1714373	S	2308	1198	3506	0.00050
Microbacterium sp. 4R-513	2567934	S	1938	488	2426	0.00035
Microbacterium sp. SSW1-36	2851648	S	1918	838	2756	0.00040
Microbacterium sp. 10M-3C3	2483401	S	1711	1513	3224	0.00046
Microbacterium sp. JZ31	1906274	S	1663	592	2255	0.00032
Microbacterium sp. SSW1-51	2851650	S	1414	813	2227	0.00032
Microbacterium sp. YJN-G	2763257	S	1344	743	2087	0.00030
Microbacterium sp. BH-3-3-3	1906742	S	1334	430	1764	0.00025
Microbacterium sp. XT11	367477	S	1194	402	1596	0.00023
Microbacterium sp. H1-D42	2925844	S	1151	308	1459	0.00021
Microbacterium sp. ABRD_28	2268461	S	1149	209	1358	0.00020
Microbacterium sp. cx-55	2875948	S	1114	214	1328	0.00019
Microbacterium sp. A18JL241	2782166	S	1108	449	1557	0.00022
Microbacterium sp. Y-01	2048898	S	1097	1037	2134	0.00031
Microbacterium sp. LKL04	912630	S	1067	340	1407	0.00020
Microbacterium sp. NIBRBAC000506063	2734618	S	1026	494	1520	0.00022
Microbacterium sp. PM5	2014534	S	1005	254	1259	0.00018
Microbacterium foliorum	104336	S	3180	779	3959	0.00057
Microbacterium oleivorans	273677	S	2171	459	2630	0.00038
Microbacterium hominis	162426	S	2166	8656	10822	0.00156
Microbacterium cremeum	2782169	S	2020	458	2478	0.00036
Microbacterium atlanticum	2782168	S	1824	432	2256	0.00032
Microbacterium resistens	156977	S	1569	309	1878	0.00027
Microbacterium lemovicicum	1072463	S	1549	376	1925	0.00028
Microbacterium sediminis	904291	S	1468	701	2169	0.00031
Microbacterium testaceum	2033	S	1418	279	1697	0.00024
Microbacterium oryzae	743009	S	1399	442	1841	0.00026
Microbacterium pygmaeum	370764	S	1374	182	1556	0.00022
Microbacterium aurum	36805	S	1229	411	1640	0.00024
Microbacterium wangchenii	2541726	S	1182	307	1489	0.00021
Microbacterium caowuchunii	2614638	S	1175	237	1412	0.00020
Microbacterium hydrocarbonoxydans	273678	S	1157	244	1401	0.00020
Microbacterium protaetiae	2509458	S	1147	263	1410	0.00020
Microbacterium oxydans	82380	S	1129	1174	2303	0.00033
Microbacterium esteraromaticum	57043	S	1103	276	1379	0.00020
Microbacterium lushaniae	2614639	S	1097	293	1390	0.00020
Microbacterium luteum	2782167	S	1090	468	1558	0.00022
Microbacterium chocolatum	84292	S	1055	250	1305	0.00019
Agromyces sp. H17E-10	2932244	S	2268	774	3042	0.00044
Agromyces sp. LHK192	2498704	S	2072	628	2700	0.00039
Agromyces sp. CFWR-12	2929802	S	1632	933	2565	0.00037
Agromyces flavus	589382	S	2180	721	2901	0.00042
Agromyces soli	659012	S	2103	807	2910	0.00042
Agromyces aureus	453304	S	1990	598	2588	0.00037
Agromyces protaetiae	2509455	S	1705	521	2226	0.00032
Agromyces marinus	1389020	S	1573	605	2178	0.00031
Agromyces archimandritae	2781962	S	1549	478	2027	0.00029
Agromyces intestinalis	2592652	S	1522	827	2349	0.00034
Agromyces laixinhei	2585717	S	1297	314	1611	0.00023
Agromyces badenianii	2080742	S	1262	437	1699	0.00024
Curtobacterium sp. BH-2-1-1	1905847	S	1529	1522	3051	0.00044
Curtobacterium sp. L6-1	2841594	S	1200	832	2032	0.00029
Curtobacterium sp. MR_MD2014	1561023	S	1012	2279	3291	0.00047
Curtobacterium flaccumfaciens	2035	S	2124	1286	3410	0.00049
Curtobacterium luteum	33881	S	1268	557	1825	0.00026
Rathayibacter sp. VKM Ac-2759	2609252	S	1716	846	2562	0.00037
Rathayibacter sp. VKM Ac-2760	2609253	S	1556	1416	2972	0.00043
Rathayibacter sp. VKM Ac-2804	2609257	S	1136	1438	2574	0.00037
Rathayibacter festucae	110937	S	1686	2055	3741	0.00054
Rathayibacter tanaceti	1671680	S	1008	288	1296	0.00019
Leifsonia sp. 21MFCrub1.1	1798223	S	1894	2292	4186	0.00060
Leifsonia sp. ZF2019	2781978	S	1866	543	2409	0.00035
Leifsonia sp. PS1209	2724914	S	1795	526	2321	0.00033
Leifsonia shinshuensis	150026	S	2851	866	3717	0.00053
Leifsonia xyli	1575	S	1274	197	1471	0.00021
Clavibacter michiganensis	28447	S	7558	8149	15707	0.00226
Clavibacter zhangzhiyongii	2768071	S	1028	562	1590	0.00023
Leucobacter sp. H25R-14	2932245	S	1193	1253	2446	0.00035
Leucobacter sp. NB 10	2873270	S	1113	688	1801	0.00026
Leucobacter muris	1935379	S	1313	509	1822	0.00026
Leucobacter triazinivorans	1784719	S	1134	835	1969	0.00028
Agrococcus sp. SGAir0287	2070347	S	1903	603	2506	0.00036
Agrococcus sp. SCSIO52902	2933290	S	1710	894	2604	0.00037
Agrococcus sp. Marseille-Q4369	2810513	S	1651	615	2266	0.00033
Agrococcus jejuensis	399736	S	2204	730	2934	0.00042
Agrococcus carbonis	684552	S	1792	862	2654	0.00038
Protaetiibacter intestinalis	2419774	S	1760	692	2452	0.00035
Protaetiibacter sp. SSC-01	2759943	S	1716	697	2413	0.00035
Protaetiibacter larvae	2592654	S	1271	443	1714	0.00025
Salinibacterium sp. ZJ450	2708338	S	1197	255	1452	0.00021
Frondihabitans sp. PAMC 28766	1795630	S	1735	263	1998	0.00029
Frondihabitans sp. 762G35	1446794	S	1354	321	1675	0.00024
Microterricola viridarii	412690	S	2788	777	3565	0.00051
Microcella flavibacter	1804990	S	1520	793	2313	0.00033
Cnuibacter physcomitrellae	1619308	S	1959	473	2432	0.00035
Gryllotalpicola protaetiae	2419771	S	1889	412	2301	0.00033
Herbiconiux sp. SALV-R1	2735133	S	1879	422	2301	0.00033
Frigoribacterium sp. NBH87	2596916	S	1851	609	2460	0.00035
Humibacter sp. WJ7-1	2599293	S	1547	373	1920	0.00028
Amnibacterium sp. L3-i23	2905871	S	1373	367	1740	0.00025
Gulosibacter sediminis	1729695	S	1154	355	1509	0.00022
Marisediminicola antarctica	674079	S	1127	159	1286	0.00018
Arthrobacter sp. NicSoilC5	2831000	S	11349	7788	19137	0.00275
Arthrobacter sp. FW305-BF8	2879617	S	5524	2141	7665	0.00110
Arthrobacter sp. QXT-31	1357915	S	5014	1995	7009	0.00101
Arthrobacter sp. NtRootA1	2830983	S	2960	1439	4399	0.00063
Arthrobacter sp. KBS0702	2578107	S	1987	1183	3170	0.00046
Arthrobacter sp. UKPF54-2	2600159	S	1928	1225	3153	0.00045
Arthrobacter sp. PM3	2017685	S	1861	425	2286	0.00033
Arthrobacter sp. NicSoilB8	2830998	S	1759	657	2416	0.00035
Arthrobacter sp. PAMC25564	2565366	S	1519	575	2094	0.00030
Arthrobacter sp. 24S4-2	2575374	S	1458	461	1919	0.00028
Arthrobacter sp. U41	1849032	S	1429	569	1998	0.00029
Arthrobacter sp. FW306-06-A	2879621	S	1421	11172	12593	0.00181
Arthrobacter sp. PGP41	2079227	S	1406	599	2005	0.00029
Arthrobacter sp. FB24	290399	S	1326	560	1886	0.00027
Arthrobacter sp. NicSoilB4	2830997	S	1315	596	1911	0.00027
Arthrobacter sp. QL17	2895818	S	1305	467	1772	0.00025
Arthrobacter sp. FW306-2-2C-D06B	2879618	S	1188	309	1497	0.00022
Arthrobacter sp. ERGS1:01	1704044	S	1041	320	1361	0.00020
Arthrobacter sp. PAMC25284	2861279	S	1028	360	1388	0.00020
Arthrobacter agilis	37921	S	2005	446	2451	0.00035
Arthrobacter crystallopoietes	37928	S	1413	356	1769	0.00025
Arthrobacter woluwensis	156980	S	1012	301	1313	0.00019
Pseudarthrobacter sp. L1SW	2851598	S	1053	3414	4467	0.00064
Pseudarthrobacter chlorophenolicus	85085	S	1077	794	1871	0.00027
Pseudarthrobacter equi	728066	S	1017	819	1836	0.00026
Pseudarthrobacter phenanthrenivorans	361575	S	1003	660	1663	0.00024
Kocuria rosea	1275	S	1837	1052	2889	0.00042
Kocuria flava	446860	S	1672	1161	2833	0.00041
Kocuria turfanensis	388357	S	1554	1065	2619	0.00038
Sinomonas atrocyanea	37927	S	4061	1346	5407	0.00078
Sinomonas sp. R1AF57	2020377	S	1980	453	2433	0.00035
Micrococcus luteus	1270	S	2273	3964	6237	0.00090
Rothia kristinae	37923	S	1004	606	1610	0.00023
Citricoccus sp. SGAir0253	2567881	S	1544	449	1993	0.00029
Janibacter melonis	262209	S	3630	1375	5005	0.00072
Janibacter limosus	53458	S	2350	716	3066	0.00044
Janibacter indicus	857417	S	1153	2789	3942	0.00057
Intrasporangium calvum	53358	S	9584	2608	12192	0.00175
Phycicoccus sp. HDW14	2714941	S	5134	1898	7032	0.00101
Phycicoccus endophyticus	1690220	S	3640	1203	4843	0.00070
Pedococcus dokdonensis	443156	S	7410	2459	9869	0.00142
Tetrasphaera sp. HKS02	1813880	S	6217	1835	8052	0.00116
Arsenicicoccus sp. oral taxon 190	1658671	S	3062	1276	4338	0.00062
Cellulomonas sp. H30R-01	2704467	S	3026	1281	4307	0.00062
Cellulomonas sp. Y8	2591145	S	2942	1382	4324	0.00062
Cellulomonas sp. JZ18	2654191	S	2360	1094	3454	0.00050
Cellulomonas sp. C5510	2871170	S	2350	1021	3371	0.00048
Cellulomonas sp. zg-ZUI188	2819978	S	2289	692	2981	0.00043
Cellulomonas sp. zg-ZUI222	2816956	S	2111	862	2973	0.00043
Cellulomonas sp. zg-ZUI157	2819979	S	2093	777	2870	0.00041
Cellulomonas sp. EW123	2608402	S	1905	1179	3084	0.00044
Cellulomonas sp. PSBB021	2003551	S	1832	1519	3351	0.00048
Cellulomonas fimi	1708	S	2702	2483	5185	0.00075
Cellulomonas iranensis	76862	S	2370	1196	3566	0.00051
Cellulomonas shaoxiangyii	2566013	S	2342	1051	3393	0.00049
Cellulomonas flavigena	1711	S	1979	802	2781	0.00040
Cellulomonas gilvus	11	S	1906	897	2803	0.00040
Cellulomonas taurus	2729175	S	1493	528	2021	0.00029
Actinotalea sp. JY-7876	2758442	S	2343	906	3249	0.00047
Oerskovia sp. KBS0722	1179673	S	2017	703	2720	0.00039
Pseudactinotalea sp. HY158	2654547	S	1694	271	1965	0.00028
Paraoerskovia marina	545619	S	1368	390	1758	0.00025
Cellulosimicrobium cellulans	1710	S	4842	6605	11447	0.00165
Cellulosimicrobium sp. BI34T	2587808	S	1953	1228	3181	0.00046
Xylanimonas protaetiae	2509457	S	2248	1083	3331	0.00048
Xylanimonas allomyrinae	2509459	S	1908	663	2571	0.00037
Xylanimonas cellulosilytica	186189	S	1906	748	2654	0.00038
Isoptericola variabilis	139208	S	2556	1455	4011	0.00058
Isoptericola dokdonensis	372663	S	2405	1022	3427	0.00049
Ornithinimicrobium avium	2283195	S	2748	780	3528	0.00051
Ornithinimicrobium sp. HY006	2508882	S	1989	708	2697	0.00039
Ornithinimicrobium flavum	1288636	S	2080	709	2789	0.00040
Ornithinimicrobium ciconiae	2594265	S	1632	279	1911	0.00027
Ornithinimicrobium pratense	2593973	S	1329	405	1734	0.00025
Serinicoccus chungangensis	767452	S	1921	691	2612	0.00038
Serinicoccus hydrothermalis	1758689	S	1821	868	2689	0.00039
Serinicoccus profundi	1078471	S	1699	644	2343	0.00034
Serinicoccus marinus	247333	S	1393	695	2088	0.00030
Brachybacterium sp. CBA3105	2887346	S	1743	427	2170	0.00031
Brachybacterium sp. SGAir0954	2571029	S	1600	472	2072	0.00030
Brachybacterium sp. P6-10-X1	1903186	S	1496	281	1777	0.00026
Brachybacterium ginsengisoli	1331682	S	1904	601	2505	0.00036
Brachybacterium saurashtrense	556288	S	1373	420	1793	0.00026
Brachybacterium faecium	43669	S	1280	418	1698	0.00024
Brachybacterium vulturis	2017484	S	1045	410	1455	0.00021
Brevibacterium sp. CS2	2575923	S	1489	678	2167	0.00031
Brevibacterium casei	33889	S	1672	3173	4845	0.00070
Dermacoccus nishinomiyaensis	1274	S	1935	897	2832	0.00041
Dermacoccus sp. PAMC28757	2762331	S	1372	545	1917	0.00028
Luteipulveratus mongoliensis	571913	S	2745	423	3168	0.00046
Allobranchiibius sp. GilTou73	2904523	S	2297	554	2851	0.00041
Yimella sp. cx-51	2770551	S	1252	281	1533	0.00022
Georgenia yuyongxinii	2589797	S	2383	642	3025	0.00043
Georgenia sp. TF02-10	2917725	S	2329	909	3238	0.00047
Georgenia wutianyii	2585135	S	2137	806	2943	0.00042
Georgenia faecalis	2483799	S	2045	605	2650	0.00038
Haloactinobacterium kanbiaonis	2675754	S	2626	416	3042	0.00044
Ruania sp. LR1S40	2897774	S	1301	301	1602	0.00023
Ruania zhangjianzhongii	2603206	S	1428	157	1585	0.00023
Ruania alkalisoli	2779775	S	1054	206	1260	0.00018
Pengzhenrongella sicca	2819238	S	2797	858	3655	0.00053
Luteimicrobium xylanilyticum	1133546	S	2673	888	3561	0.00051
Beutenbergia cavernae	84757	S	2902	518	3420	0.00049
Miniimonas sp. S16	2171623	S	2078	1142	3220	0.00046
Sanguibacter keddieii	60920	S	1980	647	2627	0.00038
Sanguibacter sp. HDW7	2714931	S	1710	585	2295	0.00033
Kytococcus sedentarius	1276	S	1530	593	2123	0.00031
Mycobacterium sp. JS623	212767	S	6675	977	7652	0.00110
Mycobacterium sp. DL440	2675523	S	1814	674	2488	0.00036
Mycobacterium sp. EPa45	1545728	S	1763	691	2454	0.00035
Mycobacterium sp. IDR2000157661	2867005	S	1695	582	2277	0.00033
Mycobacterium sp. YC-RL4	1682113	S	1492	799	2291	0.00033
Mycobacterium sp. TY59	2775496	S	1459	675	2134	0.00031
Mycobacterium sp. MS1601	1936029	S	1378	290	1668	0.00024
Mycobacterium sp. DL592	2675524	S	1377	419	1796	0.00026
Mycobacterium saskatchewanense	220927	S	1749	385	2134	0.00031
Mycobacterium parmense	185642	S	1665	408	2073	0.00030
Mycobacterium kubicae	120959	S	1499	352	1851	0.00027
Mycobacterium shigaense	722731	S	1367	225	1592	0.00023
Mycobacterium heidelbergense	53376	S	1321	400	1721	0.00025
Mycobacterium florentinum	292462	S	1298	318	1616	0.00023
Mycobacterium simiae	1784	S	1283	126	1409	0.00020
Mycobacterium lentiflavum	141349	S	1201	327	1528	0.00022
Mycobacterium stomatepiae	470076	S	1120	247	1367	0.00020
Mycobacterium avium	1764	S	2974	2862	5836	0.00084
Mycobacterium marseillense	701042	S	2186	707	2893	0.00042
Mycobacterium mantenii	560555	S	1751	276	2027	0.00029
Mycobacterium colombiense	339268	S	1721	381	2102	0.00030
Mycobacterium intracellulare	1767	S	1610	15278	16888	0.00243
Mycobacterium conspicuum	44010	S	3037	472	3509	0.00050
Mycobacterium grossiae	1552759	S	2341	848	3189	0.00046
Mycobacterium rufum	318424	S	2170	816	2986	0.00043
Mycobacterium dioxanotrophicus	482462	S	2049	650	2699	0.00039
Mycobacterium frederiksbergense	117567	S	1960	809	2769	0.00040
Mycobacterium holsaticum	152142	S	1715	333	2048	0.00029
Mycobacterium paragordonae	1389713	S	1645	264	1909	0.00027
Mycobacterium branderi	43348	S	1588	242	1830	0.00026
Mycobacterium goodii	134601	S	1587	799	2386	0.00034
Mycobacterium diernhoferi	1801	S	1541	367	1908	0.00027
Mycobacterium cookii	1775	S	1461	171	1632	0.00023
Mycobacterium paraterrae	577492	S	1435	199	1634	0.00023
Mycobacterium gordonae	1778	S	1350	147	1497	0.00022
Mycobacterium riyadhense	486698	S	1288	66	1354	0.00019
Mycobacterium lacus	169765	S	1183	106	1289	0.00019
Mycobacterium paraseoulense	590652	S	1152	331	1483	0.00021
Mycobacterium kansasii	1768	S	1135	159	1294	0.00019
Mycobacterium malmoense	1780	S	1133	231	1364	0.00020
Mycobacterium koreense	1069220	S	1092	403	1495	0.00021
Mycobacterium noviomagense	459858	S	1091	103	1194	0.00017
Mycobacterium vicinigordonae	1719132	S	1081	69	1150	0.00017
Mycobacterium heckeshornense	110505	S	1058	107	1165	0.00017
Mycobacterium shinjukuense	398694	S	1014	126	1140	0.00016
Mycolicibacterium litorale	758802	S	3540	1192	4732	0.00068
Mycolicibacterium sp. YH-1	2908837	S	2127	1209	3336	0.00048
Mycolicibacterium smegmatis	1772	S	2711	2395	5106	0.00073
Mycolicibacterium mageritense	53462	S	2410	513	2923	0.00042
Mycolicibacterium madagascariense	212765	S	2391	408	2799	0.00040
Mycolicibacterium sediminis	1286180	S	2284	475	2759	0.00040
Mycolicibacterium arabiense	1286181	S	2247	391	2638	0.00038
Mycolicibacterium rutilum	370526	S	2215	813	3028	0.00044
Mycolicibacterium fortuitum	1766	S	2154	1044	3198	0.00046
Mycolicibacterium neoaurum	1795	S	2152	511	2663	0.00038
Mycolicibacterium chubuense	1800	S	2121	598	2719	0.00039
Mycolicibacterium rhodesiae	36814	S	2057	420	2477	0.00036
Mycolicibacterium parafortuitum	39692	S	2017	462	2479	0.00036
Mycolicibacterium psychrotolerans	216929	S	2006	547	2553	0.00037
Mycolicibacterium hassiacum	46351	S	1988	636	2624	0.00038
Mycolicibacterium vaccae	1810	S	1973	458	2431	0.00035
Mycolicibacterium phlei	1771	S	1959	782	2741	0.00039
Mycolicibacterium moriokaense	39691	S	1896	274	2170	0.00031
Mycolicibacterium gadium	1794	S	1872	317	2189	0.00031
Mycolicibacterium fluoranthenivorans	258505	S	1809	273	2082	0.00030
Mycolicibacterium chitae	1792	S	1790	498	2288	0.00033
Mycolicibacterium phocaicum	319706	S	1785	1182	2967	0.00043
Mycolicibacterium poriferae	39694	S	1745	454	2199	0.00032
Mycolicibacterium pulveris	36813	S	1723	344	2067	0.00030
Mycolicibacterium tokaiense	39695	S	1712	322	2034	0.00029
Mycolicibacterium duvalii	39688	S	1698	388	2086	0.00030
Mycolicibacterium monacense	85693	S	1665	685	2350	0.00034
Mycolicibacterium aurum	1791	S	1645	249	1894	0.00027
Mycolicibacterium baixiangningiae	2761578	S	1640	310	1950	0.00028
Mycolicibacterium thermoresistibile	1797	S	1618	416	2034	0.00029
Mycolicibacterium gilvum	1804	S	1608	784	2392	0.00034
Mycolicibacterium boenickei	146017	S	1537	2703	4240	0.00061
Mycolicibacterium aichiense	1799	S	1535	327	1862	0.00027
Mycolicibacterium celeriflavum	1249101	S	1529	378	1907	0.00027
Mycolicibacterium confluentis	28047	S	1522	266	1788	0.00026
Mycolicibacterium fallax	1793	S	1510	718	2228	0.00032
Mycolicibacterium helvum	1534349	S	1501	215	1716	0.00025
Mycolicibacterium insubricum	444597	S	1376	475	1851	0.00027
Mycolicibacterium anyangense	1431246	S	1363	263	1626	0.00023
Mycolicibacterium mengxianglii	2736649	S	1344	167	1511	0.00022
Mycolicibacterium austroafricanum	39687	S	1234	6315	7549	0.00109
Mycolicibacterium mucogenicum	56689	S	1181	589	1770	0.00025
Mycolicibacterium alvei	67081	S	1156	420	1576	0.00023
Mycolicibacterium septicum	98668	S	1154	1026	2180	0.00031
Mycolicibacterium sarraceniae	1534348	S	1075	167	1242	0.00018
Mycobacterium doricum	126673	S	1034	286	1320	0.00019
Mycobacteroides abscessus	36809	S	1511	1467	2978	0.00043
Mycobacteroides chelonae	1774	S	1006	937	1943	0.00028
Mycolicibacillus parakoreensis	1069221	S	1348	515	1863	0.00027
Nocardia asteroides	1824	S	9809	3610	13419	0.00193
Nocardia brasiliensis	37326	S	5871	1753	7624	0.00110
Nocardia terpenica	455432	S	4231	824	5055	0.00073
Nocardia cyriacigeorgica	135487	S	3929	1828	5757	0.00083
Nocardia nova	37330	S	3597	558	4155	0.00060
Nocardia farcinica	37329	S	3185	2130	5315	0.00076
Nocardia wallacei	480035	S	2704	832	3536	0.00051
Nocardia arthritidis	228602	S	2493	342	2835	0.00041
Nocardia yamanashiensis	209247	S	2229	486	2715	0.00039
Nocardia huaxiensis	2755382	S	2148	463	2611	0.00038
Nocardia seriolae	37332	S	2120	618	2738	0.00039
Nocardia tengchongensis	2055889	S	2068	562	2630	0.00038
Nocardia sp. CS682	1047172	S	1995	514	2509	0.00036
Nocardia otitidiscaviarum	1823	S	1984	429	2413	0.00035
Nocardia gipuzkoensis	2749991	S	1978	778	2756	0.00040
Nocardia yunnanensis	2382165	S	1970	520	2490	0.00036
Nocardia iowensis	204891	S	1895	445	2340	0.00034
Nocardia mangyaensis	2213200	S	1850	529	2379	0.00034
Rhodococcus sp. X156	2499145	S	2272	836	3108	0.00045
Rhodococcus sp. MTM3W5.2	1805827	S	1864	537	2401	0.00035
Rhodococcus sp. SGAir0479	2567884	S	1731	696	2427	0.00035
Rhodococcus sp. W8901	2742603	S	1661	614	2275	0.00033
Rhodococcus sp. PBTS 1	1653478	S	1560	456	2016	0.00029
Rhodococcus sp. ABRD24	2507582	S	1070	263	1333	0.00019
Rhodococcus sp. R79	2811421	S	1044	3072	4116	0.00059
Rhodococcus opacus	37919	S	4832	15254	20086	0.00289
Rhodococcus equi	43767	S	2721	1233	3954	0.00057
Rhodococcus fascians	1828	S	2338	683	3021	0.00043
Rhodococcus rhodochrous	1829	S	1530	2110	3640	0.00052
Rhodococcus triatomae	300028	S	1348	457	1805	0.00026
Rhodococcus koreensis	99653	S	1192	951	2143	0.00031
Rhodococcus coprophilus	38310	S	1054	215	1269	0.00018
Corynebacterium cyclohexanicum	322009	S	1999	757	2756	0.00040
Corynebacterium frankenforstense	1230998	S	1270	1055	2325	0.00033
Corynebacterium xerosis	1725	S	1146	2448	3594	0.00052
Corynebacterium sphenisci	191493	S	1084	654	1738	0.00025
Corynebacterium bovis	36808	S	1007	581	1588	0.00023
Gordonia sp. PP30	2935861	S	1598	564	2162	0.00031
Gordonia sp. YC-JH1	2059875	S	1158	990	2148	0.00031
Gordonia sp. KTR9	337191	S	1112	548	1660	0.00024
Gordonia polyisoprenivorans	84595	S	2515	764	3279	0.00047
Gordonia terrae	2055	S	1693	3075	4768	0.00069
Gordonia insulae	2420509	S	1609	404	2013	0.00029
Gordonia phthalatica	1136941	S	1414	697	2111	0.00030
Gordonia bronchialis	2054	S	1318	516	1834	0.00026
Gordonia amarae	36821	S	1305	333	1638	0.00024
Gordonia jinghuaiqii	2758710	S	1247	345	1592	0.00023
Gordonia iterans	1004901	S	1180	480	1660	0.00024
Gordonia rubripertincta	36822	S	1077	1617	2694	0.00039
Gordonia pseudoamarae	2831662	S	1014	275	1289	0.00019
Skermania piniformis	39122	S	1333	188	1521	0.00022
Tsukamurella paurometabola	2061	S	2545	1319	3864	0.00056
Tsukamurella tyrosinosolvens	57704	S	2145	999	3144	0.00045
Tsukamurella sp. PLM1	2929795	S	1581	548	2129	0.00031
Tsukamurella pulmonis	47312	S	1459	554	2013	0.00029
Tomitella gaofuii	2760083	S	1670	551	2221	0.00032
Tomitella fengzijianii	2597660	S	1442	513	1955	0.00028
Nocardioides sp. G188	2849501	S	49880	16470	66350	0.00954
Nocardioides sp. LMS-CY	2840457	S	8100	2828	10928	0.00157
Nocardioides sp. JS614	196162	S	8051	2557	10608	0.00152
Nocardioides sp. HDW12B	2714939	S	6171	2178	8349	0.00120
Nocardioides sp. W7	2931390	S	5965	2169	8134	0.00117
Nocardioides sp. zg-579	2663857	S	5697	3071	8768	0.00126
Nocardioides sp. cx-173	2898796	S	5362	1975	7337	0.00105
Nocardioides sp. TF02-7	2917724	S	5340	1843	7183	0.00103
Nocardioides sp. S-1144	2582905	S	5286	2183	7469	0.00107
Nocardioides sp. InS609-2	2760705	S	4875	1216	6091	0.00088
Nocardioides sp. 603	2483798	S	4593	2264	6857	0.00099
Nocardioides sp. zg-1228	2763008	S	4477	2111	6588	0.00095
Nocardioides sp. SCSIO 67246	2872154	S	4358	1239	5597	0.00080
Nocardioides sp. S5	2017486	S	4246	2259	6505	0.00094
Nocardioides sp. MC1495	2736757	S	3833	1467	5300	0.00076
Nocardioides sp. CF8	110319	S	3748	1631	5379	0.00077
Nocardioides sp. JQ2195	2592334	S	3611	814	4425	0.00064
Nocardioides sp. zg-536	2803858	S	3363	1558	4921	0.00071
Nocardioides sp. dk884	2662361	S	3163	3560	6723	0.00097
Nocardioides sp. ZJ1313	2685869	S	3008	3413	6421	0.00092
Nocardioides sp. Kera G14	2884264	S	2778	647	3425	0.00049
Nocardioides sp. WS12	2486272	S	2743	526	3269	0.00047
Nocardioides ungokensis	1643322	S	37353	13833	51186	0.00736
Nocardioides mesophilus	433659	S	13593	4415	18008	0.00259
Nocardioides cynanchi	2558918	S	10899	2813	13712	0.00197
Nocardioides anomalus	2712223	S	7049	2274	9323	0.00134
Nocardioides dongkuii	2760089	S	5290	2774	8064	0.00116
Nocardioides euryhalodurans	2518370	S	5171	1685	6856	0.00099
Nocardioides okcheonensis	2894081	S	4936	2422	7358	0.00106
Nocardioides humi	449461	S	4883	1696	6579	0.00095
Nocardioides aquaticus	160826	S	4426	1450	5876	0.00084
Nocardioides aromaticivorans	200618	S	4423	1768	6191	0.00089
Nocardioides rotundus	1774216	S	4236	1707	5943	0.00085
Nocardioides marinisabuli	419476	S	4118	2428	6546	0.00094
Nocardioides dokdonensis	450734	S	3736	1823	5559	0.00080
Nocardioides sambongensis	2589074	S	3364	1034	4398	0.00063
Nocardioides seonyuensis	2518371	S	2983	853	3836	0.00055
Nocardioides houyundeii	2045452	S	2865	943	3808	0.00055
Nocardioides panacisoli	627624	S	2794	747	3541	0.00051
Nocardioides piscis	2714938	S	2739	1081	3820	0.00055
Nocardioides daphniae	402297	S	2229	1076	3305	0.00048
Nocardioides jishulii	2575440	S	1842	710	2552	0.00037
Nocardioides baekrokdamisoli	1804624	S	1380	196	1576	0.00023
Nocardioides yefusunii	2500546	S	1370	445	1815	0.00026
Aeromicrobium sp. Leaf245	1736306	S	2067	659	2726	0.00039
Aeromicrobium sp. zg-629	2663859	S	1650	560	2210	0.00032
Aeromicrobium sp. A1-2	2107713	S	1390	207	1597	0.00023
Aeromicrobium erythreum	2041	S	2431	751	3182	0.00046
Aeromicrobium chenweiae	2079793	S	2302	776	3078	0.00044
Aeromicrobium choanae	1736691	S	2132	666	2798	0.00040
Aeromicrobium yanjiei	2662028	S	1991	623	2614	0.00038
Aeromicrobium marinum	219314	S	1651	376	2027	0.00029
Marmoricola scoriae	642780	S	4825	1913	6738	0.00097
Pimelobacter simplex	2045	S	4327	1662	5989	0.00086
Friedmanniella luteola	546871	S	3601	749	4350	0.00063
Mumia sp. ZJ1417	2708082	S	2769	527	3296	0.00047
Micropruina glycogenica	75385	S	1344	208	1552	0.00022
Microlunatus sagamiharensis	546874	S	3653	864	4517	0.00065
Microlunatus soli	630515	S	2460	242	2702	0.00039
Microlunatus elymi	2596828	S	2243	241	2484	0.00036
Microlunatus phosphovorus	29405	S	1946	236	2182	0.00031
Microlunatus sp. Gsoil 973	2672569	S	1942	150	2092	0.00030
Tessaracoccus sp. J1M15	2829499	S	1333	421	1754	0.00025
Tessaracoccus defluvii	1285901	S	1384	874	2258	0.00032
Tessaracoccus aquimaris	1332264	S	1331	629	1960	0.00028
Tessaracoccus flavescens	399497	S	1129	856	1985	0.00029
Tessaracoccus flavus	1610493	S	1013	796	1809	0.00026
Brevilactibacter coleopterorum	2714937	S	1772	840	2612	0.00038
Brevilactibacter sp. MC1595	2819349	S	1655	708	2363	0.00034
Acidipropionibacterium acidipropionici	1748	S	1140	723	1863	0.00027
Acidipropionibacterium jensenii	1749	S	1096	716	1812	0.00026
Propionibacterium acidifaciens	556499	S	1166	366	1532	0.00022
Auraticoccus monumenti	675864	S	2387	464	2851	0.00041
Raineyella fluvialis	2662261	S	1403	213	1616	0.00023
Kribbella flavida	182640	S	12441	2896	15337	0.00220
Kribbella qitaiheensis	1544730	S	9776	1559	11335	0.00163
Actinopolymorpha singaporensis	117157	S	6857	816	7673	0.00110
Amycolatopsis sp. WQ 127309	2932773	S	19533	5330	24863	0.00357
Amycolatopsis sp. Hca4	2742131	S	16904	5873	22777	0.00327
Amycolatopsis sp. DSM 110486	2865832	S	8621	1755	10376	0.00149
Amycolatopsis sp. FDAARGOS 1241	2778070	S	6473	1457	7930	0.00114
Amycolatopsis sp. CA-230715	2745196	S	5381	830	6211	0.00089
Amycolatopsis sp. YIM 10	2653857	S	4807	1351	6158	0.00089
Amycolatopsis sp. FU40	2914159	S	3530	1587	5117	0.00074
Amycolatopsis sp. AA4	1896961	S	3212	1678	4890	0.00070
Amycolatopsis sp. BJA-103	1911175	S	2730	1030	3760	0.00054
Amycolatopsis sp. TNS106	2861750	S	2120	1159	3279	0.00047
Amycolatopsis sp. EV170708-02-1	2919322	S	1693	1492	3185	0.00046
Amycolatopsis pretoriensis	218821	S	25063	7598	32661	0.00470
Amycolatopsis mediterranei	33910	S	17633	13284	30917	0.00444
Amycolatopsis acidiphila	715473	S	6198	1318	7516	0.00108
Amycolatopsis keratiniphila	129921	S	2522	1875	4397	0.00063
Amycolatopsis japonica	208439	S	1330	1133	2463	0.00035
Amycolatopsis methanolica	1814	S	4273	1605	5878	0.00085
Amycolatopsis thermalba	944492	S	4168	1666	5834	0.00084
Amycolatopsis albispora	1804986	S	4035	2187	6222	0.00089
Amycolatopsis aidingensis	2842453	S	3335	393	3728	0.00054
Amycolatopsis orientalis	31958	S	2654	822	3476	0.00050
Pseudonocardia sp. DSM 110487	2865833	S	38730	5791	44521	0.00640
Pseudonocardia sp. CGMCC 4.1532	2761535	S	6819	4128	10947	0.00157
Pseudonocardia sp. HH130630-07	1690815	S	5004	3925	8929	0.00128
Pseudonocardia sp. AL041005-10	445576	S	4353	3339	7692	0.00111
Pseudonocardia sp. HH130629-09	1641402	S	3386	4427	7813	0.00112
Pseudonocardia dioxanivorans	240495	S	9683	2654	12337	0.00177
Pseudonocardia broussonetiae	2736640	S	9553	3319	12872	0.00185
Pseudonocardia abyssalis	2792008	S	5437	2905	8342	0.00120
Pseudonocardia autotrophica	2074	S	5388	1524	6912	0.00099
Saccharopolyspora erythraea	1836	S	6750	1820	8570	0.00123
Saccharopolyspora gregorii	33914	S	4774	991	5765	0.00083
Saccharopolyspora spinosa	60894	S	1703	1029	2732	0.00039
Saccharopolyspora pogona	333966	S	1523	1558	3081	0.00044
Saccharopolyspora sp. ASAGF58	2719023	S	1043	1184	2227	0.00032
Saccharothrix syringae	103733	S	5741	1987	7728	0.00111
Saccharothrix sp. 6-C	2781735	S	5105	1725	6830	0.00098
Saccharothrix espanaensis	103731	S	4569	1348	5917	0.00085
Kutzneria sp. CA-103260	2802641	S	8135	1796	9931	0.00143
Kutzneria albida	43357	S	4442	1038	5480	0.00079
Saccharomonospora marina	632569	S	2829	641	3470	0.00050
Saccharomonospora azurea	40988	S	1916	589	2505	0.00036
Saccharomonospora cyanea	40989	S	1737	632	2369	0.00034
Saccharomonospora xinjiangensis	75294	S	1514	264	1778	0.00026
Saccharomonospora glauca	40990	S	1278	473	1751	0.00025
Saccharomonospora viridis	1852	S	1061	172	1233	0.00018
Actinoalloteichus hymeniacidonis	340345	S	4509	1324	5833	0.00084
Actinoalloteichus hoggarensis	1470176	S	2175	1790	3965	0.00057
Actinosynnema pretiosum	42197	S	1976	5223	7199	0.00103
Lentzea guizhouensis	1586287	S	5055	1086	6141	0.00088
Kibdelosporangium phytohabitans	860235	S	4488	545	5033	0.00072
Allokutzneria albata	211114	S	4067	995	5062	0.00073
Alloactinosynnema sp. L-07	1653480	S	3505	790	4295	0.00062
Prauserella marina	530584	S	2737	253	2990	0.00043
Allosaccharopolyspora coralli	2665642	S	1667	365	2032	0.00029
Micromonospora sp. WMMC415	2675222	S	3127	1178	4305	0.00062
Micromonospora sp. HM134	2583243	S	2619	1180	3799	0.00055
Micromonospora sp. WMMA2032	2039870	S	2553	1670	4223	0.00061
Micromonospora sp. B006	2201999	S	2124	1648	3772	0.00054
Micromonospora terminaliae	1914461	S	5936	3010	8946	0.00129
Micromonospora carbonacea	47853	S	3804	1710	5514	0.00079
Micromonospora inositola	47865	S	3651	1801	5452	0.00078
Micromonospora echinaurantiaca	47857	S	3481	1678	5159	0.00074
Micromonospora krabiensis	307121	S	3467	1198	4665	0.00067
Micromonospora echinofusca	47858	S	3399	1546	4945	0.00071
Micromonospora viridifaciens	1881	S	3036	1325	4361	0.00063
Micromonospora auratinigra	261654	S	3013	1595	4608	0.00066
Micromonospora purpureochromogenes	47872	S	2945	1573	4518	0.00065
Micromonospora ferruginea	2749844	S	2942	1704	4646	0.00067
Micromonospora siamensis	299152	S	2874	1390	4264	0.00061
Micromonospora coriariae	285665	S	2871	1029	3900	0.00056
Micromonospora coxensis	356852	S	2825	1570	4395	0.00063
Micromonospora echinospora	1877	S	2708	946	3654	0.00053
Micromonospora narathiwatensis	299146	S	2616	1237	3853	0.00055
Micromonospora sagamiensis	47875	S	2471	949	3420	0.00049
Micromonospora zamorensis	709883	S	2408	777	3185	0.00046
Micromonospora endophytica (Xie et al. 2001) Li et al. 2019	515350	S	2381	731	3112	0.00045
Micromonospora maris	1003110	S	2367	724	3091	0.00044
Micromonospora chokoriensis	356851	S	2313	754	3067	0.00044
Micromonospora rifamycinica	291594	S	2222	1009	3231	0.00046
Micromonospora craniellae	2294034	S	1905	1184	3089	0.00044
Micromonospora tulbaghiae	479978	S	1631	1767	3398	0.00049
Micromonospora aurantiaca	47850	S	1194	7992	9186	0.00132
Actinoplanes sp. L3-i22	2836373	S	10138	7229	17367	0.00250
Actinoplanes sp. N902-109	649831	S	7298	2261	9559	0.00137
Actinoplanes sp. OR16	946334	S	6721	3237	9958	0.00143
Actinoplanes friuliensis	196914	S	7576	1296	8872	0.00128
Actinoplanes ianthinogenes	122358	S	7509	3101	10610	0.00153
Actinoplanes missouriensis	1866	S	6010	2036	8046	0.00116
Actinoplanes teichomyceticus	1867	S	5725	2498	8223	0.00118
Actinoplanes derwentensis	113562	S	5340	868	6208	0.00089
Phytohabitans suffuscus	624315	S	6423	1679	8102	0.00116
Phytohabitans flavus	1076124	S	5117	1037	6154	0.00088
Dactylosporangium vinaceum	53362	S	11983	1441	13424	0.00193
Actinocatenispora thailandica	227318	S	4279	1180	5459	0.00078
Actinocatenispora sera	390989	S	3918	1137	5055	0.00073
Plantactinospora sp. KBS50	2024580	S	3855	4751	8606	0.00124
Couchioplanes caeruleus	56438	S	7446	1984	9430	0.00136
Catellatospora sp. IY07-71	2728827	S	6321	1506	7827	0.00113
Polymorphospora rubra	338584	S	4507	1054	5561	0.00080
Natronosporangium hydrolyticum	2811111	S	2563	193	2756	0.00040
Verrucosispora sp. NA02020	2742132	S	2118	1637	3755	0.00054
Salinispora tropica	168695	S	1493	268	1761	0.00025
Actinomadura sp. WMMA1423	2591108	S	13802	4292	18094	0.00260
Actinomadura sp. NAK00032	2742128	S	9770	3617	13387	0.00192
Actinomadura sp. WMMB 499	1219491	S	7464	1900	9364	0.00135
Actinomadura verrucosospora	46165	S	16021	5087	21108	0.00303
Actinomadura madurae	1993	S	9639	3022	12661	0.00182
Actinomadura graeca	2750812	S	6059	1497	7556	0.00109
Thermomonospora amylolytica	1411117	S	4744	1917	6661	0.00096
Thermomonospora curvata	2020	S	3057	1013	4070	0.00059
Nonomuraea nitratireducens	2656914	S	7341	1752	9093	0.00131
Nonomuraea sp. ATCC 55076	1909395	S	7144	2547	9691	0.00139
Nonomuraea coxensis	404386	S	6608	2103	8711	0.00125
Nonomuraea gerenzanensis	93944	S	6436	2401	8837	0.00127
Streptosporangium roseum	2001	S	7291	2123	9414	0.00135
Streptosporangium sp. 'caverna'	2202249	S	6117	1408	7525	0.00108
Thermobispora bispora	2006	S	3278	857	4135	0.00059
Nocardiopsis sp. MT53	2865672	S	3104	836	3940	0.00057
Nocardiopsis gilva	280236	S	2207	490	2697	0.00039
Nocardiopsis dassonvillei	2014	S	1767	2449	4216	0.00061
Nocardiopsis alba	53437	S	1645	334	1979	0.00028
Thermobifida halotolerans	483545	S	1755	606	2361	0.00034
Thermobifida alba	53522	S	1681	711	2392	0.00034
Streptomonospora litoralis	2498135	S	2564	552	3116	0.00045
Spiractinospora alimapuensis	2820884	S	1663	118	1781	0.00026
Blastococcus sp. PRF04-17	2933797	S	18021	6835	24856	0.00357
Blastococcus saxobsidens	138336	S	14344	4870	19214	0.00276
Modestobacter marinus	477641	S	14793	5753	20546	0.00295
Modestobacter sp. L9-4	2851567	S	8412	3608	12020	0.00173
Geodermatophilus obscurus	1861	S	14855	5528	20383	0.00293
Frankia inefficax	298654	S	6468	857	7325	0.00105
Frankia sp. QA3	710111	S	2599	1021	3620	0.00052
Frankia sp. ArI3	1858	S	2069	1272	3341	0.00048
Candidatus Frankia datiscae	2716812	S	2362	523	2885	0.00041
Frankia alni	1859	S	2149	1397	3546	0.00051
Frankia casuarinae	106370	S	2134	243	2377	0.00034
Actinomyces radicidentis	111015	S	1165	3035	4200	0.00060
Jiangella sp. DSM 45060	1798224	S	5927	1779	7706	0.00111
Jiangella alkaliphila	419479	S	5236	1511	6747	0.00097
Nakamurella multipartita	53461	S	6536	1312	7848	0.00113
Nakamurella panacisegetis	1090615	S	2072	296	2368	0.00034
Nakamurella sp. PAMC28650	2762325	S	1926	211	2137	0.00031
Catenulispora acidiphila	304895	S	6070	952	7022	0.00101
Jatrophihabitans telluris	2038343	S	2688	277	2965	0.00043
Jatrophihabitans sp. GAS493	1907575	S	2527	284	2811	0.00040
Stackebrandtia nassauensis	283811	S	2693	263	2956	0.00042
Kineococcus radiotolerans	131568	S	2851	853	3704	0.00053
Epidermidibacterium keratini	1891644	S	1772	859	2631	0.00038
Actinopolyspora erythraea	414996	S	1384	154	1538	0.00022
Conexibacter sp. SYSU D00693	2812560	S	28206	7613	35819	0.00515
Conexibacter sp. S30A1	2937800	S	8823	1062	9885	0.00142
Conexibacter sp. DBS9H8	2937801	S	8427	891	9318	0.00134
Conexibacter woesei	191495	S	33123	6778	39901	0.00574
Miltoncostaea marina	2843215	S	8792	2549	11341	0.00163
Miltoncostaea oceani	2843216	S	8660	1481	10141	0.00146
Baekduia soli	496014	S	30943	5606	36549	0.00525
Rubrobacter xylanophilus	49319	S	4473	680	5153	0.00074
Rubrobacter marinus	2653852	S	2963	262	3225	0.00046
Rubrobacter tropicus	2653851	S	2395	182	2577	0.00037
Rubrobacter radiotolerans	42256	S	1448	183	1631	0.00023
Aquihabitans sp. Kera 3	2884263	S	6929	1176	8105	0.00117
Aquihabitans sp. G128	2849779	S	5802	1213	7015	0.00101
Iamia sp. SCSIO 61187	2722752	S	6373	1049	7422	0.00107
Actinomarinicola tropica	2789776	S	5804	1201	7005	0.00101
Ilumatobacter coccineus	467094	S	2791	196	2987	0.00043
Egibacter rhizosphaerae	1670831	S	2915	180	3095	0.00045
Egicoccus halophilus	1670830	S	2586	416	3002	0.00043
Euzebya pacifica	1608957	S	2545	217	2762	0.00040
Paenibacillus sp. B01	2660554	S	1181	2752	3933	0.00057
Paenibacillus mucilaginosus	61624	S	1119	325	1444	0.00021
Paenibacillus albicereus	2726185	S	1021	1833	2854	0.00041
Priestia megaterium	1404	S	7341	12288	19629	0.00282
Neobacillus drentensis	220684	S	1463	1206	2669	0.00038
Hydrogenibacillus sp. N12	2866627	S	1016	551	1567	0.00023
Alicyclobacillus acidocaldarius	405212	S	1064	227	1291	0.00019
Thermaerobacter sp. FW80	2546351	S	1221	610	1831	0.00026
Thermaerobacter marianensis	73919	S	1058	467	1525	0.00022
Symbiobacterium thermophilum	2734	S	1493	568	2061	0.00030
Limnochorda pilosa	1555112	S	1409	105	1514	0.00022
Deinococcus gobiensis	502394	S	1182	284	1466	0.00021
Deinococcus actinosclerus	1768108	S	1126	1478	2604	0.00037
Deinococcus maricopensis	309887	S	1112	163	1275	0.00018
Deinococcus ficus	317577	S	1053	179	1232	0.00018
Deinococcus metallilatus	1211322	S	1047	225	1272	0.00018
Oceanithermus profundus	187137	S	1278	303	1581	0.00023
Truepera radiovictrix	332249	S	1134	94	1228	0.00018
Sphaerobacter thermophilus	2057	S	3766	315	4081	0.00059
Roseiflexus castenholzii	120962	S	1039	175	1214	0.00017
Roseiflexus sp. RS-1	357808	S	1006	171	1177	0.00017
Tepidiforma bonchosmolovskayae	2601677	S	2508	148	2656	0.00038
Candidatus Promineofilum breve	1806508	S	2099	59	2158	0.00031
Ktedonosporobacter rubrisoli	2509675	S	1725	72	1797	0.00026
Fimbriimonas ginsengisoli	1005039	S	1248	10	1258	0.00018
Bradyrhizobium sp. 200	2782665	S	13819	4231	18050	0.00259
Bradyrhizobium sp. 170	2782641	S	11421	3990	15411	0.00222
Bradyrhizobium sp. CCBAU 51753	1325100	S	8659	2182	10841	0.00156
Bradyrhizobium sp. CCBAU 051011	858422	S	7950	1773	9723	0.00140
Bradyrhizobium sp. A19	2898149	S	7705	1572	9277	0.00133
Bradyrhizobium sp. 195	2782662	S	6969	3213	10182	0.00146
Bradyrhizobium sp. BTAi1	288000	S	6811	1467	8278	0.00119
Bradyrhizobium sp. ORS 278	114615	S	6578	1832	8410	0.00121
Bradyrhizobium sp. ORS 285	115808	S	6562	1818	8380	0.00120
Bradyrhizobium sp. CCBAU 53338	1325111	S	6167	2864	9031	0.00130
Bradyrhizobium sp. SK17	2057741	S	6092	2312	8404	0.00121
Bradyrhizobium sp. 186	2782654	S	5402	1951	7353	0.00106
Bradyrhizobium sp. CCBAU 53340	1325112	S	5227	2309	7536	0.00108
Bradyrhizobium sp. CCBAU 53421	1325120	S	4959	1892	6851	0.00098
Bradyrhizobium sp. CCBAU 53351	1325114	S	4644	2710	7354	0.00106
Bradyrhizobium sp. 1(2017)	1404888	S	3958	1503	5461	0.00079
Bradyrhizobium sp. 6(2017)	1197460	S	3576	2011	5587	0.00080
Bradyrhizobium sp. S2-11-2	2840472	S	3281	3956	7237	0.00104
Bradyrhizobium sp. CCGE-LA001	1223566	S	2885	1280	4165	0.00060
Bradyrhizobium sp. 41S5	1404443	S	2800	2240	5040	0.00072
Bradyrhizobium sp. S2-20-1	2840469	S	2718	3543	6261	0.00090
Bradyrhizobium sp. S2-11-4	2840473	S	2659	3829	6488	0.00093
Bradyrhizobium sp. I71	2590772	S	2226	3010	5236	0.00075
Bradyrhizobium sp. CCBAU 51765	1325102	S	2223	3048	5271	0.00076
Bradyrhizobium sp. 191	2782659	S	2170	3299	5469	0.00079
Bradyrhizobium sp. C-145	574727	S	1480	1655	3135	0.00045
Bradyrhizobium sp.	376	S	1221	4578	5799	0.00083
Bradyrhizobium erythrophlei	1437360	S	31723	2719	34442	0.00495
Bradyrhizobium diazoefficiens	1355477	S	19018	30785	49803	0.00716
Bradyrhizobium lablabi	722472	S	8629	10574	19203	0.00276
Bradyrhizobium canariense	255045	S	7909	13595	21504	0.00309
Bradyrhizobium paxllaeri	190148	S	6979	1362	8341	0.00120
Bradyrhizobium icense	1274631	S	6868	1004	7872	0.00113
Bradyrhizobium japonicum	375	S	6640	10355	16995	0.00244
Bradyrhizobium genosp. L	83637	S	6519	1399	7918	0.00114
Bradyrhizobium oligotrophicum	44255	S	6307	1175	7482	0.00108
Bradyrhizobium guangzhouense	1325095	S	5900	2422	8322	0.00120
Bradyrhizobium arachidis	858423	S	5558	1706	7264	0.00104
Bradyrhizobium guangdongense	1325090	S	4772	1985	6757	0.00097
Bradyrhizobium genosp. B	83627	S	4485	1021	5506	0.00079
Bradyrhizobium quebecense	2748629	S	3979	2425	6404	0.00092
Bradyrhizobium cosmicum	1404864	S	3824	1339	5163	0.00074
Bradyrhizobium vignae	1549949	S	3532	887	4419	0.00064
Bradyrhizobium guangxiense	1325115	S	3266	1535	4801	0.00069
Bradyrhizobium septentrionale	1404411	S	3174	2081	5255	0.00076
Bradyrhizobium symbiodeficiens	1404367	S	2681	4376	7057	0.00101
Bradyrhizobium betae	244734	S	2595	1502	4097	0.00059
Bradyrhizobium amphicarpaeae	1404768	S	2581	1153	3734	0.00054
Bradyrhizobium daqingense	993502	S	2304	1343	3647	0.00052
Bradyrhizobium elkanii	29448	S	1638	5706	7344	0.00106
Bradyrhizobium zhanjiangense	1325107	S	1266	1377	2643	0.00038
Rhodopseudomonas palustris	1076	S	15277	5750	21027	0.00302
Rhodopseudomonas sp. SK50-23	340268	S	2420	513	2933	0.00042
Rhodopseudomonas boonkerdii	475937	S	2245	592	2837	0.00041
Nitrobacter hamburgensis	912	S	6217	1058	7275	0.00105
Nitrobacter winogradskyi	913	S	2409	417	2826	0.00041
Tardiphaga sp. 37S4	1404741	S	1399	4438	5837	0.00084
Tardiphaga robiniae	943830	S	1488	1016	2504	0.00036
Afipia carboxidovorans	40137	S	3270	541	3811	0.00055
Afipia sp. GAS231	1882747	S	3247	2176	5423	0.00078
Variibacter gotjawalensis	1333996	S	3822	321	4143	0.00060
Mesorhizobium sp. B2-8-5	2589903	S	10033	3443	13476	0.00194
Mesorhizobium sp. J8	2777475	S	6134	2048	8182	0.00118
Mesorhizobium sp. 8	2584466	S	3472	849	4321	0.00062
Mesorhizobium sp. M2A.F.Ca.ET.043.05.1.1	2493671	S	2995	2686	5681	0.00082
Mesorhizobium sp. M1B.F.Ca.ET.045.04.1.1	2493673	S	2685	1079	3764	0.00054
Mesorhizobium sp. M1D.F.Ca.ET.043.01.1.1	2493669	S	2563	1609	4172	0.00060
Mesorhizobium sp. M1E.F.Ca.ET.045.02.1.1	2493672	S	2563	1338	3901	0.00056
Mesorhizobium sp. B1-1-8	2589976	S	2496	643	3139	0.00045
Mesorhizobium sp. M3A.F.Ca.ET.080.04.2.1	2493676	S	2153	684	2837	0.00041
Mesorhizobium sp. M1A.F.Ca.IN.022.06.1.1	2493680	S	2145	718	2863	0.00041
Mesorhizobium sp. B2-1-1	2589974	S	2115	503	2618	0.00038
Mesorhizobium sp. 131-2-1	2744518	S	1994	1108	3102	0.00045
Mesorhizobium sp. DCY119	2108445	S	1798	417	2215	0.00032
Mesorhizobium sp. M4B.F.Ca.ET.058.02.1.1	2493675	S	1759	778	2537	0.00036
Mesorhizobium sp. Pch-S	2082387	S	1718	243	1961	0.00028
Mesorhizobium sp. INR15	2654248	S	1663	249	1912	0.00027
Mesorhizobium sp. PAMC28654	2880934	S	1579	307	1886	0.00027
Mesorhizobium sp. 113-3-3	2744516	S	1491	885	2376	0.00034
Mesorhizobium sp. M2A.F.Ca.ET.043.02.1.1	2493670	S	1425	3845	5270	0.00076
Mesorhizobium sp. M2A.F.Ca.ET.046.03.2.1	2493674	S	1391	3944	5335	0.00077
Mesorhizobium sp. B2-1-8	2589967	S	1287	415	1702	0.00024
Mesorhizobium sp. B4-1-4	2589888	S	1275	323	1598	0.00023
Mesorhizobium sp. 113-3-9	2744517	S	1240	1010	2250	0.00032
Mesorhizobium sp. M7D.F.Ca.US.005.01.1.1	2493678	S	1197	444	1641	0.00024
Mesorhizobium sp. M8A.F.Ca.ET.057.01.1.1	2493679	S	1174	469	1643	0.00024
Mesorhizobium sp. L-2-11	2744521	S	1160	468	1628	0.00023
Mesorhizobium sp. M9A.F.Ca.ET.002.03.1.2	2493668	S	1147	556	1703	0.00024
Mesorhizobium sp. NZP2298	2483403	S	1134	738	1872	0.00027
Mesorhizobium sp. M6A.T.Cr.TU.016.01.1.1	2493677	S	1072	379	1451	0.00021
Mesorhizobium sp. NZP2077	2483404	S	1070	380	1450	0.00021
Mesorhizobium sp. 113-1-2	2744515	S	1041	560	1601	0.00023
Mesorhizobium opportunistum	593909	S	1741	775	2516	0.00036
Mesorhizobium terrae	2725666	S	1741	563	2304	0.00033
Mesorhizobium amorphae	71433	S	1437	357	1794	0.00026
Mesorhizobium loti	381	S	1405	14034	15439	0.00222
Mesorhizobium huakuii	28104	S	1070	1045	2115	0.00030
Aquibium microcysteis	675281	S	2789	815	3604	0.00052
Aquibium oceanicum	1670800	S	2011	480	2491	0.00036
Aminobacter sp. MSH1	374606	S	1643	3012	4655	0.00067
Nitratireductor sp. SY7	2599600	S	1707	360	2067	0.00030
Roseitalea porphyridii	1852022	S	1528	272	1800	0.00026
Oricola thermophila	2742145	S	1042	152	1194	0.00017
Rhizobium sp. WYJ-E13	2849093	S	4786	1391	6177	0.00089
Rhizobium sp. BG4	2613770	S	2279	851	3130	0.00045
Rhizobium sp. C104	2917727	S	1220	3288	4508	0.00065
Rhizobium sp. NXC24	2048897	S	1073	411	1484	0.00021
Rhizobium leguminosarum	384	S	9106	16447	25553	0.00367
Rhizobium etli	29449	S	1604	2436	4040	0.00058
Rhizobium acidisoli	1538158	S	1454	1508	2962	0.00043
Rhizobium jaguaris	1312183	S	1127	170	1297	0.00019
Rhizobium phaseoli	396	S	1088	2855	3943	0.00057
Agrobacterium tumefaciens	358	S	2577	5250	7827	0.00113
Agrobacterium vitis	373	S	1487	252	1739	0.00025
Neorhizobium galegae	399	S	2965	1014	3979	0.00057
Ensifer adhaerens	106592	S	5099	2805	7904	0.00114
Ensifer mexicanus	375549	S	1360	239	1599	0.00023
Ensifer sp. PDNC004	2811423	S	1050	512	1562	0.00022
Ensifer alkalisoli	1752398	S	1057	241	1298	0.00019
Sinorhizobium fredii	380	S	2946	4604	7550	0.00109
Sinorhizobium meliloti	382	S	2134	796	2930	0.00042
Sinorhizobium americanum	194963	S	1134	483	1617	0.00023
Shinella sp. HZN7	879274	S	1725	1724	3449	0.00050
Shinella sp. PSBB067	2715959	S	1442	1283	2725	0.00039
Shinella sp. XGS7	2877941	S	1133	1484	2617	0.00038
Shinella zoogloeoides	352475	S	1545	2543	4088	0.00059
Ciceribacter thiooxidans	1969821	S	1029	240	1269	0.00018
Methylobacterium sp. WL1	2603276	S	1954	588	2542	0.00037
Methylobacterium sp. 17Sr1-1	2202826	S	1887	1459	3346	0.00048
Methylobacterium aquaticum	270351	S	4138	2951	7089	0.00102
Methylobacterium nodulans	114616	S	3932	637	4569	0.00066
Methylobacterium durans	2202825	S	2645	469	3114	0.00045
Methylobacterium currus	2051553	S	2484	1626	4110	0.00059
Methylobacterium radiodurans	2202828	S	2408	743	3151	0.00045
Methylobacterium tardum	374432	S	2248	1328	3576	0.00051
Methylobacterium terrae	2202827	S	2142	1595	3737	0.00054
Methylobacterium brachiatum	269660	S	2070	1017	3087	0.00044
Methylobacterium mesophilicum	39956	S	2046	680	2726	0.00039
Methylobacterium organophilum	410	S	2037	1956	3993	0.00057
Methylobacterium oryzae	334852	S	1753	4717	6470	0.00093
Methylobacterium indicum	1775910	S	1710	1420	3130	0.00045
Microvirga sp. VF16	2807101	S	3690	625	4315	0.00062
Microvirga sp. 17 mud 1-3	2082949	S	1812	420	2232	0.00032
Microvirga ossetica	1882682	S	4034	780	4814	0.00069
Microvirga thermotolerans	2651334	S	2298	713	3011	0.00043
Methylorubrum populi	223967	S	3497	1676	5173	0.00074
Methylorubrum extorquens	408	S	2879	4701	7580	0.00109
Methylorubrum sp. B1-46	2897334	S	1245	520	1765	0.00025
Pseudolabrys taiwanensis	331696	S	16225	3013	19238	0.00277
Pseudolabrys sp. FHR47	2562284	S	10046	1972	12018	0.00173
Starkeya sp. ORNL1	2709380	S	3588	795	4383	0.00063
Starkeya novella	921	S	2635	1069	3704	0.00053
Xanthobacter dioxanivorans	2528964	S	2764	2506	5270	0.00076
Ancylobacter polymorphus	223390	S	2040	1091	3131	0.00045
Ancylobacter sp. TS-1	1850374	S	2017	904	2921	0.00042
Ancylobacter pratisalsi	1745854	S	1660	400	2060	0.00030
Labrys sp. KNU-23	2789216	S	2777	319	3096	0.00045
Azorhizobium caulinodans	7	S	1999	467	2466	0.00035
Rhodoplanes sp. Z2-YC6860	674703	S	33956	3476	37432	0.00538
Hyphomicrobium denitrificans	53399	S	4189	471	4660	0.00067
Hyphomicrobium sp. MC1	717785	S	1827	130	1957	0.00028
Hyphomicrobium nitrativorans	1427356	S	1742	160	1902	0.00027
Methyloceanibacter caenitepidi	1384459	S	1114	252	1366	0.00020
Methyloceanibacter sp. wino2	2170729	S	1069	259	1328	0.00019
Aquabacter sp. L1I39	2820278	S	1788	312	2100	0.00030
Methyloligella sp. GL2	2742204	S	1580	203	1783	0.00026
Rhodomicrobium vannielii	1069	S	1223	93	1316	0.00019
Bosea sp. AS-1	2015316	S	4557	1369	5926	0.00085
Bosea sp. ANAM02	2020412	S	3371	1174	4545	0.00065
Bosea sp. F3-2	2599640	S	3088	944	4032	0.00058
Bosea sp. Tri-49	1867715	S	2800	634	3434	0.00049
Bosea sp. RAC05	1842539	S	2510	791	3301	0.00047
Bosea sp. PAMC 26642	1792307	S	2049	423	2472	0.00036
Bosea vaviloviae	1526658	S	2490	599	3089	0.00044
Devosia sp. A16	1736675	S	3872	542	4414	0.00063
Devosia sp. SL43	2806348	S	1053	256	1309	0.00019
Devosia sp. JXJ CY 41	2917991	S	1044	252	1296	0.00019
Devosia ginsengisoli	400770	S	1438	384	1822	0.00026
Devosia beringensis	2657486	S	1102	233	1335	0.00019
Devosia oryziradicis	2801335	S	1017	278	1295	0.00019
Youhaiella tibetensis	1447062	S	1549	366	1915	0.00028
Paradevosia shaoguanensis	1335043	S	1477	613	2090	0.00030
Aureimonas sp. SA4125	2826993	S	1822	400	2222	0.00032
Aureimonas sp. AU20	1349819	S	1775	328	2103	0.00030
Aureimonas populi	1701758	S	1415	414	1829	0.00026
Aureimonas mangrovi	2758041	S	1288	397	1685	0.00024
Aurantimonas sp. HBX-1	2906072	S	2173	701	2874	0.00041
Nordella sp. HKS 07	2712222	S	7408	443	7851	0.00113
Pseudorhodoplanes sinuspersici	1235591	S	5584	433	6017	0.00087
Terrihabitans soli	708113	S	1514	180	1694	0.00024
Methylocystis parvus	134	S	1429	188	1617	0.00023
Methylocystis bryophila	655015	S	1375	154	1529	0.00022
Methylocystis heyeri	391905	S	1234	157	1391	0.00020
Methylocystis rosea	173366	S	1009	1269	2278	0.00033
Methylosinus trichosporium	426	S	1954	400	2354	0.00034
Methylosinus sp. C49	2699395	S	1591	321	1912	0.00027
Phreatobacter stygius	1940610	S	3705	586	4291	0.00062
Phreatobacter cathodiphilus	1868589	S	2784	877	3661	0.00053
Phreatobacter sp. NMCR1094	2570229	S	2126	420	2546	0.00037
Stappia indica	538381	S	2219	588	2807	0.00040
Stappia sp. ES.058	1881061	S	1138	163	1301	0.00019
Roseibium aggregatum	187304	S	1252	216	1468	0.00021
Pannonibacter phragmitetus	121719	S	1587	1155	2742	0.00039
Methylocella silvestris	199596	S	1443	186	1629	0.00023
Methylocella tundrae	227605	S	1230	136	1366	0.00020
Methylovirgula ligni	569860	S	1193	161	1354	0.00019
Blastochloris tepida	2233851	S	2799	1022	3821	0.00055
Blastochloris viridis	1079	S	2430	729	3159	0.00045
Kaustia mangrovi	2593653	S	2543	289	2832	0.00041
Parvibaculum lavamentivorans	256618	S	1320	1225	2545	0.00037
Chelatococcus sp. CO-6	1702325	S	2214	1376	3590	0.00052
Chelatococcus daeguensis	444444	S	1219	754	1973	0.00028
Kaistia sp. 32K	2795690	S	3255	882	4137	0.00059
Acuticoccus sp. I52.16.1	2928472	S	2910	372	3282	0.00047
Hartmannibacter diazotrophicus	1482074	S	1857	356	2213	0.00032
Breoghania sp. L-A4	2304600	S	1742	255	1997	0.00029
Sphingomonas sp. DM2-R-LB4	2899123	S	2434	1219	3653	0.00053
Sphingomonas sp. S8-45	2938948	S	1919	336	2255	0.00032
Sphingomonas sp. AK-PDB1-5	2872652	S	1866	417	2283	0.00033
Sphingomonas sp. CL5.1	2653203	S	1861	842	2703	0.00039
Sphingomonas sp. Cra20	1327635	S	1660	327	1987	0.00029
Sphingomonas sp. AP4-R1	2735134	S	1573	271	1844	0.00027
Sphingomonas sp. AAP5	1523415	S	1532	514	2046	0.00029
Sphingomonas sp. MM-1	745310	S	1530	2943	4473	0.00064
Sphingomonas sp. HDW15A	2714942	S	1490	176	1666	0.00024
Sphingomonas sp. LM7	1938607	S	1459	398	1857	0.00027
Sphingomonas sp. FARSPH	2219696	S	1444	1652	3096	0.00045
Sphingomonas sp. NBWT7	2596913	S	1350	674	2024	0.00029
Sphingomonas sp. S2-65	2903960	S	1236	340	1576	0.00023
Sphingomonas sp. PAMC26645	2565555	S	1079	390	1469	0.00021
Sphingomonas sp. HMP9	1517554	S	1061	512	1573	0.00023
Sphingomonas lutea	1045317	S	4620	902	5522	0.00079
Sphingomonas sediminicola	386874	S	3633	536	4169	0.00060
Sphingomonas daechungensis	1176646	S	3445	513	3958	0.00057
Sphingomonas ginsengisoli An et al. 2013	363835	S	2894	596	3490	0.00050
Sphingomonas sabuli	2764186	S	2883	531	3414	0.00049
Sphingomonas sinipercae	2714944	S	2687	545	3232	0.00046
Sphingomonas alpina	653931	S	2496	316	2812	0.00040
Sphingomonas sanxanigenens	397260	S	2137	1467	3604	0.00052
Sphingomonas profundi	2681549	S	2072	498	2570	0.00037
Sphingomonas piscis	2714943	S	1971	273	2244	0.00032
Sphingomonas rhizophila	2071607	S	1924	762	2686	0.00039
Sphingomonas panacis	1560345	S	1674	378	2052	0.00030
Sphingomonas hengshuiensis	1609977	S	1571	315	1886	0.00027
Sphingomonas taxi	1549858	S	1498	733	2231	0.00032
Sphingomonas koreensis	93064	S	1438	1651	3089	0.00044
Sphingomonas xanthus	2594473	S	1333	466	1799	0.00026
Sphingomonas panacisoli	1813879	S	1266	263	1529	0.00022
Sphingomonas changnyeongensis	2698679	S	1199	344	1543	0.00022
Sphingomonas suaedae	2599297	S	1152	229	1381	0.00020
Sphingomonas radiodurans	2890321	S	1144	232	1376	0.00020
Sphingobium sp. TKS	1315974	S	2914	6578	9492	0.00136
Sphingobium sp. SYK-6	627192	S	1211	489	1700	0.00024
Sphingobium yanoikuyae	13690	S	1419	5191	6610	0.00095
Sphingopyxis sp. QXT-31	1357916	S	1207	603	1810	0.00026
Sphingopyxis sp. YF1	2482763	S	1193	466	1659	0.00024
Sphingopyxis sp. PAMC25046	2565556	S	1159	1269	2428	0.00035
Sphingopyxis sp. OPL5	2486273	S	1083	365	1448	0.00021
Sphingopyxis macrogoltabida	33050	S	2160	2265	4425	0.00064
Sphingopyxis terrae	33052	S	1061	1350	2411	0.00035
Novosphingobium sp. Sx8-5	2896849	S	1651	547	2198	0.00032
Novosphingobium sp. EMRT-2	2571749	S	1349	1219	2568	0.00037
Novosphingobium sp. Gsoil 351	2675225	S	1329	177	1506	0.00022
Novosphingobium sp. P6W	1609758	S	1212	366	1578	0.00023
Novosphingobium resinovorum	158500	S	1642	1326	2968	0.00043
Novosphingobium aromaticivorans	48935	S	1238	1177	2415	0.00035
Novosphingobium decolorationis	2698673	S	1029	872	1901	0.00027
Rhizorhabdus wittichii	160791	S	2732	2191	4923	0.00071
Rhizorhabdus dicambivorans	1850238	S	1623	1731	3354	0.00048
Rhizorhabdus phycosphaerae	2711156	S	1203	190	1393	0.00020
Sphingosinithalassobacter sp. CS137	2762748	S	1173	355	1528	0.00022
Sphingosinithalassobacter tenebrarum	2711215	S	1003	480	1483	0.00021
Allosphingosinicella indica	941907	S	1594	282	1876	0.00027
Parasphingopyxis algicola	2026624	S	1003	95	1098	0.00016
Erythrobacter litoralis	39960	S	1224	1211	2435	0.00035
Qipengyuania flava	192812	S	1349	1840	3189	0.00046
Croceicoccus marinus	450378	S	1152	1312	2464	0.00035
Sphingosinicella sp. BN140058	1892855	S	2158	296	2454	0.00035
Sphingosinicella microcystinivorans	335406	S	1034	197	1231	0.00018
Sandaracinobacter sp. M6	2759707	S	1026	99	1125	0.00016
Azospirillum sp. B510	137722	S	1588	716	2304	0.00033
Azospirillum sp. TSH100	652764	S	1354	761	2115	0.00030
Azospirillum sp. TSA2s	709810	S	1314	1279	2593	0.00037
Azospirillum brasilense	192	S	4993	5749	10742	0.00154
Azospirillum thermophilum	2202148	S	3336	947	4283	0.00062
Azospirillum thiophilum	528244	S	2073	864	2937	0.00042
Azospirillum ramasamyi	682998	S	1187	886	2073	0.00030
Azospirillum humicireducens	1226968	S	1058	807	1865	0.00027
Skermanella mucosa	1789672	S	1867	1262	3129	0.00045
Skermanella sp. TT6	2775420	S	1768	1790	3558	0.00051
Skermanella rosea	1817965	S	1589	1391	2980	0.00043
Skermanella pratensis	2233999	S	1511	829	2340	0.00034
Nitrospirillum amazonense	28077	S	2192	306	2498	0.00036
Indioceanicola profundi	2220096	S	1579	259	1838	0.00026
Roseomonas sp. OT10	2897332	S	3324	1142	4466	0.00064
Roseomonas sp. S08	1750527	S	3126	324	3450	0.00050
Roseomonas gilardii	257708	S	2674	3295	5969	0.00086
Roseomonas haemaphysalidis	2768162	S	2254	435	2689	0.00039
Roseomonas marmotae	2768161	S	1962	402	2364	0.00034
Rhodovastum atsumiense	504468	S	4458	771	5229	0.00075
Acidibrevibacterium fodinaquatile	1969806	S	2021	277	2298	0.00033
Roseococcus microcysteis	2771361	S	1979	384	2363	0.00034
Lichenicola cladoniae	1484109	S	1785	162	1947	0.00028
Sediminicoccus rosea	1225128	S	1743	191	1934	0.00028
Gluconacetobacter diazotrophicus	33996	S	1167	813	1980	0.00028
Hypericibacter adhaerens	2602016	S	4239	787	5026	0.00072
Hypericibacter terrae	2602015	S	3689	533	4222	0.00061
Magnetospirillum sp. XM-1	1663591	S	1025	587	1612	0.00023
Magnetospirillum gryphiswaldense	55518	S	1286	128345	129631	0.01864
Magnetospirillum magneticum	84159	S	1013	139	1152	0.00017
Rhodospirillum centenum	34018	S	1992	350	2342	0.00034
Rhodospirillum rubrum	1085	S	1177	116	1293	0.00019
Tistrella mobilis	171437	S	2354	1481	3835	0.00055
Ferrovibrio terrae	2594003	S	1730	134	1864	0.00027
Defluviicoccus vanus	111831	S	1241	134	1375	0.00020
Stella humosa	94	S	4706	405	5111	0.00073
Elioraea tepida	2843330	S	2255	146	2401	0.00035
Paracoccus sanguinis	1545044	S	1277	2802	4079	0.00059
Cereibacter sphaeroides	1063	S	2783	2777	5560	0.00080
Rhodobacter sp. CZR27	2033869	S	1057	573	1630	0.00023
Rhodobacter capsulatus	1061	S	1236	419	1655	0.00024
Polymorphum gilvum	991904	S	1896	570	2466	0.00035
Paroceanicella profunda	2579971	S	1771	877	2648	0.00038
Pikeienuella piscinae	2748098	S	1222	154	1376	0.00020
Pontivivens ytuae	2789856	S	1167	142	1309	0.00019
Roseovarius indicus	540747	S	1014	928	1942	0.00028
Salipiger profundus	1229727	S	1260	1064	2324	0.00033
Salipiger abyssi	1250539	S	1028	739	1767	0.00025
Roseivivax marinus	1379903	S	1213	379	1592	0.00023
Celeribacter indicus	1208324	S	1055	997	2052	0.00030
Yangia pacifica	311180	S	1140	351	1491	0.00021
Sagittula sp. P11	2009329	S	1016	823	1839	0.00026
Caulobacter sp. S6	2823693	S	3008	383	3391	0.00049
Caulobacter sp. FWC26	69665	S	1058	448	1506	0.00022
Caulobacter segnis	88688	S	3711	1218	4929	0.00071
Caulobacter rhizosphaerae	2010972	S	3322	958	4280	0.00062
Caulobacter mirabilis	69666	S	2668	570	3238	0.00047
Caulobacter flavus	1679497	S	2316	678	2994	0.00043
Caulobacter soli	2708539	S	2219	697	2916	0.00042
Caulobacter vibrioides	155892	S	2184	878	3062	0.00044
Brevundimonas naejangsanensis	588932	S	1461	2029	3490	0.00050
Brevundimonas albigilva	1312364	S	1001	1617	2618	0.00038
Phenylobacterium zucineum	284016	S	5119	1225	6344	0.00091
Phenylobacterium parvum	2201350	S	1389	184	1573	0.00023
Terricaulis silvestris	2686094	S	1067	43	1110	0.00016
Marinicauda algicola	2029849	S	1395	270	1665	0.00024
Burkholderia ubonensis	101571	S	3600	2847	6447	0.00093
Burkholderia multivorans	87883	S	3574	2063	5637	0.00081
Burkholderia cenocepacia	95486	S	3005	25032	28037	0.00403
Burkholderia cepacia	292	S	2444	2558	5002	0.00072
Burkholderia pyrrocinia	60550	S	1610	1198	2808	0.00040
Burkholderia contaminans	488447	S	1423	1144	2567	0.00037
Burkholderia ambifaria	152480	S	1350	1804	3154	0.00045
Burkholderia stagnalis	1503054	S	1159	540	1699	0.00024
Burkholderia anthina	179879	S	1130	1495	2625	0.00038
Burkholderia stabilis	95485	S	1123	1075	2198	0.00032
Burkholderia lata	482957	S	1099	1198	2297	0.00033
Burkholderia pseudomallei	28450	S	1574	12986	14560	0.00209
Burkholderia mayonis	1385591	S	1183	391	1574	0.00023
Burkholderia thailandensis	57975	S	1181	6346	7527	0.00108
Burkholderia sp. DHOD12	2571746	S	1661	1183	2844	0.00041
Burkholderia gladioli	28095	S	4325	2090	6415	0.00092
Burkholderia glumae	337	S	1551	850	2401	0.00035
Burkholderia plantarii	41899	S	1246	692	1938	0.00028
Burkholderia perseverans	2615214	S	1020	609	1629	0.00023
Cupriavidus taiwanensis	164546	S	6050	8753	14803	0.00213
Cupriavidus pauculus	82633	S	4776	3077	7853	0.00113
Cupriavidus pinatubonensis	248026	S	3279	844	4123	0.00059
Cupriavidus necator	106590	S	2730	3893	6623	0.00095
Cupriavidus basilensis	68895	S	2676	2062	4738	0.00068
Cupriavidus oxalaticus	96344	S	2610	1800	4410	0.00063
Cupriavidus campinensis	151783	S	2549	1445	3994	0.00057
Cupriavidus sp. EM10	2839983	S	1196	1212	2408	0.00035
Cupriavidus metallidurans	119219	S	1600	1502	3102	0.00045
Paraburkholderia sp. SOS3	1926494	S	1281	300	1581	0.00023
Paraburkholderia graminis	60548	S	2504	858	3362	0.00048
Paraburkholderia aromaticivorans	2026199	S	1834	1114	2948	0.00042
Paraburkholderia pallida	2547399	S	1821	467	2288	0.00033
Paraburkholderia caribensis	75105	S	1785	1832	3617	0.00052
Paraburkholderia edwinii	2861782	S	1776	342	2118	0.00030
Paraburkholderia phymatum	148447	S	1734	612	2346	0.00034
Paraburkholderia acidisoli	2571748	S	1656	423	2079	0.00030
Paraburkholderia tropica	92647	S	1586	503	2089	0.00030
Paraburkholderia atlantica	2654982	S	1373	469	1842	0.00026
Paraburkholderia acidiphila	2571747	S	1368	380	1748	0.00025
Paraburkholderia phytofirmans	261302	S	1357	794	2151	0.00031
Paraburkholderia caledonica	134536	S	1299	329	1628	0.00023
Paraburkholderia terricola	169427	S	1148	480	1628	0.00023
Paraburkholderia sprentiae	948107	S	1133	347	1480	0.00021
Paraburkholderia terrae	311230	S	1054	1640	2694	0.00039
Paraburkholderia fungorum	134537	S	1021	333	1354	0.00019
Caballeronia sp. Lep1P3	2878150	S	1248	1780	3028	0.00044
Caballeronia sp. TF1N1	2878153	S	1021	444	1465	0.00021
Caballeronia zhejiangensis	871203	S	2101	612	2713	0.00039
Caballeronia grimmiae	1071679	S	1968	1348	3316	0.00048
Caballeronia insecticola	758793	S	1542	405	1947	0.00028
Ralstonia solanacearum	305	S	3647	9606	13253	0.00191
Pandoraea pnomenusa	93220	S	1357	1767	3124	0.00045
Variovorax sp. HW608	1034889	S	3520	864	4384	0.00063
Variovorax sp. PBS-H4	434008	S	2086	1991	4077	0.00059
Variovorax sp. RA8	662548	S	1760	2120	3880	0.00056
Variovorax sp. PBL-H6	434009	S	1704	2586	4290	0.00062
Variovorax sp. WDL1	207745	S	1557	3723	5280	0.00076
Variovorax sp. RKNM96	2681552	S	1539	785	2324	0.00033
Variovorax sp. PAMC 28711	1795631	S	1483	366	1849	0.00027
Variovorax sp. PAMC26660	2762322	S	1313	457	1770	0.00025
Variovorax sp. PAMC28562	2762323	S	1143	144	1287	0.00019
Variovorax sp. SRS16	282217	S	1065	4002	5067	0.00073
Variovorax paradoxus	34073	S	7452	8910	16362	0.00235
Variovorax boronicumulans	436515	S	1186	1091	2277	0.00033
Hydrogenophaga sp. BA0156	2716225	S	1582	1783	3365	0.00048
Hydrogenophaga sp. YM1	2806262	S	1454	1192	2646	0.00038
Hydrogenophaga sp. PBC	795665	S	1421	2554	3975	0.00057
Hydrogenophaga sp. BPS33	2651974	S	1371	1690	3061	0.00044
Hydrogenophaga sp. SL48	2806347	S	1124	1036	2160	0.00031
Acidovorax sp. YS12	2738413	S	1071	1558	2629	0.00038
Acidovorax avenae	80867	S	2279	2522	4801	0.00069
Acidovorax monticola	1926868	S	1194	714	1908	0.00027
Acidovorax antarcticus	2743470	S	1121	1290	2411	0.00035
Comamonas serinivorans	1082851	S	1086	531	1617	0.00023
Comamonas aquatica	225991	S	1013	2446	3459	0.00050
Rhodoferax koreense	1842727	S	3458	2714	6172	0.00089
Rhodoferax sp. BAB1	2741720	S	1004	400	1404	0.00020
Rhodoferax sediminis	2509614	S	1343	298	1641	0.00024
Ramlibacter tataouinensis	94132	S	7129	3977	11106	0.00160
Schlegelella thermodepolymerans	215580	S	2102	1451	3553	0.00051
Schlegelella brevitalea	413882	S	2072	424	2496	0.00036
Polaromonas sp. JS666	296591	S	1213	1234	2447	0.00035
Kinneretia sp. DAIF2	2714952	S	2120	1107	3227	0.00046
Ottowia sp. 27C	2816950	S	1029	299	1328	0.00019
Alicycliphilus denitrificans	179636	S	2051	5337	7388	0.00106
Verminephrobacter eiseniae	364317	S	1096	198	1294	0.00019
Massilia sp. WG5	1707785	S	2805	2167	4972	0.00071
Massilia sp. HC52	2852099	S	2006	1271	3277	0.00047
Massilia sp. LPB0304	2769491	S	1562	1223	2785	0.00040
Massilia sp. DM-R-R2A-13	2899220	S	1433	727	2160	0.00031
Massilia sp. YMA4	1593482	S	1390	1112	2502	0.00036
Massilia sp. NP310	2861282	S	1312	1326	2638	0.00038
Massilia sp. PAMC28688	2861283	S	1045	328	1373	0.00020
Massilia putida	1141883	S	3019	1161	4180	0.00060
Massilia violaceinigra	2045208	S	2650	867	3517	0.00051
Massilia flava	871742	S	2051	629	2680	0.00039
Massilia albidiflava	321983	S	1501	689	2190	0.00031
Massilia lutea	321985	S	1455	531	1986	0.00029
Massilia umbonata	864828	S	1367	642	2009	0.00029
Massilia armeniaca	2072590	S	1309	767	2076	0.00030
Massilia plicata	321984	S	1269	413	1682	0.00024
Massilia antarctica	2765360	S	1146	467	1613	0.00023
Massilia oculi	945844	S	1100	764	1864	0.00027
Duganella sp. GN2-R2	2728020	S	2047	1097	3144	0.00045
Duganella sp. AF9R3	2728021	S	1390	372	1762	0.00025
Janthinobacterium agaricidamnosum	55508	S	1197	2842	4039	0.00058
Herbaspirillum robiniae	2014887	S	1300	1229	2529	0.00036
Collimonas fungivorans	158899	S	1099	472	1571	0.00023
Noviherbaspirillum sp. UKPF54	2601898	S	1569	376	1945	0.00028
Achromobacter xylosoxidans	85698	S	4274	10412	14686	0.00211
Achromobacter sp. AONIH1	1758194	S	1343	2761	4104	0.00059
Achromobacter sp. MFA1 R4	1881016	S	1106	855	1961	0.00028
Achromobacter spanius	217203	S	2423	1468	3891	0.00056
Achromobacter denitrificans	32002	S	1933	2070	4003	0.00058
Achromobacter deleyi	1353891	S	1398	1437	2835	0.00041
Bordetella sp. N	1746199	S	1232	256	1488	0.00021
Bordetella sp. H567	1697043	S	1202	424	1626	0.00023
Bordetella genomosp. 8	1416806	S	1505	649	2154	0.00031
Bordetella bronchialis	463025	S	1417	637	2054	0.00030
Bordetella genomosp. 13	463040	S	1370	1624	2994	0.00043
Bordetella flabilis	463014	S	1251	261	1512	0.00022
Bordetella genomosp. 9	1416803	S	1214	645	1859	0.00027
Bordetella hinzii	103855	S	1206	2322	3528	0.00051
Pigmentiphaga sp. H8	2488560	S	2190	409	2599	0.00037
Orrella dioscoreae	1851544	S	1076	566	1642	0.00024
Castellaniella defragrans	75697	S	1298	1329	2627	0.00038
Rhizobacter gummiphilus	946333	S	2924	800	3724	0.00054
Rhizobacter sp. AJA081-3	2753607	S	2746	935	3681	0.00053
Sphaerotilus sp. FB-5	2914710	S	1903	1766	3669	0.00053
Sphaerotilus natans	34103	S	1860	1001	2861	0.00041
Methylibium sp. Pch-M	2082386	S	1096	1102	2198	0.00032
Methylibium petroleiphilum	105560	S	1086	1284	2370	0.00034
Rubrivivax gelatinosus	28068	S	2978	1294	4272	0.00061
Aquincola tertiaricarbonis	391953	S	2415	1184	3599	0.00052
Mitsuaria sp. 7	1658665	S	2194	601	2795	0.00040
Leptothrix cholodnii	34029	S	2058	889	2947	0.00042
Xylophilus rhododendri	2697032	S	1803	753	2556	0.00037
Ideonella dechloratans	36863	S	1311	1117	2428	0.00035
Roseateles depolymerans	76731	S	1053	280	1333	0.00019
Tepidimonas taiwanensis	307486	S	1009	547	1556	0.00022
Thauera sp. MZ1T	85643	S	1807	2906	4713	0.00068
Thauera sp. K11	2005884	S	1684	1466	3150	0.00045
Thauera humireducens	1134435	S	1086	1034	2120	0.00030
Azoarcus sp. KH32C	748247	S	1922	479	2401	0.00035
Azoarcus sp. DD4	2027405	S	1429	1214	2643	0.00038
Azoarcus olearius	418699	S	1624	770	2394	0.00034
Azoarcus communis	41977	S	1234	686	1920	0.00028
Nitrogeniibacter mangrovi	2016596	S	1370	419	1789	0.00026
Aromatoleum petrolei	76116	S	1649	526	2175	0.00031
Aromatoleum aromaticum	551760	S	1322	1180	2502	0.00036
Aromatoleum pumilum	2067960	S	1112	615	1727	0.00025
Aromatoleum bremense	76115	S	1089	787	1876	0.00027
Azospira restricta	404405	S	2658	2538	5196	0.00075
Niveibacterium microcysteis	2811415	S	1158	251	1409	0.00020
Dechloromonas denitrificans	281362	S	1221	473	1694	0.00024
Ferribacterium limneticum	76259	S	1546	396	1942	0.00028
Usitatibacter rugosus	2732067	S	5587	918	6505	0.00094
Usitatibacter palustris	2732487	S	4546	789	5335	0.00077
Nitrosospira multiformis	1231	S	1518	435	1953	0.00028
Nitrosospira lacus	1288494	S	1170	397	1567	0.00023
Sulfuritalea hydrogenivorans	748811	S	1283	301	1584	0.00023
Methyloversatilis sp. RAC08	1842540	S	1056	223	1279	0.00018
Thiobacillus denitrificans	36861	S	1489	463	1952	0.00028
Jeongeupia sp. USM3	1906741	S	1186	573	1759	0.00025
Pseudogulbenkiania sp. NH8B	748280	S	1041	818	1859	0.00027
Crenobacter cavernae	2290923	S	1221	1030	2251	0.00032
Lysobacter sp. KIS68-7	2904252	S	2656	830	3486	0.00050
Lysobacter sp. TY2-98	2290922	S	1734	445	2179	0.00031
Lysobacter sp. 5GHs7-4	2904253	S	1432	702	2134	0.00031
Lysobacter sp. K5869	2820808	S	1131	903	2034	0.00029
Lysobacter sp. CECT 30171	2822368	S	1102	432	1534	0.00022
Lysobacter sp. S4-A87	2925843	S	1055	571	1626	0.00023
Lysobacter enzymogenes	69	S	4511	2691	7202	0.00104
Lysobacter capsici	435897	S	2774	4957	7731	0.00111
Lysobacter soli	453783	S	2160	716	2876	0.00041
Lysobacter lycopersici	1324796	S	1935	646	2581	0.00037
Lysobacter solisilvae (ex Woo and Kim 2022)	2865112	S	1558	735	2293	0.00033
Lysobacter antibioticus	84531	S	1548	533	2081	0.00030
Lysobacter solisilvae (ex Kim et al. 2021)	2763317	S	1520	490	2010	0.00029
Lysobacter maris	1605891	S	1423	550	1973	0.00028
Stenotrophomonas maltophilia	40324	S	5042	12150	17192	0.00247
Stenotrophomonas rhizophila	216778	S	2099	983	3082	0.00044
Stenotrophomonas acidaminiphila	128780	S	1148	4242	5390	0.00077
Xanthomonas translucens	343	S	2031	6344	8375	0.00120
Xanthomonas campestris	339	S	1490	5171	6661	0.00096
Xanthomonas sacchari	56458	S	1065	676	1741	0.00025
Luteimonas sp. S4-F44	2925842	S	1226	465	1691	0.00024
Luteimonas sp. MC1750	2799326	S	1175	934	2109	0.00030
Luteimonas sp. D4P002	2901869	S	1047	536	1583	0.00023
Luteimonas granuli	1176533	S	1177	781	1958	0.00028
Pseudoxanthomonas suwonensis	314722	S	2342	1825	4167	0.00060
Pseudoxanthomonas mexicana	128785	S	1350	2528	3878	0.00056
Pseudoxanthomonas sp. X-1	2571115	S	1318	1779	3097	0.00045
Thermomonas brevis	215691	S	1338	839	2177	0.00031
Thermomonas aquatica	2202149	S	1094	883	1977	0.00028
Arenimonas daejeonensis	370777	S	1850	609	2459	0.00035
Frateuria sp. 5GH9-34	2898793	S	5946	2090	8036	0.00116
Frateuria sp. 5GH9-11	1542730	S	2205	982	3187	0.00046
Rhodanobacter denitrificans	666685	S	2848	1286	4134	0.00059
Rhodanobacter sp. FDAARGOS 1247	2778082	S	1893	811	2704	0.00039
Rhodanobacter thiooxydans	416169	S	1557	813	2370	0.00034
Rhodanobacter glycinis	582702	S	1035	238	1273	0.00018
Luteibacter sp. 321	2911537	S	1242	928	2170	0.00031
Dyella thiooxydans	445710	S	2156	1099	3255	0.00047
Dokdonella koreensis	323415	S	2695	705	3400	0.00049
Aerosticca soli	2010829	S	1377	2598	3975	0.00057
Pseudomonas sp. S34	1573718	S	2509	5564	8073	0.00116
Pseudomonas fluorescens	294	S	3842	5739	9581	0.00138
Pseudomonas corrugata	47879	S	1050	513	1563	0.00022
Pseudomonas aeruginosa	287	S	3590	50011	53601	0.00771
Pseudomonas mendocina	300	S	1376	925	2301	0.00033
Pseudomonas alcaligenes	43263	S	1071	1250	2321	0.00033
Pseudomonas putida	303	S	4678	16543	21221	0.00305
Pseudomonas oryzihabitans	47885	S	1280	538	1818	0.00026
Pseudomonas stutzeri	316	S	4700	5569	10269	0.00148
Pseudomonas chlororaphis	587753	S	2254	4275	6529	0.00094
Pseudomonas psychrotolerans	237610	S	1297	569	1866	0.00027
Pseudomonas otitidis	319939	S	1265	554	1819	0.00026
Pseudomonas knackmussii	65741	S	1240	1891	3131	0.00045
Pseudomonas oryzae	1392877	S	1043	674	1717	0.00025
Pseudomonas entomophila	312306	S	1004	826	1830	0.00026
Serratia marcescens	615	S	1005	7567	8572	0.00123
Spiribacter sp. E85	2182432	S	1672	424	2096	0.00030
Candidatus Thiodictyon syntrophicum	1166950	S	1433	189	1622	0.00023
Marichromatium purpuratum	37487	S	1346	622	1968	0.00028
Thioflavicoccus mobilis	80679	S	1215	254	1469	0.00021
Solimonas sp. K1W22B-7	2303331	S	2142	379	2521	0.00036
Steroidobacter denitrificans	465721	S	1261	889	2150	0.00031
Sulfurifustis variabilis	1675686	S	2500	254	2754	0.00040
Sulfuricaulis limicola	1620215	S	1053	133	1186	0.00017
Immundisolibacter cernigliae	1810504	S	1473	480	1953	0.00028
Anaeromyxobacter sp. Red232	2918170	S	9155	1244	10399	0.00150
Anaeromyxobacter sp. Fw109-5	404589	S	7121	1184	8305	0.00119
Anaeromyxobacter sp. Red630	2918171	S	6418	1180	7598	0.00109
Anaeromyxobacter sp. K	447217	S	1589	3181	4770	0.00069
Anaeromyxobacter dehalogenans	161493	S	5299	4044	9343	0.00134
Corallococcus coralloides	184914	S	7162	2513	9675	0.00139
Corallococcus sp. EGB	1521117	S	3113	913	4026	0.00058
Corallococcus macrosporus	35	S	2590	568	3158	0.00045
Myxococcus xanthus	34	S	4018	17714	21732	0.00312
Myxococcus hansupus	1297742	S	2353	270	2623	0.00038
Myxococcus stipitatus	83455	S	1975	289	2264	0.00033
Myxococcus sp. SCHIC003	2813577	S	1716	251	1967	0.00028
Pyxidicoccus sp. SCPEA002	2813578	S	5139	339	5478	0.00079
Archangium violaceum	83451	S	8592	2001	10593	0.00152
Archangium gephyra	48	S	4270	1128	5398	0.00078
Stigmatella aurantiaca	41	S	3801	409	4210	0.00061
Cystobacter fuscus	43	S	3623	1146	4769	0.00069
Melittangium boletus	83453	S	2860	833	3693	0.00053
Vulgatibacter incomptus	1391653	S	3396	399	3795	0.00055
Sorangium cellulosum	56	S	46719	6639	53358	0.00767
Polyangium aurulentum	2567896	S	10486	1031	11517	0.00166
Chondromyces crocatus	52	S	5077	255	5332	0.00077
Sandaracinus amylolyticus	927083	S	16222	1182	17404	0.00250
Labilithrix luteola	1391654	S	9294	467	9761	0.00140
Haliangium ochraceum	80816	S	6963	616	7579	0.00109
Geomonas sp. RF6	2897342	S	1020	1693	2713	0.00039
Desulfuromonas versatilis	2802975	S	1273	574	1847	0.00027
Persicimonas caeni	2292766	S	2484	132	2616	0.00038
Gemmata obscuriglobus	114	S	6628	959	7587	0.00109
Gemmata massiliana	1210884	S	2980	1271	4251	0.00061
Gemmata sp. SH-PL17	1630693	S	2853	1368	4221	0.00061
Urbifossiella limnaea	2528023	S	12575	1245	13820	0.00199
Frigoriglobus tundricola	2774151	S	8190	1454	9644	0.00139
Limnoglobus roseus	2598579	S	6599	337	6936	0.00100
Aquisphaera giovannonii	406548	S	12947	2125	15072	0.00217
Tautonia plasticadhaerens	2527974	S	11653	1039	12692	0.00182
Paludisphaera borealis	1387353	S	9853	1900	11753	0.00169
Singulisphaera acidiphila	466153	S	8137	1040	9177	0.00132
Isosphaera pallida	128	S	1123	72	1195	0.00017
Lignipirellula cremea	2528010	S	2035	277	2312	0.00033
Anatilimnocola aggregata	2528021	S	1985	248	2233	0.00032
Pirellula staleyi	125	S	1018	43	1061	0.00015
Bremerella volcania	2527984	S	1178	92	1270	0.00018
Lacipirellula parvula	2650471	S	3055	370	3425	0.00049
Lacipirellula limnantheis	2528024	S	2193	302	2495	0.00036
Pirellulimonas nuda	2528009	S	2579	326	2905	0.00042
Botrimarina mediterranea	2528022	S	2238	236	2474	0.00036
Planctomyces sp. SH-PL62	1636152	S	7707	2320	10027	0.00144
Planctomyces sp. SH-PL14	1632864	S	3087	233	3320	0.00048
Alienimonas californiensis	2527989	S	2160	187	2347	0.00034
Caulifigura coniformis	2527983	S	2096	161	2257	0.00032
Maioricimonas rarisocia	2528026	S	2007	300	2307	0.00033
Humisphaera borealis	2807512	S	3387	103	3490	0.00050
Phycisphaera mikurensis	547188	S	1948	193	2141	0.00031
Opitutus sp. GAS368	1882749	S	3723	625	4348	0.00063
Opitutus terrae	107709	S	2942	164	3106	0.00045
Lacunisphaera limnophila	1838286	S	2197	362	2559	0.00037
Oleiharenicola sp. KSB-15	2862869	S	1586	103	1689	0.00024
Nibricoccus aquaticus	2576891	S	1480	79	1559	0.00022
Verrucomicrobium sp. GAS474	1882831	S	1329	196	1525	0.00022
Verrucomicrobium spinosum	2736	S	1038	99	1137	0.00016
Roseimicrobium sp. ORNL1	2711231	S	1302	73	1375	0.00020
Chryseolinea soli	2321403	S	1227	763	1990	0.00029
Niastella koreensis	354356	S	3932	861	4793	0.00069
Rhodothermus marinus	29549	S	1878	337	2215	0.00032
Rhodocaloribacter litoris	2558931	S	1861	553	2414	0.00035
Salinibacter ruber	146919	S	1280	84	1364	0.00020
Gemmatirosa kalamazoonesis	861299	S	24412	3044	27456	0.00395
Gemmatimonas groenlandica	2732249	S	3578	374	3952	0.00057
Gemmatimonas aurantiaca	173480	S	2411	227	2638	0.00038
Gemmatimonas phototrophica	1379270	S	2028	251	2279	0.00033
Granulicella sp. WH15	2602070	S	1943	407	2350	0.00034
Granulicella sp. 5B5	1617967	S	1489	280	1769	0.00025
Granulicella mallensis	940614	S	1504	213	1717	0.00025
Granulicella tundricola	940615	S	1153	179	1332	0.00019
Candidatus Koribacter versatilis	658062	S	4770	204	4974	0.00072
Terriglobus roseus	392734	S	2070	531	2601	0.00037
Terriglobus albidus	1592106	S	1548	184	1732	0.00025
Acidobacterium capsulatum	33075	S	2119	319	2438	0.00035
Acidobacterium sp. 4Y35	2763107	S	1954	163	2117	0.00030
Edaphobacter sp. 12200R-103	2703788	S	1763	369	2132	0.00031
Acidisarcina polymorpha	2211140	S	1331	118	1449	0.00021
Paludibaculum fermentans	1473598	S	4417	146	4563	0.00066
Luteitalea sp. TBR-22	2802971	S	10575	2243	12818	0.00184
Luteitalea pratensis	1855912	S	8933	1162	10095	0.00145
Sulfidibacter corallicola	2818388	S	1114	34	1148	0.00017
Nitrospira moscoviensis	42253	S	1924	199	2123	0.00031
Nitrospira japonica	1325564	S	1118	152	1270	0.00018
Fusarium acuminatum	5515	S	8705	878	9583	0.00138
Fusarium oxysporum	5507	S	1427	846	2273	0.00033
Cordyceps fumosorosea	114497	S	1014	113	1127	0.00016
Purpureocillium lilacinum	33203	S	2444	273	2717	0.00039
Colletotrichum higginsianum	80884	S	1134	451	1585	0.00023
Thermothielavioides terrestris	2587410	S	1734	172	1906	0.00027
Thermothelomyces thermophilus	78579	S	1513	110	1623	0.00023
Aspergillus puulaauensis	1220207	S	1511	145	1656	0.00024
Aspergillus chevalieri	182096	S	1369	328	1697	0.00024
Talaromyces rugulosus	121627	S	1590	227	1817	0.00026
Pseudozyma flocculosa	84751	S	1675	78	1753	0.00025
Phytophthora cinnamomi	4785	S	1079	526	1605	0.00023
