name	taxonomy_id	taxonomy_lvl	kraken_assigned_reads	added_reads	new_est_reads	fraction_total_reads
Streptomycetaceae	2062	F	975578	200758	1176336	0.14277
Microbacteriaceae	85023	F	205437	26424	231861	0.02814
Micrococcaceae	1268	F	110194	23263	133457	0.01620
Intrasporangiaceae	85021	F	39552	8938	48490	0.00589
Cellulomonadaceae	85016	F	38717	11785	50502	0.00613
Promicromonosporaceae	85017	F	19905	7074	26979	0.00327
Ornithinimicrobiaceae	2805590	F	15851	2959	18810	0.00228
Dermabacteraceae	85020	F	11204	1934	13138	0.00159
Brevibacteriaceae	85019	F	11007	1991	12998	0.00158
Dermacoccaceae	145357	F	8695	1839	10534	0.00128
Bogoriellaceae	145358	F	7855	2137	9992	0.00121
Ruaniaceae	1331736	F	6709	6874	13583	0.00165
Beutenbergiaceae	125316	F	4528	1305	5833	0.00071
Sanguibacteraceae	145360	F	3341	950	4291	0.00052
Dermatophilaceae	85018	F	1547	136	1683	0.00020
Kytococcaceae	2805426	F	1334	444	1778	0.00022
Mycobacteriaceae	1762	F	225539	24814	250353	0.03038
Nocardiaceae	85025	F	109383	19965	129348	0.01570
Corynebacteriaceae	1653	F	28849	6357	35206	0.00427
Gordoniaceae	85026	F	25986	6172	32158	0.00390
Tsukamurellaceae	85028	F	7874	1735	9609	0.00117
Dietziaceae	85029	F	4552	4176	8728	0.00106
Nocardioidaceae	85015	F	327133	58712	385845	0.04683
Propionibacteriaceae	31957	F	35799	7671	43470	0.00528
Kribbellaceae	2726069	F	33396	4334	37730	0.00458
Actinopolymorphaceae	2805400	F	6508	640	7148	0.00087
Pseudonocardiaceae	2070	F	301637	40706	342343	0.04155
Micromonosporaceae	28056	F	230150	27979	258129	0.03133
Thermomonosporaceae	2012	F	114606	19211	133817	0.01624
Streptosporangiaceae	2004	F	47373	6653	54026	0.00656
Nocardiopsaceae	83676	F	17758	2529	20287	0.00246
Geodermatophilaceae	85030	F	41189	9180	50369	0.00611
Actinomycetaceae	2049	F	18255	2396	20651	0.00251
Frankiaceae	74712	F	18207	1626	19833	0.00241
Jiangellaceae	1217100	F	12344	1917	14261	0.00173
Bifidobacteriaceae	31953	F	7662	1808	9470	0.00115
Nakamurellaceae	85031	F	7530	880	8410	0.00102
Catenulisporaceae	414877	F	4947	632	5579	0.00068
Jatrophihabitantaceae	2805416	F	4088	317	4405	0.00053
Glycomycetaceae	85034	F	2765	197	2962	0.00036
Kineosporiaceae	83778	F	2250	547	2797	0.00034
Sporichthyaceae	85033	F	1540	635	2175	0.00026
Actinopolysporaceae	622451	F	1189	107	1296	0.00016
Conexibacteraceae	320583	F	80307	10970	91277	0.01108
Miltoncostaeaceae	2843199	F	16881	2062	18943	0.00230
Baekduiaceae	2600303	F	30252	4679	34931	0.00424
Rubrobacteraceae	84997	F	12140	489	12629	0.00153
Iamiaceae	633392	F	25108	2958	28066	0.00341
Ilumatobacteraceae	2448023	F	2743	166	2909	0.00035
Acidimicrobiaceae	84994	F	1021	79	1100	0.00013
Eggerthellaceae	1643826	F	6629	987	7616	0.00092
Atopobiaceae	1643824	F	3293	692	3985	0.00048
Coriobacteriaceae	84107	F	1459	319	1778	0.00022
Egibacteraceae	1747769	F	2817	150	2967	0.00036
Euzebyaceae	908622	F	2578	190	2768	0.00034
Egicoccaceae	1755824	F	2423	338	2761	0.00034
Paenibacillaceae	186822	F	30153	2452	32605	0.00396
Bacillaceae	186817	F	29153	39581	68734	0.00834
Alicyclobacillaceae	186823	F	3076	467	3543	0.00043
Planococcaceae	186818	F	1436	427	1863	0.00023
Thermoactinomycetaceae	186824	F	1119	1030	2149	0.00026
Lactobacillaceae	33958	F	1987	776	2763	0.00034
Oscillospiraceae	216572	F	4408	2165	6573	0.00080
Clostridiales Family XVII. Incertae Sedis	539000	F	3273	576	3849	0.00047
Lachnospiraceae	186803	F	1751	528	2279	0.00028
Clostridiaceae	31979	F	1452	227	1679	0.00020
Symbiobacteriaceae	543349	F	1332	107	1439	0.00017
Thermoanaerobacteraceae	186814	F	1657	290	1947	0.00024
Selenomonadaceae	1843491	F	1839	124	1963	0.00024
Limnochordaceae	1676650	F	1323	49	1372	0.00017
Deinococcaceae	183710	F	15196	694	15890	0.00193
Thermaceae	188786	F	5612	312	5924	0.00072
Trueperaceae	332247	F	1120	53	1173	0.00014
Synechococcaceae	1890426	F	7305	837	8142	0.00099
Prochlorococcaceae	2881426	F	1652	339	1991	0.00024
Nostocaceae	1162	F	1302	607	1909	0.00023
Gloeobacteraceae	1890422	F	2216	58	2274	0.00028
Leptolyngbyaceae	1890438	F	1362	134	1496	0.00018
Sphaerobacteraceae	85002	F	3406	238	3644	0.00044
Roseiflexaceae	1508635	F	2342	159	2501	0.00030
Tepidiformaceae	2682227	F	2216	94	2310	0.00028
Ardenticatenaceae	1382930	F	1912	38	1950	0.00024
Fimbriimonadaceae	1663426	F	1187	6	1193	0.00014
Bradyrhizobiaceae	41294	F	602345	51280	653625	0.07933
Phyllobacteriaceae	69277	F	168982	24445	193427	0.02348
Rhizobiaceae	82115	F	129283	22641	151924	0.01844
Methylobacteriaceae	119045	F	71762	9919	81681	0.00991
Hyphomicrobiaceae	45401	F	58362	4601	62963	0.00764
Xanthobacteraceae	335928	F	55356	7809	63165	0.00767
Boseaceae	2831100	F	20804	2727	23531	0.00286
Devosiaceae	2831106	F	20729	22971	43700	0.00530
Aurantimonadaceae	255475	F	15958	2724	18682	0.00227
Methylocystaceae	31993	F	12073	880	12953	0.00157
Phreatobacteraceae	2843305	F	9683	1387	11070	0.00134
Stappiaceae	2821832	F	9386	1798	11184	0.00136
Beijerinckiaceae	45404	F	6166	383	6549	0.00079
Blastochloridaceae	2831090	F	5789	1172	6961	0.00084
Parvibaculaceae	2813035	F	5672	1323	6995	0.00085
Chelatococcaceae	2036754	F	4911	934	5845	0.00071
Kaistiaceae	2831111	F	3634	765	4399	0.00053
Brucellaceae	118882	F	3258	1351	4609	0.00056
Amorphaceae	2685818	F	2977	288	3265	0.00040
Lichenihabitantaceae	2723775	F	2016	85	2101	0.00026
Pleomorphomonadaceae	2843308	F	2005	303	2308	0.00028
Breoghaniaceae	2831104	F	1867	213	2080	0.00025
Sphingomonadaceae	41297	F	200505	26173	226678	0.02751
Erythrobacteraceae	335929	F	32101	5679	37780	0.00459
Sphingosinicellaceae	2820280	F	8641	635	9276	0.00113
Azospirillaceae	2829815	F	43949	4449	48398	0.00587
Acetobacteraceae	433	F	40569	4826	45395	0.00551
Rhodospirillaceae	41295	F	25888	103637	129525	0.01572
Stellaceae	2844601	F	5205	345	5550	0.00067
Elioraeaceae	2690195	F	2289	109	2398	0.00029
Thalassospiraceae	2844866	F	1480	100	1580	0.00019
Rhodobacteraceae	31989	F	48996	6328	55324	0.00671
Roseobacteraceae	2854170	F	34321	3502	37823	0.00459
Caulobacteraceae	76892	F	55114	4880	59994	0.00728
Maricaulaceae	2800061	F	2784	267	3051	0.00037
Hyphomonadaceae	69657	F	2655	98	2753	0.00033
Burkholderiaceae	119060	F	219126	58627	277753	0.03371
Comamonadaceae	80864	F	151085	52068	203153	0.02466
Oxalobacteraceae	75682	F	65227	8625	73852	0.00896
Alcaligenaceae	506	F	51033	67708	118741	0.01441
Sutterellaceae	995019	F	1130	98	1228	0.00015
Zoogloeaceae	2008794	F	17966	7497	25463	0.00309
Rhodocyclaceae	75787	F	13560	4464	18024	0.00219
Azonexaceae	2008795	F	4913	552	5465	0.00066
Usitatibacteraceae	2803844	F	14906	1207	16113	0.00196
Sterolibacteriaceae	2008793	F	5385	1481	6866	0.00083
Nitrosomonadaceae	206379	F	3814	172	3986	0.00048
Gallionellaceae	90627	F	3024	359	3383	0.00041
Thiobacillaceae	2008790	F	2954	881	3835	0.00047
Sulfuricellaceae	2772226	F	2458	311	2769	0.00034
Methylophilaceae	32011	F	1176	111	1287	0.00016
Chromobacteriaceae	1499392	F	16276	3290	19566	0.00237
Neisseriaceae	481	F	6996	1713	8709	0.00106
Casimicrobiaceae	2705999	F	1089	572	1661	0.00020
Xanthomonadaceae	32033	F	153878	31493	185371	0.02250
Rhodanobacteraceae	1775411	F	33613	5266	38879	0.00472
Pseudomonadaceae	135621	F	137138	41015	178153	0.02162
Marinobacteraceae	2887365	F	3338	270	3608	0.00044
Enterobacteriaceae	543	F	21597	78420	100017	0.01214
Yersiniaceae	1903411	F	8715	2389	11104	0.00135
Erwiniaceae	1903409	F	6432	1247	7679	0.00093
Pectobacteriaceae	1903410	F	4025	716	4741	0.00058
Hafniaceae	1903412	F	1187	408	1595	0.00019
Morganellaceae	1903414	F	1042	618	1660	0.00020
Ectothiorhodospiraceae	72276	F	12842	1193	14035	0.00170
Chromatiaceae	1046	F	9526	689	10215	0.00124
Wenzhouxiangellaceae	1676141	F	1572	1402	2974	0.00036
Halomonadaceae	28256	F	20936	2520	23456	0.00285
Alcanivoracaceae	224372	F	2244	1004	3248	0.00039
Oceanospirillaceae	135620	F	1440	158	1598	0.00019
Aeromonadaceae	84642	F	10060	6912	16972	0.00206
Methylococcaceae	403	F	9475	421	9896	0.00120
Sinobacteraceae	568386	F	4346	565	4911	0.00060
Steroidobacteraceae	2689614	F	2548	687	3235	0.00039
Shewanellaceae	267890	F	2783	521	3304	0.00040
Alteromonadaceae	72275	F	1213	166	1379	0.00017
Acidiferrobacteraceae	1692041	F	5691	276	5967	0.00072
Microbulbiferaceae	1706373	F	2702	160	2862	0.00035
Halieaceae	1706372	F	1221	131	1352	0.00016
Cellvibrionaceae	1706371	F	1102	38	1140	0.00014
Vibrionaceae	641	F	3479	792	4271	0.00052
Moraxellaceae	468	F	1843	2133	3976	0.00048
Immundisolibacteraceae	1934946	F	1340	251	1591	0.00019
Salinisphaeraceae	742031	F	1015	874	1889	0.00023
Polyangiaceae	49	F	71113	5991	77104	0.00936
Sandaracinaceae	1055686	F	23821	1373	25194	0.00306
Labilitrichaceae	1524216	F	12443	606	13049	0.00158
Myxococcaceae	31	F	35049	11925	46974	0.00570
Anaeromyxobacteraceae	1524215	F	33034	2533	35567	0.00432
Archangiaceae	39	F	30650	1935	32585	0.00395
Vulgatibacteraceae	1524213	F	3997	328	4325	0.00052
Kofleriaceae	224464	F	9791	540	10331	0.00125
Geobacteraceae	213422	F	13844	1463	15307	0.00186
Desulfuromonadaceae	213421	F	4210	641	4851	0.00059
Desulfovibrionaceae	194924	F	12660	1196	13856	0.00168
Desulfobacteraceae	213119	F	3020	301	3321	0.00040
Desulfobulbaceae	213121	F	1304	209	1513	0.00018
Bradymonadaceae	1779135	F	3950	496	4446	0.00054
Syntrophobacteraceae	213465	F	1098	274	1372	0.00017
Desulfarculaceae	453228	F	1025	580	1605	0.00019
Acidithiobacillaceae	225058	F	1219	130	1349	0.00016
Gemmataceae	1914233	F	49360	1736	51096	0.00620
Isosphaeraceae	1763524	F	36227	3534	39761	0.00483
Lacipirellulaceae	2691359	F	17618	771	18389	0.00223
Pirellulaceae	2691357	F	15738	600	16338	0.00198
Planctomycetaceae	126	F	25129	2376	27505	0.00334
Tepidisphaeraceae	1771355	F	3664	99	3763	0.00046
Phycisphaeraceae	666507	F	2804	178	2982	0.00036
Opitutaceae	134623	F	15004	749	15753	0.00191
Verrucomicrobiaceae	203557	F	9952	371	10323	0.00125
Hymenobacteraceae	1853232	F	13069	551	13620	0.00165
Fulvivirgaceae	2762286	F	4604	121	4725	0.00057
Cytophagaceae	89373	F	2614	119	2733	0.00033
Spirosomaceae	2896860	F	2011	107	2118	0.00026
Chitinophagaceae	563835	F	13036	166	13202	0.00160
Rikenellaceae	171550	F	2875	884	3759	0.00046
Prevotellaceae	171552	F	1242	167	1409	0.00017
Bacteroidaceae	815	F	1054	399	1453	0.00018
Flavobacteriaceae	49546	F	4582	309	4891	0.00059
Weeksellaceae	2762318	F	1670	406	2076	0.00025
Rhodothermaceae	563843	F	5495	260	5755	0.00070
Sphingobacteriaceae	84566	F	3325	352	3677	0.00045
Chlorobiaceae	191412	F	2299	267	2566	0.00031
Gemmatimonadaceae	219687	F	48177	2789	50966	0.00619
Vicinamibacteraceae	2211325	F	31071	1830	32901	0.00399
Acidobacteriaceae	204434	F	23647	519	24166	0.00293
Bryobacteraceae	1962910	F	4713	2112	6825	0.00083
Acanthopleuribacteraceae	533207	F	1209	22	1231	0.00015
Nitrospiraceae	189779	F	5703	86	5789	0.00070
Synergistaceae	649777	F	1841	541	2382	0.00029
Nectriaceae	110618	F	10121	671	10792	0.00131
Bionectriaceae	103887	F	3647	211	3858	0.00047
Hypocreaceae	5129	F	3593	115	3708	0.00045
Ophiocordycipitaceae	474942	F	3577	153	3730	0.00045
Clavicipitaceae	34397	F	2806	230	3036	0.00037
Cordycipitaceae	474943	F	2797	68	2865	0.00035
Glomerellaceae	681950	F	1129	207	1336	0.00016
Chaetomiaceae	35718	F	2602	78	2680	0.00033
Pyriculariaceae	2528436	F	1208	9	1217	0.00015
Sporocadaceae	1812776	F	1478	22	1500	0.00018
Aspergillaceae	1131492	F	4814	240	5054	0.00061
Trichocomaceae	28568	F	1156	82	1238	0.00015
Ustilaginaceae	5268	F	1995	62	2057	0.00025
Peronosporaceae	4777	F	3765	665	4430	0.00054
