name	taxonomy_id	taxonomy_lvl	kraken_assigned_reads	added_reads	new_est_reads	fraction_total_reads
Bradyrhizobium sp. 170	2782641	S	15232	5504	20736	0.00390
Bradyrhizobium sp. 200	2782665	S	14349	4554	18903	0.00355
Bradyrhizobium sp. CCBAU 051011	858422	S	8524	2038	10562	0.00199
Bradyrhizobium sp. CCBAU 51753	1325100	S	7324	2049	9373	0.00176
Bradyrhizobium sp. A19	2898149	S	5602	1306	6908	0.00130
Bradyrhizobium sp. BTAi1	288000	S	5313	1298	6611	0.00124
Bradyrhizobium sp. 186	2782654	S	5268	1982	7250	0.00136
Bradyrhizobium sp. ORS 278	114615	S	5131	1607	6738	0.00127
Bradyrhizobium sp. ORS 285	115808	S	5080	1567	6647	0.00125
Bradyrhizobium sp. SK17	2057741	S	4945	2083	7028	0.00132
Bradyrhizobium sp. CCBAU 53338	1325111	S	4216	2068	6284	0.00118
Bradyrhizobium sp. CCBAU 53421	1325120	S	4086	1666	5752	0.00108
Bradyrhizobium sp. 195	2782662	S	4032	1939	5971	0.00112
Bradyrhizobium sp. CCBAU 53340	1325112	S	3875	1809	5684	0.00107
Bradyrhizobium sp. CCBAU 53351	1325114	S	3298	2025	5323	0.00100
Bradyrhizobium sp. 6(2017)	1197460	S	3231	1901	5132	0.00096
Bradyrhizobium sp. 1(2017)	1404888	S	3135	1278	4413	0.00083
Bradyrhizobium sp. S2-11-2	2840472	S	2821	3398	6219	0.00117
Bradyrhizobium sp. S2-20-1	2840469	S	2500	3235	5735	0.00108
Bradyrhizobium sp. 41S5	1404443	S	2414	2011	4425	0.00083
Bradyrhizobium sp. CCGE-LA001	1223566	S	2280	1072	3352	0.00063
Bradyrhizobium sp. S2-11-4	2840473	S	2268	3239	5507	0.00104
Bradyrhizobium sp. 191	2782659	S	1896	2884	4780	0.00090
Bradyrhizobium sp. I71	2590772	S	1858	2514	4372	0.00082
Bradyrhizobium sp. CCBAU 51765	1325102	S	1762	2416	4178	0.00079
Bradyrhizobium sp. C-145	574727	S	1356	1560	2916	0.00055
Bradyrhizobium sp.	376	S	1059	4036	5095	0.00096
Bradyrhizobium erythrophlei	1437360	S	28630	2875	31505	0.00592
Bradyrhizobium diazoefficiens	1355477	S	15109	24310	39419	0.00741
Bradyrhizobium lablabi	722472	S	8170	10172	18342	0.00345
Bradyrhizobium canariense	255045	S	7114	12509	19623	0.00369
Bradyrhizobium paxllaeri	190148	S	6927	1487	8414	0.00158
Bradyrhizobium icense	1274631	S	6799	1140	7939	0.00149
Bradyrhizobium japonicum	375	S	5806	9570	15376	0.00289
Bradyrhizobium genosp. L	83637	S	5581	1376	6957	0.00131
Bradyrhizobium oligotrophicum	44255	S	4452	972	5424	0.00102
Bradyrhizobium arachidis	858423	S	4426	1473	5899	0.00111
Bradyrhizobium guangzhouense	1325095	S	3953	1735	5688	0.00107
Bradyrhizobium genosp. B	83627	S	3602	917	4519	0.00085
Bradyrhizobium guangdongense	1325090	S	3489	1575	5064	0.00095
Bradyrhizobium quebecense	2748629	S	3229	2087	5316	0.00100
Bradyrhizobium cosmicum	1404864	S	3104	1188	4292	0.00081
Bradyrhizobium vignae	1549949	S	2909	814	3723	0.00070
Bradyrhizobium septentrionale	1404411	S	2713	1878	4591	0.00086
Bradyrhizobium guangxiense	1325115	S	2653	1333	3986	0.00075
Bradyrhizobium betae	244734	S	1991	1253	3244	0.00061
Bradyrhizobium daqingense	993502	S	1967	1222	3189	0.00060
Bradyrhizobium amphicarpaeae	1404768	S	1933	933	2866	0.00054
Bradyrhizobium symbiodeficiens	1404367	S	1791	3027	4818	0.00091
Bradyrhizobium zhanjiangense	1325107	S	1284	1445	2729	0.00051
Bradyrhizobium elkanii	29448	S	1223	4653	5876	0.00110
Rhodopseudomonas palustris	1076	S	13010	5431	18441	0.00347
Rhodopseudomonas sp. SK50-23	340268	S	1906	443	2349	0.00044
Rhodopseudomonas boonkerdii	475937	S	1873	526	2399	0.00045
Tardiphaga sp. 37S4	1404741	S	1113	3732	4845	0.00091
Tardiphaga robiniae	943830	S	1094	750	1844	0.00035
Nitrobacter hamburgensis	912	S	3844	747	4591	0.00086
Nitrobacter winogradskyi	913	S	1738	354	2092	0.00039
Afipia sp. GAS231	1882747	S	2748	1858	4606	0.00087
Afipia carboxidovorans	40137	S	2566	820	3386	0.00064
Variibacter gotjawalensis	1333996	S	3565	375	3940	0.00074
Mesorhizobium sp. B2-8-5	2589903	S	4925	2599	7524	0.00141
Mesorhizobium sp. J8	2777475	S	3352	1739	5091	0.00096
Mesorhizobium sp. M1B.F.Ca.ET.045.04.1.1	2493673	S	2250	1434	3684	0.00069
Mesorhizobium sp. 8	2584466	S	2178	688	2866	0.00054
Mesorhizobium sp. M1D.F.Ca.ET.043.01.1.1	2493669	S	2029	2127	4156	0.00078
Mesorhizobium sp. M1E.F.Ca.ET.045.02.1.1	2493672	S	2010	1714	3724	0.00070
Mesorhizobium sp. B1-1-8	2589976	S	1982	747	2729	0.00051
Mesorhizobium sp. M3A.F.Ca.ET.080.04.2.1	2493676	S	1792	848	2640	0.00050
Mesorhizobium sp. 131-2-1	2744518	S	1788	1573	3361	0.00063
Mesorhizobium sp. M2A.F.Ca.ET.043.05.1.1	2493671	S	1758	2817	4575	0.00086
Mesorhizobium sp. M1A.F.Ca.IN.022.06.1.1	2493680	S	1719	907	2626	0.00049
Mesorhizobium sp. M4B.F.Ca.ET.058.02.1.1	2493675	S	1584	1090	2674	0.00050
Mesorhizobium sp. B2-1-1	2589974	S	1557	517	2074	0.00039
Mesorhizobium sp. DCY119	2108445	S	1513	450	1963	0.00037
Mesorhizobium sp. Pch-S	2082387	S	1481	269	1750	0.00033
Mesorhizobium sp. PAMC28654	2880934	S	1422	387	1809	0.00034
Mesorhizobium sp. INR15	2654248	S	1407	291	1698	0.00032
Mesorhizobium sp. M9A.F.Ca.ET.002.03.1.2	2493668	S	1120	879	1999	0.00038
Mesorhizobium sp. B2-1-8	2589967	S	1100	530	1630	0.00031
Mesorhizobium sp. L-2-11	2744521	S	1072	639	1711	0.00032
Mesorhizobium sp. M6A.T.Cr.TU.016.01.1.1	2493677	S	1057	565	1622	0.00030
Mesorhizobium sp. B4-1-4	2589888	S	1048	375	1423	0.00027
Mesorhizobium sp. M8A.F.Ca.ET.057.01.1.1	2493679	S	1041	645	1686	0.00032
Mesorhizobium sp. M7D.F.Ca.US.005.01.1.1	2493678	S	1026	537	1563	0.00029
Mesorhizobium opportunistum	593909	S	1499	826	2325	0.00044
Mesorhizobium terrae	2725666	S	1488	597	2085	0.00039
Mesorhizobium amorphae	71433	S	1449	448	1897	0.00036
Mesorhizobium loti	381	S	1036	12205	13241	0.00249
Aquibium microcysteis	675281	S	2595	952	3547	0.00067
Aquibium oceanicum	1670800	S	1827	541	2368	0.00045
Aminobacter sp. MSH1	374606	S	1389	2672	4061	0.00076
Nitratireductor sp. SY7	2599600	S	1694	446	2140	0.00040
Roseitalea porphyridii	1852022	S	1371	309	1680	0.00032
Oricola thermophila	2742145	S	1027	190	1217	0.00023
Rhizobium sp. WYJ-E13	2849093	S	1731	2093	3824	0.00072
Rhizobium sp. BG4	2613770	S	1041	1403	2444	0.00046
Rhizobium leguminosarum	384	S	4905	16161	21066	0.00396
Rhizobium etli	29449	S	1332	1638	2970	0.00056
Rhizobium jaguaris	1312183	S	1020	169	1189	0.00022
Agrobacterium tumefaciens	358	S	2156	6951	9107	0.00171
Agrobacterium vitis	373	S	1388	249	1637	0.00031
Neorhizobium galegae	399	S	2933	1090	4023	0.00076
Sinorhizobium fredii	380	S	2856	4834	7690	0.00145
Sinorhizobium meliloti	382	S	2091	3176	5267	0.00099
Sinorhizobium americanum	194963	S	1061	528	1589	0.00030
Ensifer adhaerens	106592	S	2638	2443	5081	0.00096
Ensifer mexicanus	375549	S	1348	287	1635	0.00031
Shinella sp. HZN7	879274	S	1421	1666	3087	0.00058
Shinella sp. PSBB067	2715959	S	1249	1299	2548	0.00048
Shinella zoogloeoides	352475	S	1230	2455	3685	0.00069
Methylobacterium sp. 17Sr1-1	2202826	S	1956	1642	3598	0.00068
Methylobacterium sp. WL1	2603276	S	1751	599	2350	0.00044
Methylobacterium aquaticum	270351	S	3679	2825	6504	0.00122
Methylobacterium nodulans	114616	S	3622	735	4357	0.00082
Methylobacterium tardum	374432	S	2819	1741	4560	0.00086
Methylobacterium currus	2051553	S	2447	1738	4185	0.00079
Methylobacterium durans	2202825	S	2375	512	2887	0.00054
Methylobacterium radiodurans	2202828	S	2219	835	3054	0.00057
Methylobacterium mesophilicum	39956	S	1974	698	2672	0.00050
Methylobacterium brachiatum	269660	S	1837	990	2827	0.00053
Methylobacterium terrae	2202827	S	1835	1489	3324	0.00062
Methylobacterium organophilum	410	S	1740	1933	3673	0.00069
Methylobacterium oryzae	334852	S	1719	4468	6187	0.00116
Methylobacterium indicum	1775910	S	1639	1451	3090	0.00058
Microvirga sp. VF16	2807101	S	2334	449	2783	0.00052
Microvirga sp. 17 mud 1-3	2082949	S	1404	380	1784	0.00034
Microvirga ossetica	1882682	S	2923	645	3568	0.00067
Microvirga thermotolerans	2651334	S	1844	685	2529	0.00048
Methylorubrum populi	223967	S	2965	1663	4628	0.00087
Methylorubrum extorquens	408	S	2504	4843	7347	0.00138
Methylorubrum sp. B1-46	2897334	S	1011	487	1498	0.00028
Pseudolabrys taiwanensis	331696	S	16052	3651	19703	0.00370
Pseudolabrys sp. FHR47	2562284	S	10074	2403	12477	0.00235
Xanthobacter dioxanivorans	2528964	S	2794	2609	5403	0.00102
Starkeya sp. ORNL1	2709380	S	3278	895	4173	0.00078
Starkeya novella	921	S	2464	1186	3650	0.00069
Ancylobacter polymorphus	223390	S	1866	1129	2995	0.00056
Ancylobacter sp. TS-1	1850374	S	1770	942	2712	0.00051
Ancylobacter pratisalsi	1745854	S	1615	470	2085	0.00039
Labrys sp. KNU-23	2789216	S	2301	334	2635	0.00050
Azorhizobium caulinodans	7	S	1959	564	2523	0.00047
Rhodoplanes sp. Z2-YC6860	674703	S	23027	2958	25985	0.00488
Hyphomicrobium denitrificans	53399	S	3380	473	3853	0.00072
Hyphomicrobium nitrativorans	1427356	S	1540	183	1723	0.00032
Hyphomicrobium sp. MC1	717785	S	1487	129	1616	0.00030
Methyloceanibacter caenitepidi	1384459	S	1251	330	1581	0.00030
Methyloceanibacter sp. wino2	2170729	S	1224	345	1569	0.00029
Methyloligella sp. GL2	2742204	S	1921	320	2241	0.00042
Aquabacter sp. L1I39	2820278	S	1625	354	1979	0.00037
Rhodomicrobium vannielii	1069	S	1158	116	1274	0.00024
Bosea sp. F3-2	2599640	S	2486	919	3405	0.00064
Bosea sp. Tri-49	1867715	S	2416	664	3080	0.00058
Bosea sp. RAC05	1842539	S	2314	882	3196	0.00060
Bosea sp. AS-1	2015316	S	2089	757	2846	0.00054
Bosea sp. ANAM02	2020412	S	1914	799	2713	0.00051
Bosea sp. PAMC 26642	1792307	S	1885	467	2352	0.00044
Bosea vaviloviae	1526658	S	2143	610	2753	0.00052
Devosia sp. A16	1736675	S	2508	1127	3635	0.00068
Paradevosia shaoguanensis	1335043	S	1260	636	1896	0.00036
Youhaiella tibetensis	1447062	S	1236	358	1594	0.00030
Aureimonas sp. SA4125	2826993	S	1712	460	2172	0.00041
Aureimonas sp. AU20	1349819	S	1571	345	1916	0.00036
Aureimonas populi	1701758	S	1251	436	1687	0.00032
Aureimonas mangrovi	2758041	S	1222	454	1676	0.00032
Aurantimonas sp. HBX-1	2906072	S	1959	790	2749	0.00052
Nordella sp. HKS 07	2712222	S	6901	520	7421	0.00139
Pseudorhodoplanes sinuspersici	1235591	S	4845	470	5315	0.00100
Terrihabitans soli	708113	S	1273	191	1464	0.00028
Methylocystis parvus	134	S	1460	836	2296	0.00043
Methylocystis bryophila	655015	S	1304	425	1729	0.00033
Methylocystis heyeri	391905	S	1249	506	1755	0.00033
Methylosinus trichosporium	426	S	2008	508	2516	0.00047
Methylosinus sp. C49	2699395	S	1575	397	1972	0.00037
Stappia indica	538381	S	2090	677	2767	0.00052
Stappia sp. ES.058	1881061	S	1158	202	1360	0.00026
Roseibium aggregatum	187304	S	1258	246	1504	0.00028
Pannonibacter phragmitetus	121719	S	1514	1325	2839	0.00053
Phreatobacter stygius	1940610	S	3420	668	4088	0.00077
Phreatobacter cathodiphilus	1868589	S	2603	1019	3622	0.00068
Phreatobacter sp. NMCR1094	2570229	S	1994	485	2479	0.00047
Methylocella silvestris	199596	S	1482	228	1710	0.00032
Methylocella tundrae	227605	S	1323	175	1498	0.00028
Methylovirgula ligni	569860	S	1300	206	1506	0.00028
Methylovirgula sp. HY1	2822761	S	1054	87	1141	0.00021
Blastochloris tepida	2233851	S	2630	1177	3807	0.00072
Blastochloris viridis	1079	S	2424	895	3319	0.00062
Kaustia mangrovi	2593653	S	2570	367	2937	0.00055
Parvibaculum lavamentivorans	256618	S	1347	1537	2884	0.00054
Chelatococcus sp. CO-6	1702325	S	2187	1564	3751	0.00071
Chelatococcus daeguensis	444444	S	1147	803	1950	0.00037
Kaistia sp. 32K	2795690	S	2914	998	3912	0.00074
Acuticoccus sp. I52.16.1	2928472	S	2772	458	3230	0.00061
Breoghania sp. L-A4	2304600	S	1736	321	2057	0.00039
Hartmannibacter diazotrophicus	1482074	S	1734	416	2150	0.00040
Sphingomonas sp. DM2-R-LB4	2899123	S	1818	1296	3114	0.00059
Sphingomonas sp. AK-PDB1-5	2872652	S	1601	466	2067	0.00039
Sphingomonas sp. CL5.1	2653203	S	1559	915	2474	0.00047
Sphingomonas sp. S8-45	2938948	S	1500	343	1843	0.00035
Sphingomonas sp. MM-1	745310	S	1327	3458	4785	0.00090
Sphingomonas sp. AP4-R1	2735134	S	1302	298	1600	0.00030
Sphingomonas sp. Cra20	1327635	S	1298	345	1643	0.00031
Sphingomonas sp. AAP5	1523415	S	1222	533	1755	0.00033
Sphingomonas sp. LM7	1938607	S	1174	429	1603	0.00030
Sphingomonas sp. NBWT7	2596913	S	1105	715	1820	0.00034
Sphingomonas sp. HDW15A	2714942	S	1050	165	1215	0.00023
Sphingomonas sp. FARSPH	2219696	S	1031	1511	2542	0.00048
Sphingomonas lutea	1045317	S	2986	748	3734	0.00070
Sphingomonas ginsengisoli An et al. 2013	363835	S	2529	660	3189	0.00060
Sphingomonas daechungensis	1176646	S	2163	402	2565	0.00048
Sphingomonas sediminicola	386874	S	2021	371	2392	0.00045
Sphingomonas alpina	653931	S	2015	317	2332	0.00044
Sphingomonas sinipercae	2714944	S	1804	471	2275	0.00043
Sphingomonas sabuli	2764186	S	1797	429	2226	0.00042
Sphingomonas profundi	2681549	S	1778	533	2311	0.00043
Sphingomonas sanxanigenens	397260	S	1638	1420	3058	0.00057
Sphingomonas rhizophila	2071607	S	1461	686	2147	0.00040
Sphingomonas taxi	1549858	S	1334	782	2116	0.00040
Sphingomonas hengshuiensis	1609977	S	1323	327	1650	0.00031
Sphingomonas panacis	1560345	S	1290	362	1652	0.00031
Sphingomonas piscis	2714943	S	1288	231	1519	0.00029
Sphingomonas panacisoli	1813879	S	1067	276	1343	0.00025
Sphingomonas koreensis	93064	S	1053	1464	2517	0.00047
Sphingomonas changnyeongensis	2698679	S	1009	379	1388	0.00026
Sphingobium sp. SYK-6	627192	S	1002	748	1750	0.00033
Sphingobium yanoikuyae	13690	S	1164	4970	6134	0.00115
Sphingopyxis macrogoltabida	33050	S	1534	3487	5021	0.00094
Novosphingobium sp. Sx8-5	2896849	S	1131	550	1681	0.00032
Novosphingobium sp. Gsoil 351	2675225	S	1041	196	1237	0.00023
Novosphingobium sp. EMRT-2	2571749	S	1036	1270	2306	0.00043
Novosphingobium resinovorum	158500	S	1137	1321	2458	0.00046
Rhizorhabdus wittichii	160791	S	2189	2315	4504	0.00085
Rhizorhabdus dicambivorans	1850238	S	1221	1698	2919	0.00055
Allosphingosinicella indica	941907	S	1254	308	1562	0.00029
Erythrobacter litoralis	39960	S	1192	1536	2728	0.00051
Qipengyuania flava	192812	S	1208	2408	3616	0.00068
Sphingosinicella sp. BN140058	1892855	S	1697	345	2042	0.00038
Azospirillum sp. B510	137722	S	1465	769	2234	0.00042
Azospirillum sp. TSH100	652764	S	1258	819	2077	0.00039
Azospirillum sp. TSA2s	709810	S	1168	1281	2449	0.00046
Azospirillum brasilense	192	S	4518	5874	10392	0.00195
Azospirillum thermophilum	2202148	S	2847	1019	3866	0.00073
Azospirillum thiophilum	528244	S	1906	942	2848	0.00054
Azospirillum ramasamyi	682998	S	1044	905	1949	0.00037
Skermanella mucosa	1789672	S	1710	1298	3008	0.00057
Skermanella sp. TT6	2775420	S	1598	1838	3436	0.00065
Skermanella pratensis	2233999	S	1477	926	2403	0.00045
Skermanella rosea	1817965	S	1438	1398	2836	0.00053
Nitrospirillum amazonense	28077	S	2061	375	2436	0.00046
Indioceanicola profundi	2220096	S	1430	307	1737	0.00033
Roseomonas sp. OT10	2897332	S	2936	1212	4148	0.00078
Roseomonas sp. S08	1750527	S	2764	352	3116	0.00059
Roseomonas gilardii	257708	S	2387	3282	5669	0.00107
Roseomonas haemaphysalidis	2768162	S	2133	513	2646	0.00050
Roseomonas marmotae	2768161	S	1835	464	2299	0.00043
Rhodovastum atsumiense	504468	S	4174	902	5076	0.00095
Roseococcus microcysteis	2771361	S	1923	438	2361	0.00044
Acidibrevibacterium fodinaquatile	1969806	S	1909	315	2224	0.00042
Lichenicola cladoniae	1484109	S	1617	178	1795	0.00034
Sediminicoccus rosea	1225128	S	1568	201	1769	0.00033
Gluconacetobacter diazotrophicus	33996	S	1175	887	2062	0.00039
Hypericibacter adhaerens	2602016	S	4934	1042	5976	0.00112
Hypericibacter terrae	2602015	S	4732	767	5499	0.00103
Magnetospirillum gryphiswaldense	55518	S	1160	156093	157253	0.02956
Magnetospirillum magneticum	84159	S	1003	181	1184	0.00022
Rhodospirillum centenum	34018	S	1909	436	2345	0.00044
Rhodospirillum rubrum	1085	S	1151	149	1300	0.00024
Tistrella mobilis	171437	S	2134	1680	3814	0.00072
Ferrovibrio terrae	2594003	S	1717	169	1886	0.00035
Defluviicoccus vanus	111831	S	1230	170	1400	0.00026
Stella humosa	94	S	4822	532	5354	0.00101
Elioraea tepida	2843330	S	2368	205	2573	0.00048
Paracoccus sanguinis	1545044	S	1148	2780	3928	0.00074
Cereibacter sphaeroides	1063	S	2669	2881	5550	0.00104
Rhodobacter capsulatus	1061	S	1133	571	1704	0.00032
Polymorphum gilvum	991904	S	1724	664	2388	0.00045
Paroceanicella profunda	2579971	S	1652	1282	2934	0.00055
Pikeienuella piscinae	2748098	S	1232	210	1442	0.00027
Pontivivens ytuae	2789856	S	1132	202	1334	0.00025
Roseovarius indicus	540747	S	1068	1386	2454	0.00046
Salipiger profundus	1229727	S	1133	1503	2636	0.00050
Roseivivax marinus	1379903	S	1089	532	1621	0.00030
Sagittula sp. P11	2009329	S	1038	1311	2349	0.00044
Caulobacter sp. S6	2823693	S	2491	392	2883	0.00054
Caulobacter segnis	88688	S	2593	1476	4069	0.00076
Caulobacter mirabilis	69666	S	1990	511	2501	0.00047
Caulobacter vibrioides	155892	S	1797	833	2630	0.00049
Caulobacter flavus	1679497	S	1723	596	2319	0.00044
Caulobacter rhizosphaerae	2010972	S	1491	497	1988	0.00037
Caulobacter soli	2708539	S	1406	510	1916	0.00036
Brevundimonas naejangsanensis	588932	S	1184	2739	3923	0.00074
Phenylobacterium zucineum	284016	S	3251	917	4168	0.00078
Phenylobacterium parvum	2201350	S	1131	175	1306	0.00025
Terricaulis silvestris	2686094	S	1444	74	1518	0.00029
Marinicauda algicola	2029849	S	1279	315	1594	0.00030
Burkholderia multivorans	87883	S	3444	2561	6005	0.00113
Burkholderia ubonensis	101571	S	3301	3411	6712	0.00126
Burkholderia cenocepacia	95486	S	2717	14121	16838	0.00316
Burkholderia cepacia	292	S	2311	10451	12762	0.00240
Burkholderia pyrrocinia	60550	S	1518	1405	2923	0.00055
Burkholderia ambifaria	152480	S	1306	1982	3288	0.00062
Burkholderia contaminans	488447	S	1285	1340	2625	0.00049
Burkholderia stagnalis	1503054	S	1148	684	1832	0.00034
Burkholderia anthina	179879	S	1114	1816	2930	0.00055
Burkholderia stabilis	95485	S	1043	1262	2305	0.00043
Burkholderia lata	482957	S	1011	1470	2481	0.00047
Burkholderia pseudomallei	28450	S	1529	16661	18190	0.00342
Burkholderia mayonis	1385591	S	1128	445	1573	0.00030
Burkholderia thailandensis	57975	S	1095	5376	6471	0.00122
Burkholderia sp. DHOD12	2571746	S	1840	1328	3168	0.00060
Burkholderia gladioli	28095	S	3993	2303	6296	0.00118
Burkholderia glumae	337	S	1442	997	2439	0.00046
Burkholderia plantarii	41899	S	1155	767	1922	0.00036
Paraburkholderia sp. SOS3	1926494	S	1370	362	1732	0.00033
Paraburkholderia aromaticivorans	2026199	S	2031	1413	3444	0.00065
Paraburkholderia pallida	2547399	S	1886	579	2465	0.00046
Paraburkholderia caribensis	75105	S	1747	1980	3727	0.00070
Paraburkholderia phytofirmans	261302	S	1557	1091	2648	0.00050
Paraburkholderia acidisoli	2571748	S	1552	473	2025	0.00038
Paraburkholderia tropica	92647	S	1546	584	2130	0.00040
Paraburkholderia acidiphila	2571747	S	1445	483	1928	0.00036
Paraburkholderia edwinii	2861782	S	1409	317	1726	0.00032
Paraburkholderia phymatum	148447	S	1296	521	1817	0.00034
Paraburkholderia graminis	60548	S	1278	504	1782	0.00034
Paraburkholderia atlantica	2654982	S	1265	503	1768	0.00033
Paraburkholderia terricola	169427	S	1238	612	1850	0.00035
Paraburkholderia sprentiae	948107	S	1196	429	1625	0.00031
Paraburkholderia fungorum	134537	S	1092	408	1500	0.00028
Paraburkholderia caledonica	134536	S	1024	303	1327	0.00025
Paraburkholderia megapolitana	420953	S	1022	170	1192	0.00022
Paraburkholderia phenoliruptrix	252970	S	1015	460	1475	0.00028
Paraburkholderia terrae	311230	S	1003	1698	2701	0.00051
Cupriavidus taiwanensis	164546	S	5406	8586	13992	0.00263
Cupriavidus pauculus	82633	S	4662	3626	8288	0.00156
Cupriavidus necator	106590	S	2517	3957	6474	0.00122
Cupriavidus basilensis	68895	S	2417	2293	4710	0.00089
Cupriavidus sp. EM10	2839983	S	1019	1173	2192	0.00041
Cupriavidus oxalaticus	96344	S	2253	1789	4042	0.00076
Cupriavidus campinensis	151783	S	1851	1239	3090	0.00058
Cupriavidus metallidurans	119219	S	1527	13104	14631	0.00275
Cupriavidus pinatubonensis	248026	S	1461	454	1915	0.00036
Caballeronia sp. Lep1P3	2878150	S	1786	2298	4084	0.00077
Caballeronia sp. TF1N1	2878153	S	1381	578	1959	0.00037
Caballeronia zhejiangensis	871203	S	5170	1609	6779	0.00127
Caballeronia grimmiae	1071679	S	3427	2813	6240	0.00117
Caballeronia insecticola	758793	S	2665	752	3417	0.00064
Ralstonia solanacearum	305	S	3476	11465	14941	0.00281
Pandoraea pnomenusa	93220	S	1368	1684	3052	0.00057
Pandoraea thiooxydans	445709	S	1112	180	1292	0.00024
Pandoraea pulmonicola	93221	S	1076	730	1806	0.00034
Variovorax sp. HW608	1034889	S	3576	1070	4646	0.00087
Variovorax sp. PBS-H4	434008	S	2108	2611	4719	0.00089
Variovorax sp. PBL-H6	434009	S	1728	3123	4851	0.00091
Variovorax sp. RA8	662548	S	1716	2577	4293	0.00081
Variovorax sp. WDL1	207745	S	1711	4992	6703	0.00126
Variovorax sp. PAMC 28711	1795631	S	1690	509	2199	0.00041
Variovorax sp. RKNM96	2681552	S	1521	883	2404	0.00045
Variovorax sp. PAMC26660	2762322	S	1308	524	1832	0.00034
Variovorax sp. PAMC28562	2762323	S	1175	182	1357	0.00026
Variovorax sp. SRS16	282217	S	1036	4269	5305	0.00100
Variovorax paradoxus	34073	S	7223	10177	17400	0.00327
Variovorax boronicumulans	436515	S	1180	1223	2403	0.00045
Hydrogenophaga sp. BA0156	2716225	S	1407	1936	3343	0.00063
Hydrogenophaga sp. YM1	2806262	S	1383	1320	2703	0.00051
Hydrogenophaga sp. BPS33	2651974	S	1336	2219	3555	0.00067
Hydrogenophaga sp. PBC	795665	S	1239	2845	4084	0.00077
Hydrogenophaga sp. SL48	2806347	S	1097	1079	2176	0.00041
Acidovorax avenae	80867	S	2132	2629	4761	0.00089
Acidovorax antarcticus	2743470	S	1121	1595	2716	0.00051
Acidovorax monticola	1926868	S	1024	740	1764	0.00033
Rhodoferax koreense	1842727	S	1915	1920	3835	0.00072
Rhodoferax sediminis	2509614	S	1191	343	1534	0.00029
Ramlibacter tataouinensis	94132	S	5224	3524	8748	0.00164
Schlegelella thermodepolymerans	215580	S	2019	1750	3769	0.00071
Schlegelella brevitalea	413882	S	1966	504	2470	0.00046
Polaromonas sp. JS666	296591	S	1227	1078	2305	0.00043
Kinneretia sp. DAIF2	2714952	S	2004	1307	3311	0.00062
Alicycliphilus denitrificans	179636	S	1909	6381	8290	0.00156
Verminephrobacter eiseniae	364317	S	1039	231	1270	0.00024
Massilia sp. WG5	1707785	S	2703	2400	5103	0.00096
Massilia sp. LPB0304	2769491	S	1717	1445	3162	0.00059
Massilia sp. HC52	2852099	S	1582	1126	2708	0.00051
Massilia sp. YMA4	1593482	S	1366	1252	2618	0.00049
Massilia sp. DM-R-R2A-13	2899220	S	1244	719	1963	0.00037
Massilia sp. NP310	2861282	S	1092	1260	2352	0.00044
Massilia putida	1141883	S	3241	1545	4786	0.00090
Massilia violaceinigra	2045208	S	2249	910	3159	0.00059
Massilia flava	871742	S	1928	742	2670	0.00050
Massilia umbonata	864828	S	1334	773	2107	0.00040
Massilia albidiflava	321983	S	1330	750	2080	0.00039
Massilia lutea	321985	S	1307	593	1900	0.00036
Massilia armeniaca	2072590	S	1267	904	2171	0.00041
Massilia plicata	321984	S	1164	472	1636	0.00031
Massilia antarctica	2765360	S	1014	503	1517	0.00029
Duganella sp. GN2-R2	2728020	S	1892	1274	3166	0.00060
Duganella sp. AF9R3	2728021	S	1169	389	1558	0.00029
Herbaspirillum robiniae	2014887	S	1268	1310	2578	0.00048
Collimonas fungivorans	158899	S	1118	538	1656	0.00031
Noviherbaspirillum sp. UKPF54	2601898	S	1587	484	2071	0.00039
Achromobacter xylosoxidans	85698	S	3647	10882	14529	0.00273
Achromobacter sp. AONIH1	1758194	S	1277	3538	4815	0.00091
Achromobacter spanius	217203	S	1954	1422	3376	0.00063
Achromobacter denitrificans	32002	S	1747	2207	3954	0.00074
Achromobacter deleyi	1353891	S	1371	1638	3009	0.00057
Bordetella sp. H567	1697043	S	1271	534	1805	0.00034
Bordetella sp. N	1746199	S	1208	309	1517	0.00029
Bordetella bronchialis	463025	S	1521	806	2327	0.00044
Bordetella genomosp. 13	463040	S	1411	2059	3470	0.00065
Bordetella genomosp. 8	1416806	S	1393	704	2097	0.00039
Bordetella flabilis	463014	S	1247	314	1561	0.00029
Bordetella genomosp. 9	1416803	S	1177	758	1935	0.00036
Bordetella hinzii	103855	S	1085	2419	3504	0.00066
Pigmentiphaga sp. H8	2488560	S	2191	516	2707	0.00051
Orrella dioscoreae	1851544	S	1066	697	1763	0.00033
Castellaniella defragrans	75697	S	1232	1572	2804	0.00053
Rhizobacter sp. AJA081-3	2753607	S	2737	1169	3906	0.00073
Rhizobacter gummiphilus	946333	S	2617	907	3524	0.00066
Sphaerotilus sp. FB-5	2914710	S	1899	2215	4114	0.00077
Sphaerotilus natans	34103	S	1745	1186	2931	0.00055
Rubrivivax gelatinosus	28068	S	2785	1533	4318	0.00081
Thiomonas sp. X19	1050370	S	1023	938	1961	0.00037
Aquincola tertiaricarbonis	391953	S	2148	1320	3468	0.00065
Leptothrix cholodnii	34029	S	2086	1133	3219	0.00061
Mitsuaria sp. 7	1658665	S	2057	712	2769	0.00052
Xylophilus rhododendri	2697032	S	1641	859	2500	0.00047
Ideonella dechloratans	36863	S	1163	1236	2399	0.00045
Tepidimonas taiwanensis	307486	S	1048	713	1761	0.00033
Thauera sp. MZ1T	85643	S	1921	3786	5707	0.00107
Thauera sp. K11	2005884	S	1693	1883	3576	0.00067
Thauera humireducens	1134435	S	1100	1340	2440	0.00046
Azoarcus sp. KH32C	748247	S	2126	666	2792	0.00052
Azoarcus sp. DD4	2027405	S	1393	1474	2867	0.00054
Azoarcus olearius	418699	S	1552	931	2483	0.00047
Azoarcus communis	41977	S	1243	870	2113	0.00040
Nitrogeniibacter mangrovi	2016596	S	1406	536	1942	0.00037
Aromatoleum petrolei	76116	S	1777	697	2474	0.00047
Aromatoleum aromaticum	551760	S	1465	1479	2944	0.00055
Aromatoleum pumilum	2067960	S	1300	931	2231	0.00042
Aromatoleum bremense	76115	S	1150	971	2121	0.00040
Azospira restricta	404405	S	2935	3264	6199	0.00117
Niveibacterium microcysteis	2811415	S	1149	322	1471	0.00028
Dechloromonas denitrificans	281362	S	1207	530	1737	0.00033
Ferribacterium limneticum	76259	S	1569	474	2043	0.00038
Usitatibacter rugosus	2732067	S	5739	1104	6843	0.00129
Usitatibacter palustris	2732487	S	4312	875	5187	0.00098
Denitratisoma sp. DHT3	1981880	S	1093	1490	2583	0.00049
Sulfuritalea hydrogenivorans	748811	S	1255	343	1598	0.00030
Methyloversatilis sp. RAC08	1842540	S	1173	302	1475	0.00028
Thiobacillus denitrificans	36861	S	1658	620	2278	0.00043
Sulfuritortus calidifontis	1914471	S	1117	897	2014	0.00038
Jeongeupia sp. USM3	1906741	S	1219	625	1844	0.00035
Pseudogulbenkiania sp. NH8B	748280	S	1265	1100	2365	0.00044
Crenobacter cavernae	2290923	S	1291	1223	2514	0.00047
Pseudomonas fluorescens	294	S	3227	6310	9537	0.00179
Pseudomonas aeruginosa	287	S	3068	59012	62080	0.01167
Pseudomonas mendocina	300	S	1172	1073	2245	0.00042
Pseudomonas putida	303	S	4171	12204	16375	0.00308
Pseudomonas oryzihabitans	47885	S	1162	654	1816	0.00034
Pseudomonas stutzeri	316	S	4510	6793	11303	0.00212
Pseudomonas chlororaphis	587753	S	1969	4633	6602	0.00124
Pseudomonas otitidis	319939	S	1131	684	1815	0.00034
Pseudomonas psychrotolerans	237610	S	1115	663	1778	0.00033
Pseudomonas knackmussii	65741	S	1080	2037	3117	0.00059
Lysobacter sp. KIS68-7	2904252	S	4928	2041	6969	0.00131
Lysobacter sp. TY2-98	2290922	S	1462	510	1972	0.00037
Lysobacter sp. 5GHs7-4	2904253	S	1129	715	1844	0.00035
Lysobacter enzymogenes	69	S	3694	2744	6438	0.00121
Lysobacter capsici	435897	S	2325	4772	7097	0.00133
Lysobacter soli	453783	S	1602	700	2302	0.00043
Lysobacter antibioticus	84531	S	1387	611	1998	0.00038
Lysobacter solisilvae (ex Kim et al. 2021)	2763317	S	1258	544	1802	0.00034
Lysobacter solisilvae (ex Woo and Kim 2022)	2865112	S	1203	751	1954	0.00037
Lysobacter maris	1605891	S	1175	607	1782	0.00034
Lysobacter lycopersici	1324796	S	1171	523	1694	0.00032
Xanthomonas translucens	343	S	1848	7766	9614	0.00181
Xanthomonas campestris	339	S	1345	4114	5459	0.00103
Stenotrophomonas maltophilia	40324	S	4183	13159	17342	0.00326
Stenotrophomonas rhizophila	216778	S	1660	1066	2726	0.00051
Luteimonas sp. S4-F44	2925842	S	1018	555	1573	0.00030
Luteimonas sp. MC1750	2799326	S	1014	1216	2230	0.00042
Pseudoxanthomonas suwonensis	314722	S	1979	2108	4087	0.00077
Pseudoxanthomonas sp. X-1	2571115	S	1081	1867	2948	0.00055
Pseudoxanthomonas mexicana	128785	S	1016	2267	3283	0.00062
Thermomonas brevis	215691	S	1019	921	1940	0.00036
Arenimonas daejeonensis	370777	S	1152	523	1675	0.00031
Pseudolysobacter antarcticus	2511995	S	1013	72	1085	0.00020
Luteibacter sp. 321	2911537	S	1117	1012	2129	0.00040
Rhodanobacter denitrificans	666685	S	1674	1237	2911	0.00055
Rhodanobacter sp. FDAARGOS 1247	2778082	S	1088	723	1811	0.00034
Dyella thiooxydans	445710	S	1254	960	2214	0.00042
Frateuria sp. 5GH9-34	2898793	S	1530	818	2348	0.00044
Frateuria sp. 5GH9-11	1542730	S	1176	803	1979	0.00037
Dokdonella koreensis	323415	S	2440	928	3368	0.00063
Aerosticca soli	2010829	S	1085	2649	3734	0.00070
Spiribacter sp. E85	2182432	S	1599	544	2143	0.00040
Candidatus Thiodictyon syntrophicum	1166950	S	1584	251	1835	0.00034
Thioflavicoccus mobilis	80679	S	1361	352	1713	0.00032
Marichromatium purpuratum	37487	S	1258	700	1958	0.00037
Thiocapsa bogorovii	521689	S	1063	170	1233	0.00023
Sulfurifustis variabilis	1675686	S	3011	435	3446	0.00065
Sulfuricaulis limicola	1620215	S	1266	228	1494	0.00028
Solimonas sp. K1W22B-7	2303331	S	2056	504	2560	0.00048
Immundisolibacter cernigliae	1810504	S	1376	617	1993	0.00037
Anaeromyxobacter sp. Red232	2918170	S	13117	2229	15346	0.00288
Anaeromyxobacter sp. Fw109-5	404589	S	7790	1638	9428	0.00177
Anaeromyxobacter sp. Red630	2918171	S	6978	1703	8681	0.00163
Anaeromyxobacter sp. K	447217	S	1682	3697	5379	0.00101
Anaeromyxobacter dehalogenans	161493	S	5358	4626	9984	0.00188
Corallococcus coralloides	184914	S	5751	3244	8995	0.00169
Corallococcus sp. EGB	1521117	S	2306	964	3270	0.00061
Corallococcus macrosporus	35	S	2298	1960	4258	0.00080
Myxococcus xanthus	34	S	3921	2793	6714	0.00126
Myxococcus hansupus	1297742	S	2065	746	2811	0.00053
Myxococcus stipitatus	83455	S	1854	975	2829	0.00053
Myxococcus sp. SCHIC003	2813577	S	1638	863	2501	0.00047
Pyxidicoccus sp. SCPEA002	2813578	S	4844	797	5641	0.00106
Archangium violaceum	83451	S	9623	2734	12357	0.00232
Archangium gephyra	48	S	4527	1378	5905	0.00111
Stigmatella aurantiaca	41	S	3760	828	4588	0.00086
Cystobacter fuscus	43	S	3507	1309	4816	0.00091
Melittangium boletus	83453	S	2646	942	3588	0.00067
Vulgatibacter incomptus	1391653	S	3537	579	4116	0.00077
Sorangium cellulosum	56	S	38658	7018	45676	0.00859
Polyangium aurulentum	2567896	S	9543	1205	10748	0.00202
Chondromyces crocatus	52	S	4800	310	5110	0.00096
Sandaracinus amylolyticus	927083	S	14711	1449	16160	0.00304
Labilithrix luteola	1391654	S	7147	457	7604	0.00143
Haliangium ochraceum	80816	S	6683	716	7399	0.00139
Geomonas sp. RF6	2897342	S	1515	327	1842	0.00035
Geomonas paludis	2740185	S	1171	803	1974	0.00037
Geomonas nitrogeniifigens	2847991	S	1142	802	1944	0.00037
Geomonas subterranea	2847989	S	1056	671	1727	0.00032
Geobacter sp. FeAm09	2597769	S	1001	224	1225	0.00023
Geobacter pickeringii	345632	S	1126	507	1633	0.00031
Geobacter sulfurreducens	35554	S	1076	422	1498	0.00028
Citrifermentans bemidjiense	225194	S	1207	572	1779	0.00033
Citrifermentans bremense	60035	S	1097	568	1665	0.00031
Desulfuromonas versatilis	2802975	S	1540	474	2014	0.00038
Desulfuromonas sp. DDH964	1823759	S	1095	398	1493	0.00028
Desulfuromonas soudanensis	1603606	S	1016	196	1212	0.00023
Solidesulfovibrio carbinoliphilus	345370	S	1048	1452	2500	0.00047
Persicimonas caeni	2292766	S	2566	172	2738	0.00051
Desulfarculus baarsii	453230	S	1139	1534	2673	0.00050
Streptomyces sp. CdTB01	1725411	S	6029	3740	9769	0.00184
Streptomyces sp. SN-593	659352	S	5461	2314	7775	0.00146
Streptomyces sp. BH-MK-02	2880933	S	4715	2063	6778	0.00127
Streptomyces sp. 3214.6	1882757	S	4608	3003	7611	0.00143
Streptomyces sp. So13.3	2136173	S	3966	1401	5367	0.00101
Streptomyces sp. SCSIO 64649	2878388	S	3514	1128	4642	0.00087
Streptomyces sp. CB01881	2078691	S	3279	1033	4312	0.00081
Streptomyces sp. ZYC-3	2797636	S	3064	1403	4467	0.00084
Streptomyces sp. A2-16	2781734	S	2851	1864	4715	0.00089
Streptomyces sp. P3	2135430	S	2713	1549	4262	0.00080
Streptomyces sp. ST1015	1848900	S	2700	1168	3868	0.00073
Streptomyces sp. NA02950	2742137	S	2680	1089	3769	0.00071
Streptomyces sp. MA3_2.13	2867410	S	2675	621	3296	0.00062
Streptomyces sp. NHF165	2175864	S	2645	868	3513	0.00066
Streptomyces sp. LRE541	2931983	S	2414	1253	3667	0.00069
Streptomyces sp. NEAU-sy36	2751189	S	2413	1949	4362	0.00082
Streptomyces sp. Z423-1	2730915	S	2336	1440	3776	0.00071
Streptomyces sp. RPA4-2	2721244	S	2325	1454	3779	0.00071
Streptomyces sp. SCUT-3	2684469	S	2295	1583	3878	0.00073
Streptomyces sp. SAT1	1849967	S	2238	1710	3948	0.00074
Streptomyces sp. GQFP	2907545	S	2237	844	3081	0.00058
Streptomyces sp. MBT27	1488356	S	2195	1244	3439	0.00065
Streptomyces sp. DSM 40868	2721173	S	2195	1808	4003	0.00075
Streptomyces sp. WAC 01438	2203204	S	2173	1556	3729	0.00070
Streptomyces sp. 3025	2923272	S	2140	750	2890	0.00054
Streptomyces sp. YIM 121038	2136401	S	2085	1158	3243	0.00061
Streptomyces sp. 891-h	2720714	S	2022	741	2763	0.00052
Streptomyces sp. Go 40/10	2825844	S	2011	2200	4211	0.00079
Streptomyces sp. GMY02	1333528	S	1996	690	2686	0.00050
Streptomyces sp. GS7	2692234	S	1987	1097	3084	0.00058
Streptomyces sp. NA04227	2742136	S	1920	843	2763	0.00052
Streptomyces sp. MST-110588	2833628	S	1845	864	2709	0.00051
Streptomyces sp. MG62	2838015	S	1838	1545	3383	0.00064
Streptomyces sp. W1SF4	2305220	S	1838	1348	3186	0.00060
Streptomyces sp. C8S0	2585716	S	1820	992	2812	0.00053
Streptomyces sp. JB150	2714844	S	1806	1247	3053	0.00057
Streptomyces sp. RTd22	1841249	S	1803	3620	5423	0.00102
Streptomyces sp. Go-475	2072505	S	1800	1848	3648	0.00069
Streptomyces sp. AMCC400023	2056258	S	1787	1906	3693	0.00069
Streptomyces sp. HM190	2695266	S	1762	1206	2968	0.00056
Streptomyces sp. QHH-9511	2684468	S	1703	901	2604	0.00049
Streptomyces sp. MG28	2865673	S	1665	1583	3248	0.00061
Streptomyces sp. BHT-5-2	2866715	S	1621	1092	2713	0.00051
Streptomyces sp. BJ20	2930049	S	1595	1354	2949	0.00055
Streptomyces sp. SM18	1736046	S	1574	1057	2631	0.00049
Streptomyces sp. 135	2838850	S	1551	1054	2605	0.00049
Streptomyces sp. Rer75	2750011	S	1543	3440	4983	0.00094
Streptomyces sp. CMB-StM0423	2059884	S	1537	3725	5262	0.00099
Streptomyces sp. SirexAA-E	862751	S	1519	1103	2622	0.00049
Streptomyces sp. jing01	2726118	S	1504	1797	3301	0.00062
Streptomyces sp. S1D4-11	2721246	S	1483	3709	5192	0.00098
Streptomyces sp. S4.7	2705439	S	1443	900	2343	0.00044
Streptomyces sp. SYP-A7193	2662065	S	1420	2806	4226	0.00079
Streptomyces sp. fd1-xmd	1812480	S	1380	1907	3287	0.00062
Streptomyces sp. HSG2	2797167	S	1357	581	1938	0.00036
Streptomyces sp. WAC 01529	2203205	S	1354	987	2341	0.00044
Streptomyces sp. HP-A2021	2927875	S	1353	1598	2951	0.00055
Streptomyces sp. INR7	2607753	S	1345	2392	3737	0.00070
Streptomyces sp. Tu 2975	2676871	S	1332	780	2112	0.00040
Streptomyces sp. AgN23	1188315	S	1326	2094	3420	0.00064
Streptomyces sp. CB09001	2083284	S	1174	2017	3191	0.00060
Streptomyces sp. TN58	234612	S	1169	1773	2942	0.00055
Streptomyces sp. SUK 48	2582831	S	1137	1971	3108	0.00058
Streptomyces rapamycinicus	1226757	S	4836	1598	6434	0.00121
Streptomyces hygroscopicus	1912	S	3745	8671	12416	0.00233
Streptomyces yatensis	155177	S	1162	1261	2423	0.00046
Streptomyces violaceusniger	68280	S	1149	1121	2270	0.00043
Streptomyces venezuelae	54571	S	10669	6567	17236	0.00324
Streptomyces cadmiisoli	2184053	S	2175	857	3032	0.00057
Streptomyces aurantiacus	47760	S	2002	768	2770	0.00052
Streptomyces qaidamensis	1783515	S	1381	907	2288	0.00043
Streptomyces alboniger	132473	S	1238	721	1959	0.00037
Streptomyces lydicus	47763	S	5913	6208	12121	0.00228
Streptomyces griseus	1911	S	1650	2226	3876	0.00073
Streptomyces anulatus	1892	S	1367	2187	3554	0.00067
Streptomyces chartreusis	1969	S	4335	2946	7281	0.00137
Streptomyces collinus	42684	S	4320	4181	8501	0.00160
Streptomyces albus	1888	S	3998	3117	7115	0.00134
Streptomyces formicae	1616117	S	3620	1797	5417	0.00102
Streptomyces griseorubiginosus	67304	S	3619	1879	5498	0.00103
Streptomyces bingchenggensis	379067	S	3503	1007	4510	0.00085
Streptomyces griseochromogenes	68214	S	3387	1478	4865	0.00091
Streptomyces dengpaensis	2049881	S	3302	1466	4768	0.00090
Streptomyces niveus	193462	S	3238	2298	5536	0.00104
Streptomyces aquilus	2548456	S	3185	1490	4675	0.00088
Streptomyces seoulensis	73044	S	3160	1869	5029	0.00095
Streptomyces cattleya	29303	S	3028	1332	4360	0.00082
Streptomyces buecherae	2763006	S	2994	1171	4165	0.00078
Streptomyces spectabilis	68270	S	2971	1515	4486	0.00084
Streptomyces tsukubensis	83656	S	2891	1261	4152	0.00078
Streptomyces lunaelactis	1535768	S	2858	918	3776	0.00071
Streptomyces armeniacus	83291	S	2636	540	3176	0.00060
Streptomyces avermitilis	33903	S	2612	1181	3793	0.00071
Streptomyces xanthii	2768069	S	2601	1222	3823	0.00072
Streptomyces lincolnensis	1915	S	2530	1155	3685	0.00069
Streptomyces cyaneochromogenes	2496836	S	2474	1142	3616	0.00068
Streptomyces asoensis	249586	S	2423	1132	3555	0.00067
Streptomyces capitiformicae	2014920	S	2393	543	2936	0.00055
Streptomyces ferrugineus	1413221	S	2389	1190	3579	0.00067
Streptomyces davaonensis	348043	S	2350	1044	3394	0.00064
Streptomyces bathyalis	2710756	S	2335	606	2941	0.00055
Streptomyces roseirectus	2768066	S	2334	897	3231	0.00061
Streptomyces griseoviridis	45398	S	2323	1189	3512	0.00066
Streptomyces rimosus	1927	S	2300	1901	4201	0.00079
Streptomyces broussonetiae	2686304	S	2273	1076	3349	0.00063
Streptomyces actuosus	1885	S	2202	1456	3658	0.00069
Streptomyces durmitorensis	319947	S	2189	754	2943	0.00055
Streptomyces liangshanensis	2717324	S	2173	865	3038	0.00057
Streptomyces albulus	68570	S	2167	1010	3177	0.00060
Streptomyces incarnatus	665007	S	2158	902	3060	0.00058
Streptomyces alboflavus	67267	S	2114	916	3030	0.00057
Streptomyces vietnamensis	362257	S	2083	1078	3161	0.00059
Streptomyces fodineus	1904616	S	2083	1155	3238	0.00061
Streptomyces antibioticus	1890	S	2057	1152	3209	0.00060
Streptomyces genisteinicus	2768068	S	2044	989	3033	0.00057
Streptomyces roseochromogenus	285450	S	2039	1015	3054	0.00057
Streptomyces olivoreticuli	68246	S	2016	878	2894	0.00054
Streptomyces clavuligerus	1901	S	2014	787	2801	0.00053
Streptomyces xinghaiensis	1038928	S	2014	938	2952	0.00055
Streptomyces aureoverticillatus	66871	S	1971	827	2798	0.00053
Streptomyces griseocarneus	51201	S	1954	1060	3014	0.00057
Streptomyces atratus	1893	S	1948	617	2565	0.00048
Streptomyces paludis	2282738	S	1941	666	2607	0.00049
Streptomyces luteoverticillatus	66425	S	1921	992	2913	0.00055
Streptomyces rectiverticillatus	173860	S	1917	951	2868	0.00054
Streptomyces dangxiongensis	1442032	S	1917	1028	2945	0.00055
Streptomyces inhibens	2293571	S	1893	886	2779	0.00052
Streptomyces globosus	68209	S	1876	1064	2940	0.00055
Streptomyces nigra	1827580	S	1835	1122	2957	0.00056
Streptomyces hundungensis	1077946	S	1818	914	2732	0.00051
Streptomyces nodosus	40318	S	1814	745	2559	0.00048
Streptomyces galilaeus	33899	S	1792	959	2751	0.00052
Streptomyces phaeolivaceus	2653200	S	1792	786	2578	0.00048
Streptomyces vinaceus	1960	S	1789	1003	2792	0.00052
Streptomyces ficellus	1977088	S	1773	984	2757	0.00052
Streptomyces lavendulae	1914	S	1713	921	2634	0.00050
Streptomyces ambofaciens	1889	S	1693	1552	3245	0.00061
Streptomyces glaucescens	1907	S	1691	1137	2828	0.00053
Streptomyces cyanogenus	80860	S	1684	1165	2849	0.00054
Streptomyces katrae	68223	S	1677	970	2647	0.00050
Streptomyces exfoliatus	1905	S	1673	886	2559	0.00048
Streptomyces subrutilus	36818	S	1669	966	2635	0.00050
Streptomyces gilvosporeus	553510	S	1668	845	2513	0.00047
Streptomyces fagopyri	2662397	S	1657	899	2556	0.00048
Streptomyces harbinensis	1176198	S	1653	667	2320	0.00044
Streptomyces calvus	67282	S	1639	949	2588	0.00049
Streptomyces peucetius	1950	S	1635	694	2329	0.00044
Streptomyces chromofuscus	42881	S	1629	980	2609	0.00049
Streptomyces parvulus	146923	S	1611	1116	2727	0.00051
Streptomyces prasinus	67345	S	1606	804	2410	0.00045
Streptomyces viridosporus	67581	S	1585	964	2549	0.00048
Streptomyces kanamyceticus	1967	S	1574	837	2411	0.00045
Streptomyces pristinaespiralis	38300	S	1546	1143	2689	0.00051
Streptomyces angustmyceticus	285578	S	1519	949	2468	0.00046
Streptomyces pratensis	1169025	S	1505	575	2080	0.00039
Streptomyces pluripotens	1355015	S	1496	554	2050	0.00039
Streptomyces pactum	68249	S	1482	937	2419	0.00045
Streptomyces mobaraensis	35621	S	1459	88797	90256	0.01696
Streptomyces tirandamycinicus	2174846	S	1419	726	2145	0.00040
Streptomyces deccanensis	424188	S	1412	922	2334	0.00044
Streptomyces nitrosporeus	28894	S	1399	615	2014	0.00038
Streptomyces tendae	1932	S	1384	892	2276	0.00043
Streptomyces coeruleorubidus	116188	S	1351	1008	2359	0.00044
Streptomyces finlayi	67296	S	1343	484	1827	0.00034
Streptomyces qinzhouensis	2599401	S	1304	499	1803	0.00034
Streptomyces spongiicola	1690221	S	1301	909	2210	0.00042
Streptomyces gardneri	66892	S	1257	790	2047	0.00038
Streptomyces hawaiiensis	67305	S	1236	844	2080	0.00039
Streptomyces nojiriensis	66374	S	1227	819	2046	0.00038
Streptomyces rutgersensis	53451	S	1210	933	2143	0.00040
Streptomyces tuirus	68278	S	1204	958	2162	0.00041
Streptomyces huasconensis	1854574	S	1199	733	1932	0.00036
Streptomyces gobiensis	2875706	S	1168	355	1523	0.00029
Streptomyces antimycoticus	68175	S	1036	1647	2683	0.00050
Kitasatospora sp. MMS16-BH015	2018025	S	2893	1482	4375	0.00082
Kitasatospora sp. NA04385	2742135	S	2308	1694	4002	0.00075
Kitasatospora setae	2066	S	2386	1685	4071	0.00077
Kitasatospora aureofaciens	1894	S	1909	1204	3113	0.00059
Streptacidiphilus sp. P02-A3a	2704468	S	2566	1139	3705	0.00070
Streptacidiphilus sp. PB12-B1b	2705012	S	2245	1285	3530	0.00066
Streptacidiphilus bronchialis	2126346	S	1955	973	2928	0.00055
Yinghuangia sp. ASG 101	2896848	S	3285	813	4098	0.00077
Microbacterium sp. No. 7	1714373	S	1796	1297	3093	0.00058
Microbacterium sp. 4R-513	2567934	S	1457	535	1992	0.00037
Microbacterium sp. 10M-3C3	2483401	S	1292	1941	3233	0.00061
Microbacterium sp. JZ31	1906274	S	1282	654	1936	0.00036
Microbacterium sp. SSW1-51	2851650	S	1108	1036	2144	0.00040
Microbacterium sp. YJN-G	2763257	S	1023	868	1891	0.00036
Microbacterium foliorum	104336	S	2443	762	3205	0.00060
Microbacterium oleivorans	273677	S	1844	509	2353	0.00044
Microbacterium hominis	162426	S	1764	8371	10135	0.00191
Microbacterium lemovicicum	1072463	S	1609	513	2122	0.00040
Microbacterium cremeum	2782169	S	1378	410	1788	0.00034
Microbacterium atlanticum	2782168	S	1324	413	1737	0.00033
Microbacterium resistens	156977	S	1292	337	1629	0.00031
Microbacterium sediminis	904291	S	1153	717	1870	0.00035
Microbacterium oryzae	743009	S	1073	456	1529	0.00029
Microbacterium testaceum	2033	S	1043	266	1309	0.00025
Agromyces sp. H17E-10	2932244	S	1789	770	2559	0.00048
Agromyces sp. LHK192	2498704	S	1510	583	2093	0.00039
Agromyces sp. CFWR-12	2929802	S	1271	820	2091	0.00039
Agromyces soli	659012	S	1689	826	2515	0.00047
Agromyces flavus	589382	S	1607	675	2282	0.00043
Agromyces aureus	453304	S	1606	619	2225	0.00042
Agromyces protaetiae	2509455	S	1350	531	1881	0.00035
Agromyces archimandritae	2781962	S	1320	530	1850	0.00035
Agromyces intestinalis	2592652	S	1191	721	1912	0.00036
Agromyces marinus	1389020	S	1167	578	1745	0.00033
Agromyces badenianii	2080742	S	1002	439	1441	0.00027
Curtobacterium sp. BH-2-1-1	1905847	S	1111	2164	3275	0.00062
Curtobacterium sp. L6-1	2841594	S	1046	1317	2363	0.00044
Curtobacterium flaccumfaciens	2035	S	1679	1211	2890	0.00054
Curtobacterium luteum	33881	S	1084	577	1661	0.00031
Rathayibacter sp. VKM Ac-2759	2609252	S	1486	1000	2486	0.00047
Rathayibacter sp. VKM Ac-2760	2609253	S	1339	1694	3033	0.00057
Rathayibacter festucae	110937	S	1417	2140	3557	0.00067
Leucobacter sp. H25R-14	2932245	S	1038	1416	2454	0.00046
Leucobacter muris	1935379	S	1009	608	1617	0.00030
Clavibacter michiganensis	28447	S	5998	7275	13273	0.00249
Leifsonia sp. ZF2019	2781978	S	1380	490	1870	0.00035
Leifsonia sp. 21MFCrub1.1	1798223	S	1327	1727	3054	0.00057
Leifsonia sp. PS1209	2724914	S	1325	480	1805	0.00034
Leifsonia shinshuensis	150026	S	1832	698	2530	0.00048
Leifsonia xyli	1575	S	1006	197	1203	0.00023
Agrococcus sp. SGAir0287	2070347	S	1526	619	2145	0.00040
Agrococcus sp. SCSIO52902	2933290	S	1454	965	2419	0.00045
Agrococcus sp. Marseille-Q4369	2810513	S	1412	657	2069	0.00039
Agrococcus jejuensis	399736	S	1573	674	2247	0.00042
Agrococcus carbonis	684552	S	1449	895	2344	0.00044
Protaetiibacter sp. SSC-01	2759943	S	1307	681	1988	0.00037
Protaetiibacter intestinalis	2419774	S	1275	642	1917	0.00036
Frondihabitans sp. PAMC 28766	1795630	S	1371	273	1644	0.00031
Frondihabitans sp. 762G35	1446794	S	1126	344	1470	0.00028
Microterricola viridarii	412690	S	1952	722	2674	0.00050
Microcella flavibacter	1804990	S	1154	808	1962	0.00037
Cnuibacter physcomitrellae	1619308	S	1462	465	1927	0.00036
Gryllotalpicola protaetiae	2419771	S	1457	424	1881	0.00035
Herbiconiux sp. SALV-R1	2735133	S	1432	425	1857	0.00035
Frigoribacterium sp. NBH87	2596916	S	1399	607	2006	0.00038
Humibacter sp. WJ7-1	2599293	S	1194	375	1569	0.00029
Amnibacterium sp. L3-i23	2905871	S	1113	393	1506	0.00028
Arthrobacter sp. NicSoilC5	2831000	S	4739	6142	10881	0.00205
Arthrobacter sp. QXT-31	1357915	S	2752	2044	4796	0.00090
Arthrobacter sp. FW305-BF8	2879617	S	2469	1789	4258	0.00080
Arthrobacter sp. FW306-2-2C-D06B	2879618	S	1460	619	2079	0.00039
Arthrobacter sp. KBS0702	2578107	S	1228	1574	2802	0.00053
Arthrobacter sp. UKPF54-2	2600159	S	1124	1557	2681	0.00050
Arthrobacter sp. PM3	2017685	S	1121	588	1709	0.00032
Arthrobacter sp. NicSoilB8	2830998	S	1118	830	1948	0.00037
Arthrobacter sp. 24S4-2	2575374	S	1015	607	1622	0.00030
Arthrobacter agilis	37921	S	1506	541	2047	0.00038
Arthrobacter crystallopoietes	37928	S	1211	472	1683	0.00032
Pseudarthrobacter equi	728066	S	1415	1454	2869	0.00054
Kocuria rosea	1275	S	1333	959	2292	0.00043
Kocuria flava	446860	S	1201	1070	2271	0.00043
Kocuria turfanensis	388357	S	1123	956	2079	0.00039
Sinomonas atrocyanea	37927	S	2915	1326	4241	0.00080
Sinomonas sp. R1AF57	2020377	S	1524	469	1993	0.00037
Micrococcus luteus	1270	S	1759	4639	6398	0.00120
Citricoccus sp. SGAir0253	2567881	S	1190	489	1679	0.00032
Cellulomonas sp. Y8	2591145	S	2317	1403	3720	0.00070
Cellulomonas sp. H30R-01	2704467	S	2076	1109	3185	0.00060
Cellulomonas sp. JZ18	2654191	S	1825	1078	2903	0.00055
Cellulomonas sp. C5510	2871170	S	1772	982	2754	0.00052
Cellulomonas sp. zg-ZUI188	2819978	S	1682	659	2341	0.00044
Cellulomonas sp. zg-ZUI157	2819979	S	1612	755	2367	0.00044
Cellulomonas sp. zg-ZUI222	2816956	S	1544	806	2350	0.00044
Cellulomonas sp. EW123	2608402	S	1445	1077	2522	0.00047
Cellulomonas sp. PSBB021	2003551	S	1315	1302	2617	0.00049
Cellulomonas fimi	1708	S	1944	1803	3747	0.00070
Cellulomonas iranensis	76862	S	1718	1098	2816	0.00053
Cellulomonas shaoxiangyii	2566013	S	1693	971	2664	0.00050
Cellulomonas flavigena	1711	S	1526	777	2303	0.00043
Cellulomonas gilvus	11	S	1465	871	2336	0.00044
Cellulomonas taurus	2729175	S	1060	499	1559	0.00029
Actinotalea sp. JY-7876	2758442	S	1715	862	2577	0.00048
Oerskovia sp. KBS0722	1179673	S	1404	637	2041	0.00038
Pseudactinotalea sp. HY158	2654547	S	1360	294	1654	0.00031
Janibacter melonis	262209	S	2175	1450	3625	0.00068
Janibacter limosus	53458	S	1282	1357	2639	0.00050
Phycicoccus sp. HDW14	2714941	S	2852	1308	4160	0.00078
Phycicoccus endophyticus	1690220	S	2154	879	3033	0.00057
Pedococcus dokdonensis	443156	S	3426	1408	4834	0.00091
Intrasporangium calvum	53358	S	3355	1232	4587	0.00086
Tetrasphaera sp. HKS02	1813880	S	2591	949	3540	0.00067
Arsenicicoccus sp. oral taxon 190	1658671	S	1754	950	2704	0.00051
Cellulosimicrobium cellulans	1710	S	3363	5286	8649	0.00163
Cellulosimicrobium sp. BI34T	2587808	S	1398	1062	2460	0.00046
Xylanimonas protaetiae	2509457	S	1599	957	2556	0.00048
Xylanimonas allomyrinae	2509459	S	1375	612	1987	0.00037
Xylanimonas cellulosilytica	186189	S	1341	671	2012	0.00038
Isoptericola variabilis	139208	S	1759	1288	3047	0.00057
Isoptericola dokdonensis	372663	S	1540	856	2396	0.00045
Ornithinimicrobium avium	2283195	S	1801	678	2479	0.00047
Ornithinimicrobium sp. HY006	2508882	S	1303	613	1916	0.00036
Ornithinimicrobium flavum	1288636	S	1319	580	1899	0.00036
Ornithinimicrobium ciconiae	2594265	S	1132	261	1393	0.00026
Serinicoccus chungangensis	767452	S	1369	619	1988	0.00037
Serinicoccus hydrothermalis	1758689	S	1255	696	1951	0.00037
Serinicoccus profundi	1078471	S	1148	555	1703	0.00032
Serinicoccus marinus	247333	S	1147	660	1807	0.00034
Brachybacterium sp. CBA3105	2887346	S	1381	446	1827	0.00034
Brachybacterium sp. SGAir0954	2571029	S	1262	491	1753	0.00033
Brachybacterium sp. P6-10-X1	1903186	S	1167	296	1463	0.00028
Brachybacterium ginsengisoli	1331682	S	1154	507	1661	0.00031
Brachybacterium saurashtrense	556288	S	1081	454	1535	0.00029
Brachybacterium faecium	43669	S	1071	483	1554	0.00029
Brevibacterium sp. CS2	2575923	S	1129	680	1809	0.00034
Brevibacterium casei	33889	S	1295	2810	4105	0.00077
Georgenia sp. TF02-10	2917725	S	1766	900	2666	0.00050
Georgenia yuyongxinii	2589797	S	1728	619	2347	0.00044
Georgenia wutianyii	2585135	S	1636	814	2450	0.00046
Georgenia faecalis	2483799	S	1488	575	2063	0.00039
Dermacoccus nishinomiyaensis	1274	S	1384	882	2266	0.00043
Luteipulveratus mongoliensis	571913	S	1704	353	2057	0.00039
Allobranchiibius sp. GilTou73	2904523	S	1395	453	1848	0.00035
Haloactinobacterium kanbiaonis	2675754	S	1905	413	2318	0.00044
Ruania sp. LR1S40	2897774	S	1037	361	1398	0.00026
Ruania zhangjianzhongii	2603206	S	1174	187	1361	0.00026
Pengzhenrongella sicca	2819238	S	2132	861	2993	0.00056
Luteimicrobium xylanilyticum	1133546	S	1897	821	2718	0.00051
Beutenbergia cavernae	84757	S	2343	548	2891	0.00054
Miniimonas sp. S16	2171623	S	1678	1173	2851	0.00054
Sanguibacter keddieii	60920	S	1514	647	2161	0.00041
Sanguibacter sp. HDW7	2714931	S	1389	622	2011	0.00038
Kytococcus sedentarius	1276	S	1069	547	1616	0.00030
Mycobacterium sp. JS623	212767	S	5404	1005	6409	0.00120
Mycobacterium sp. TY59	2775496	S	1271	676	1947	0.00037
Mycobacterium sp. IDR2000157661	2867005	S	1218	516	1734	0.00033
Mycobacterium sp. EPa45	1545728	S	1217	579	1796	0.00034
Mycobacterium sp. YC-RL4	1682113	S	1074	704	1778	0.00033
Mycobacterium saskatchewanense	220927	S	1421	581	2002	0.00038
Mycobacterium parmense	185642	S	1334	399	1733	0.00033
Mycobacterium kubicae	120959	S	1191	309	1500	0.00028
Mycobacterium shigaense	722731	S	1051	286	1337	0.00025
Mycobacterium avium	1764	S	2101	4175	6276	0.00118
Mycobacterium mantenii	560555	S	1452	266	1718	0.00032
Mycobacterium colombiense	339268	S	1348	342	1690	0.00032
Mycobacterium marseillense	701042	S	1164	408	1572	0.00030
Mycobacterium intracellulare	1767	S	1146	13830	14976	0.00281
Mycobacterium conspicuum	44010	S	1942	355	2297	0.00043
Mycobacterium grossiae	1552759	S	1807	823	2630	0.00049
Mycobacterium rufum	318424	S	1699	788	2487	0.00047
Mycobacterium dioxanotrophicus	482462	S	1391	542	1933	0.00036
Mycobacterium holsaticum	152142	S	1351	333	1684	0.00032
Mycobacterium frederiksbergense	117567	S	1299	641	1940	0.00036
Mycobacterium branderi	43348	S	1253	236	1489	0.00028
Mycobacterium goodii	134601	S	1218	729	1947	0.00037
Mycobacterium paragordonae	1389713	S	1197	220	1417	0.00027
Mycobacterium paraterrae	577492	S	1137	197	1334	0.00025
Mycobacterium cookii	1775	S	1131	172	1303	0.00025
Mycobacterium diernhoferi	1801	S	1118	338	1456	0.00027
Mycolicibacterium litorale	758802	S	2625	1280	3905	0.00073
Mycolicibacterium sp. YH-1	2908837	S	1514	958	2472	0.00046
Mycolicibacterium smegmatis	1772	S	2086	1416	3502	0.00066
Mycolicibacterium madagascariense	212765	S	1766	421	2187	0.00041
Mycolicibacterium sediminis	1286180	S	1680	499	2179	0.00041
Mycolicibacterium mageritense	53462	S	1640	480	2120	0.00040
Mycolicibacterium rutilum	370526	S	1629	839	2468	0.00046
Mycolicibacterium neoaurum	1795	S	1607	524	2131	0.00040
Mycolicibacterium chubuense	1800	S	1577	599	2176	0.00041
Mycolicibacterium arabiense	1286181	S	1565	385	1950	0.00037
Mycolicibacterium phlei	1771	S	1562	895	2457	0.00046
Mycolicibacterium fortuitum	1766	S	1502	1011	2513	0.00047
Mycolicibacterium vaccae	1810	S	1500	502	2002	0.00038
Mycolicibacterium hassiacum	46351	S	1497	725	2222	0.00042
Mycolicibacterium moriokaense	39691	S	1494	307	1801	0.00034
Mycolicibacterium psychrotolerans	216929	S	1471	549	2020	0.00038
Mycolicibacterium phocaicum	319706	S	1442	1679	3121	0.00059
Mycolicibacterium parafortuitum	39692	S	1438	478	1916	0.00036
Mycolicibacterium chitae	1792	S	1385	552	1937	0.00036
Mycolicibacterium pulveris	36813	S	1370	387	1757	0.00033
Mycolicibacterium rhodesiae	36814	S	1352	393	1745	0.00033
Mycolicibacterium monacense	85693	S	1302	800	2102	0.00040
Mycolicibacterium gilvum	1804	S	1288	877	2165	0.00041
Mycolicibacterium fluoranthenivorans	258505	S	1278	269	1547	0.00029
Mycolicibacterium thermoresistibile	1797	S	1269	478	1747	0.00033
Mycolicibacterium duvalii	39688	S	1255	424	1679	0.00032
Mycolicibacterium gadium	1794	S	1254	313	1567	0.00029
Mycolicibacterium poriferae	39694	S	1238	461	1699	0.00032
Mycolicibacterium tokaiense	39695	S	1218	316	1534	0.00029
Mycolicibacterium aurum	1791	S	1210	262	1472	0.00028
Mycolicibacterium confluentis	28047	S	1180	288	1468	0.00028
Mycolicibacterium baixiangningiae	2761578	S	1159	331	1490	0.00028
Mycolicibacterium celeriflavum	1249101	S	1151	377	1528	0.00029
Mycolicibacterium boenickei	146017	S	1142	4117	5259	0.00099
Mycolicibacterium fallax	1793	S	1129	720	1849	0.00035
Mycolicibacterium aichiense	1799	S	1095	315	1410	0.00027
Mycolicibacterium anyangense	1431246	S	1059	281	1340	0.00025
Mycolicibacterium insubricum	444597	S	1010	459	1469	0.00028
Mycobacteroides abscessus	36809	S	1270	2764	4034	0.00076
Mycolicibacillus parakoreensis	1069221	S	1016	478	1494	0.00028
Nocardia asteroides	1824	S	7271	3308	10579	0.00199
Nocardia brasiliensis	37326	S	4420	1614	6034	0.00113
Nocardia terpenica	455432	S	3182	795	3977	0.00075
Nocardia cyriacigeorgica	135487	S	2774	1543	4317	0.00081
Nocardia farcinica	37329	S	2330	1941	4271	0.00080
Nocardia nova	37330	S	2298	458	2756	0.00052
Nocardia wallacei	480035	S	2047	751	2798	0.00053
Nocardia arthritidis	228602	S	2030	354	2384	0.00045
Nocardia yamanashiensis	209247	S	1651	448	2099	0.00039
Nocardia gipuzkoensis	2749991	S	1565	703	2268	0.00043
Nocardia huaxiensis	2755382	S	1524	410	1934	0.00036
Nocardia tengchongensis	2055889	S	1487	490	1977	0.00037
Nocardia yunnanensis	2382165	S	1484	463	1947	0.00037
Nocardia sp. CS682	1047172	S	1482	453	1935	0.00036
Nocardia otitidiscaviarum	1823	S	1481	406	1887	0.00035
Nocardia iowensis	204891	S	1460	409	1869	0.00035
Nocardia seriolae	37332	S	1451	509	1960	0.00037
Nocardia mangyaensis	2213200	S	1428	501	1929	0.00036
Rhodococcus sp. X156	2499145	S	1597	834	2431	0.00046
Rhodococcus sp. MTM3W5.2	1805827	S	1439	833	2272	0.00043
Rhodococcus sp. SGAir0479	2567884	S	1306	1247	2553	0.00048
Rhodococcus sp. PBTS 1	1653478	S	1212	570	1782	0.00033
Rhodococcus sp. W8901	2742603	S	1204	1382	2586	0.00049
Rhodococcus opacus	37919	S	3651	12103	15754	0.00296
Rhodococcus equi	43767	S	1993	1163	3156	0.00059
Rhodococcus fascians	1828	S	1705	655	2360	0.00044
Rhodococcus rhodochrous	1829	S	1138	1724	2862	0.00054
Rhodococcus triatomae	300028	S	1054	432	1486	0.00028
Corynebacterium cyclohexanicum	322009	S	1421	3656	5077	0.00095
Gordonia sp. PP30	2935861	S	1228	651	1879	0.00035
Gordonia polyisoprenivorans	84595	S	2112	902	3014	0.00057
Gordonia terrae	2055	S	1338	3618	4956	0.00093
Gordonia insulae	2420509	S	1182	425	1607	0.00030
Gordonia phthalatica	1136941	S	1108	759	1867	0.00035
Gordonia amarae	36821	S	1054	372	1426	0.00027
Skermania piniformis	39122	S	1029	193	1222	0.00023
Tsukamurella paurometabola	2061	S	2070	1336	3406	0.00064
Tsukamurella tyrosinosolvens	57704	S	1753	997	2750	0.00052
Tsukamurella sp. PLM1	2929795	S	1310	571	1881	0.00035
Tsukamurella pulmonis	47312	S	1255	603	1858	0.00035
Tomitella gaofuii	2760083	S	1174	495	1669	0.00031
Tomitella fengzijianii	2597660	S	1073	488	1561	0.00029
Nocardioides sp. G188	2849501	S	16780	7222	24002	0.00451
Nocardioides sp. LMS-CY	2840457	S	4116	1784	5900	0.00111
Nocardioides sp. JS614	196162	S	4081	1598	5679	0.00107
Nocardioides sp. HDW12B	2714939	S	3300	1525	4825	0.00091
Nocardioides sp. TF02-7	2917724	S	3106	1363	4469	0.00084
Nocardioides sp. W7	2931390	S	3010	1347	4357	0.00082
Nocardioides sp. S-1144	2582905	S	2951	1528	4479	0.00084
Nocardioides sp. zg-579	2663857	S	2946	1946	4892	0.00092
Nocardioides sp. cx-173	2898796	S	2758	1260	4018	0.00076
Nocardioides sp. zg-1228	2763008	S	2709	1575	4284	0.00081
Nocardioides sp. S5	2017486	S	2621	1663	4284	0.00081
Nocardioides sp. InS609-2	2760705	S	2511	792	3303	0.00062
Nocardioides sp. 603	2483798	S	2421	1467	3888	0.00073
Nocardioides sp. SCSIO 67246	2872154	S	2317	836	3153	0.00059
Nocardioides sp. CF8	110319	S	2222	1150	3372	0.00063
Nocardioides sp. MC1495	2736757	S	2153	1041	3194	0.00060
Nocardioides sp. JQ2195	2592334	S	1962	567	2529	0.00048
Nocardioides sp. zg-536	2803858	S	1863	1077	2940	0.00055
Nocardioides sp. WS12	2486272	S	1706	416	2122	0.00040
Nocardioides sp. dk884	2662361	S	1695	2004	3699	0.00070
Nocardioides sp. ZJ1313	2685869	S	1693	2013	3706	0.00070
Nocardioides sp. Kera G14	2884264	S	1632	504	2136	0.00040
Nocardioides ungokensis	1643322	S	7525	3513	11038	0.00207
Nocardioides cynanchi	2558918	S	5659	1902	7561	0.00142
Nocardioides mesophilus	433659	S	5437	2322	7759	0.00146
Nocardioides anomalus	2712223	S	3758	1546	5304	0.00100
Nocardioides okcheonensis	2894081	S	3131	1921	5052	0.00095
Nocardioides humi	449461	S	2995	1285	4280	0.00080
Nocardioides euryhalodurans	2518370	S	2774	1155	3929	0.00074
Nocardioides aromaticivorans	200618	S	2657	1322	3979	0.00075
Nocardioides dongkuii	2760089	S	2583	1676	4259	0.00080
Nocardioides aquaticus	160826	S	2521	1053	3574	0.00067
Nocardioides rotundus	1774216	S	2358	1222	3580	0.00067
Nocardioides marinisabuli	419476	S	2270	1651	3921	0.00074
Nocardioides dokdonensis	450734	S	2086	1224	3310	0.00062
Nocardioides sambongensis	2589074	S	1988	790	2778	0.00052
Nocardioides panacisoli	627624	S	1803	631	2434	0.00046
Nocardioides seonyuensis	2518371	S	1703	612	2315	0.00044
Nocardioides houyundeii	2045452	S	1597	674	2271	0.00043
Nocardioides piscis	2714938	S	1586	741	2327	0.00044
Nocardioides daphniae	402297	S	1330	806	2136	0.00040
Nocardioides jishulii	2575440	S	1149	553	1702	0.00032
Aeromicrobium sp. Leaf245	1736306	S	1410	580	1990	0.00037
Aeromicrobium sp. zg-629	2663859	S	1196	521	1717	0.00032
Aeromicrobium sp. A1-2	2107713	S	1024	199	1223	0.00023
Aeromicrobium erythreum	2041	S	1729	700	2429	0.00046
Aeromicrobium choanae	1736691	S	1532	623	2155	0.00041
Aeromicrobium chenweiae	2079793	S	1510	635	2145	0.00040
Aeromicrobium yanjiei	2662028	S	1326	516	1842	0.00035
Aeromicrobium marinum	219314	S	1167	353	1520	0.00029
Friedmanniella luteola	546871	S	3082	883	3965	0.00075
Pimelobacter simplex	2045	S	2883	1418	4301	0.00081
Marmoricola scoriae	642780	S	2861	1500	4361	0.00082
Mumia sp. ZJ1417	2708082	S	1972	515	2487	0.00047
Micropruina glycogenica	75385	S	1076	232	1308	0.00025
Microlunatus sagamiharensis	546874	S	3172	1054	4226	0.00079
Microlunatus phosphovorus	29405	S	2308	390	2698	0.00051
Microlunatus soli	630515	S	1833	248	2081	0.00039
Microlunatus elymi	2596828	S	1650	241	1891	0.00036
Microlunatus sp. Gsoil 973	2672569	S	1412	150	1562	0.00029
Tessaracoccus sp. J1M15	2829499	S	1039	535	1574	0.00030
Tessaracoccus defluvii	1285901	S	1161	1301	2462	0.00046
Tessaracoccus aquimaris	1332264	S	1087	875	1962	0.00037
Brevilactibacter coleopterorum	2714937	S	1546	1094	2640	0.00050
Brevilactibacter sp. MC1595	2819349	S	1293	807	2100	0.00039
Auraticoccus monumenti	675864	S	1882	522	2404	0.00045
Raineyella fluvialis	2662261	S	1177	260	1437	0.00027
Kribbella flavida	182640	S	6215	1919	8134	0.00153
Kribbella qitaiheensis	1544730	S	5237	1101	6338	0.00119
Actinopolymorpha singaporensis	117157	S	4274	709	4983	0.00094
Amycolatopsis sp. WQ 127309	2932773	S	6025	2125	8150	0.00153
Amycolatopsis sp. Hca4	2742131	S	5528	2470	7998	0.00150
Amycolatopsis sp. DSM 110486	2865832	S	5114	1312	6426	0.00121
Amycolatopsis sp. FDAARGOS 1241	2778070	S	4033	1147	5180	0.00097
Amycolatopsis sp. CA-230715	2745196	S	3553	732	4285	0.00081
Amycolatopsis sp. YIM 10	2653857	S	3027	1126	4153	0.00078
Amycolatopsis sp. FU40	2914159	S	2437	1192	3629	0.00068
Amycolatopsis sp. AA4	1896961	S	2219	1263	3482	0.00065
Amycolatopsis sp. BJA-103	1911175	S	1642	765	2407	0.00045
Amycolatopsis sp. TNS106	2861750	S	1453	959	2412	0.00045
Amycolatopsis sp. EV170708-02-1	2919322	S	1195	1286	2481	0.00047
Amycolatopsis pretoriensis	218821	S	5853	2363	8216	0.00154
Amycolatopsis mediterranei	33910	S	5805	4305	10110	0.00190
Amycolatopsis acidiphila	715473	S	4543	1310	5853	0.00110
Amycolatopsis keratiniphila	129921	S	1724	1608	3332	0.00063
Amycolatopsis japonica	208439	S	1001	1057	2058	0.00039
Amycolatopsis thermalba	944492	S	2816	1506	4322	0.00081
Amycolatopsis methanolica	1814	S	2767	1386	4153	0.00078
Amycolatopsis albispora	1804986	S	2647	1905	4552	0.00086
Amycolatopsis aidingensis	2842453	S	2477	395	2872	0.00054
Amycolatopsis orientalis	31958	S	1793	731	2524	0.00047
Pseudonocardia sp. DSM 110487	2865833	S	18638	3757	22395	0.00421
Pseudonocardia sp. CGMCC 4.1532	2761535	S	4123	2890	7013	0.00132
Pseudonocardia sp. HH130630-07	1690815	S	3111	2712	5823	0.00109
Pseudonocardia sp. AL041005-10	445576	S	2532	2230	4762	0.00090
Pseudonocardia sp. HH130629-09	1641402	S	2116	3015	5131	0.00096
Pseudonocardia dioxanivorans	240495	S	6167	2275	8442	0.00159
Pseudonocardia broussonetiae	2736640	S	6060	2639	8699	0.00164
Pseudonocardia abyssalis	2792008	S	3346	2065	5411	0.00102
Pseudonocardia autotrophica	2074	S	3339	1227	4566	0.00086
Saccharopolyspora erythraea	1836	S	4948	1855	6803	0.00128
Saccharopolyspora gregorii	33914	S	2222	627	2849	0.00054
Saccharopolyspora spinosa	60894	S	1801	1156	2957	0.00056
Saccharopolyspora pogona	333966	S	1535	1425	2960	0.00056
Saccharopolyspora sp. ASAGF58	2719023	S	1212	1247	2459	0.00046
Saccharothrix syringae	103733	S	4256	1935	6191	0.00116
Saccharothrix sp. 6-C	2781735	S	4021	1773	5794	0.00109
Saccharothrix espanaensis	103731	S	3362	1309	4671	0.00088
Kutzneria sp. CA-103260	2802641	S	5009	1488	6497	0.00122
Kutzneria albida	43357	S	3251	1020	4271	0.00080
Saccharomonospora marina	632569	S	1906	573	2479	0.00047
Saccharomonospora azurea	40988	S	1380	595	1975	0.00037
Saccharomonospora cyanea	40989	S	1254	632	1886	0.00035
Saccharomonospora xinjiangensis	75294	S	1140	278	1418	0.00027
Actinoalloteichus hoggarensis	1470176	S	1578	1635	3213	0.00060
Actinoalloteichus hymeniacidonis	340345	S	1166	440	1606	0.00030
Actinosynnema pretiosum	42197	S	1452	4309	5761	0.00108
Lentzea guizhouensis	1586287	S	3634	1062	4696	0.00088
Kibdelosporangium phytohabitans	860235	S	3551	585	4136	0.00078
Allokutzneria albata	211114	S	2892	964	3856	0.00072
Alloactinosynnema sp. L-07	1653480	S	2727	835	3562	0.00067
Prauserella marina	530584	S	1660	209	1869	0.00035
Allosaccharopolyspora coralli	2665642	S	1333	397	1730	0.00033
Micromonospora sp. WMMC415	2675222	S	2274	1139	3413	0.00064
Micromonospora sp. WMMA2032	2039870	S	1871	1665	3536	0.00066
Micromonospora sp. HM134	2583243	S	1795	1110	2905	0.00055
Micromonospora sp. B006	2201999	S	1621	1751	3372	0.00063
Micromonospora terminaliae	1914461	S	3565	2482	6047	0.00114
Micromonospora krabiensis	307121	S	2736	1268	4004	0.00075
Micromonospora inositola	47865	S	2685	1810	4495	0.00084
Micromonospora carbonacea	47853	S	2665	1619	4284	0.00081
Micromonospora echinofusca	47858	S	2456	1509	3965	0.00075
Micromonospora echinaurantiaca	47857	S	2408	1560	3968	0.00075
Micromonospora viridifaciens	1881	S	2250	1348	3598	0.00068
Micromonospora auratinigra	261654	S	2228	1611	3839	0.00072
Micromonospora purpureochromogenes	47872	S	2161	1575	3736	0.00070
Micromonospora ferruginea	2749844	S	2159	1724	3883	0.00073
Micromonospora siamensis	299152	S	2092	1370	3462	0.00065
Micromonospora coriariae	285665	S	2071	1013	3084	0.00058
Micromonospora coxensis	356852	S	2064	1561	3625	0.00068
Micromonospora echinospora	1877	S	1942	929	2871	0.00054
Micromonospora narathiwatensis	299146	S	1824	1185	3009	0.00057
Micromonospora sagamiensis	47875	S	1773	933	2706	0.00051
Micromonospora maris	1003110	S	1748	699	2447	0.00046
Micromonospora chokoriensis	356851	S	1746	781	2527	0.00048
Micromonospora zamorensis	709883	S	1725	768	2493	0.00047
Micromonospora rifamycinica	291594	S	1717	1077	2794	0.00053
Micromonospora endophytica (Xie et al. 2001) Li et al. 2019	515350	S	1678	667	2345	0.00044
Micromonospora craniellae	2294034	S	1373	995	2368	0.00045
Micromonospora tulbaghiae	479978	S	1182	1856	3038	0.00057
Actinoplanes sp. L3-i22	2836373	S	5110	4024	9134	0.00172
Actinoplanes sp. N902-109	649831	S	4035	1518	5553	0.00104
Actinoplanes sp. OR16	946334	S	3718	2008	5726	0.00108
Actinoplanes friuliensis	196914	S	4146	886	5032	0.00095
Actinoplanes ianthinogenes	122358	S	4094	1901	5995	0.00113
Actinoplanes missouriensis	1866	S	3402	1308	4710	0.00089
Actinoplanes teichomyceticus	1867	S	3182	1592	4774	0.00090
Actinoplanes derwentensis	113562	S	2931	579	3510	0.00066
Phytohabitans suffuscus	624315	S	4878	1478	6356	0.00119
Phytohabitans flavus	1076124	S	4012	928	4940	0.00093
Dactylosporangium vinaceum	53362	S	8074	1303	9377	0.00176
Actinocatenispora thailandica	227318	S	3267	1082	4349	0.00082
Actinocatenispora sera	390989	S	3079	1074	4153	0.00078
Plantactinospora sp. KBS50	2024580	S	2918	3942	6860	0.00129
Catellatospora sp. IY07-71	2728827	S	4730	1507	6237	0.00117
Couchioplanes caeruleus	56438	S	4610	1546	6156	0.00116
Polymorphospora rubra	338584	S	3268	974	4242	0.00080
Natronosporangium hydrolyticum	2811111	S	2060	214	2274	0.00043
Verrucosispora sp. NA02020	2742132	S	1547	1327	2874	0.00054
Salinispora tropica	168695	S	1182	267	1449	0.00027
Actinomadura sp. WMMA1423	2591108	S	5732	2276	8008	0.00151
Actinomadura sp. NAK00032	2742128	S	4989	2352	7341	0.00138
Actinomadura sp. WMMB 499	1219491	S	4662	1565	6227	0.00117
Actinomadura verrucosospora	46165	S	12826	5260	18086	0.00340
Actinomadura madurae	1993	S	5657	2263	7920	0.00149
Actinomadura graeca	2750812	S	4148	1346	5494	0.00103
Thermomonospora amylolytica	1411117	S	3750	1967	5717	0.00107
Thermomonospora curvata	2020	S	2461	1068	3529	0.00066
Nonomuraea coxensis	404386	S	6357	2560	8917	0.00168
Nonomuraea nitratireducens	2656914	S	5882	1762	7644	0.00144
Nonomuraea sp. ATCC 55076	1909395	S	5474	2280	7754	0.00146
Nonomuraea gerenzanensis	93944	S	5124	2216	7340	0.00138
Streptosporangium roseum	2001	S	8021	2905	10926	0.00205
Streptosporangium sp. 'caverna'	2202249	S	5038	1445	6483	0.00122
Thermobispora bispora	2006	S	2783	921	3704	0.00070
Nocardiopsis sp. MT53	2865672	S	2257	777	3034	0.00057
Nocardiopsis gilva	280236	S	1841	534	2375	0.00045
Nocardiopsis alba	53437	S	1235	322	1557	0.00029
Nocardiopsis dassonvillei	2014	S	1214	2467	3681	0.00069
Thermobifida halotolerans	483545	S	1353	576	1929	0.00036
Thermobifida alba	53522	S	1294	668	1962	0.00037
Streptomonospora litoralis	2498135	S	2008	570	2578	0.00048
Spiractinospora alimapuensis	2820884	S	1486	142	1628	0.00031
Blastococcus sp. PRF04-17	2933797	S	7339	3585	10924	0.00205
Blastococcus saxobsidens	138336	S	6187	2678	8865	0.00167
Modestobacter marinus	477641	S	7576	3716	11292	0.00212
Modestobacter sp. L9-4	2851567	S	4310	2343	6653	0.00125
Geodermatophilus obscurus	1861	S	7386	3515	10901	0.00205
Actinomyces radicidentis	111015	S	1001	2678	3679	0.00069
Frankia inefficax	298654	S	4827	891	5718	0.00107
Frankia sp. QA3	710111	S	1942	886	2828	0.00053
Frankia sp. ArI3	1858	S	1537	1074	2611	0.00049
Candidatus Frankia datiscae	2716812	S	2075	637	2712	0.00051
Frankia casuarinae	106370	S	1816	281	2097	0.00039
Frankia alni	1859	S	1745	1285	3030	0.00057
Nakamurella multipartita	53461	S	10750	2966	13716	0.00258
Nakamurella sp. PAMC28650	2762325	S	1533	217	1750	0.00033
Nakamurella panacisegetis	1090615	S	1502	277	1779	0.00033
Jiangella sp. DSM 45060	1798224	S	3874	1469	5343	0.00100
Jiangella alkaliphila	419479	S	3865	1408	5273	0.00099
Catenulispora acidiphila	304895	S	5651	1235	6886	0.00129
Jatrophihabitans telluris	2038343	S	1842	256	2098	0.00039
Jatrophihabitans sp. GAS493	1907575	S	1786	274	2060	0.00039
Stackebrandtia nassauensis	283811	S	1977	277	2254	0.00042
Kineococcus radiotolerans	131568	S	1917	803	2720	0.00051
Epidermidibacterium keratini	1891644	S	1243	825	2068	0.00039
Actinopolyspora erythraea	414996	S	1029	160	1189	0.00022
Conexibacter sp. SYSU D00693	2812560	S	20166	7263	27429	0.00516
Conexibacter sp. S30A1	2937800	S	6935	1078	8013	0.00151
Conexibacter sp. DBS9H8	2937801	S	6828	923	7751	0.00146
Conexibacter woesei	191495	S	24982	6841	31823	0.00598
Miltoncostaea oceani	2843216	S	7382	1657	9039	0.00170
Miltoncostaea marina	2843215	S	7342	2795	10137	0.00191
Baekduia soli	496014	S	21085	5356	26441	0.00497
Rubrobacter xylanophilus	49319	S	4555	958	5513	0.00104
Rubrobacter marinus	2653852	S	2959	325	3284	0.00062
Rubrobacter tropicus	2653851	S	2397	229	2626	0.00049
Rubrobacter radiotolerans	42256	S	1382	206	1588	0.00030
Aquihabitans sp. Kera 3	2884263	S	5106	1161	6267	0.00118
Aquihabitans sp. G128	2849779	S	4241	1155	5396	0.00101
Actinomarinicola tropica	2789776	S	4510	1204	5714	0.00107
Iamia sp. SCSIO 61187	2722752	S	4443	940	5383	0.00101
Ilumatobacter coccineus	467094	S	2180	210	2390	0.00045
Acidimicrobium ferrooxidans	53635	S	1016	131	1147	0.00022
Egibacter rhizosphaerae	1670831	S	2896	251	3147	0.00059
Egicoccus halophilus	1670830	S	2435	551	2986	0.00056
Euzebya pacifica	1608957	S	2358	283	2641	0.00050
Priestia megaterium	1404	S	12862	25817	38679	0.00727
Neobacillus drentensis	220684	S	2955	3242	6197	0.00116
Hydrogenibacillus sp. N12	2866627	S	1137	606	1743	0.00033
Paenibacillus sp. B01	2660554	S	1164	2959	4123	0.00077
Paenibacillus mucilaginosus	61624	S	1126	297	1423	0.00027
Paenibacillus albicereus	2726185	S	1002	1991	2993	0.00056
Alicyclobacillus acidocaldarius	405212	S	1225	313	1538	0.00029
Thermaerobacter sp. FW80	2546351	S	1327	702	2029	0.00038
Thermaerobacter sp. PB12/4term	2293838	S	1033	580	1613	0.00030
Thermaerobacter marianensis	73919	S	1187	566	1753	0.00033
Symbiobacterium thermophilum	2734	S	1596	751	2347	0.00044
Limnochorda pilosa	1555112	S	1662	173	1835	0.00034
Deinococcus ficus	317577	S	2044	412	2456	0.00046
Deinococcus actinosclerus	1768108	S	1453	1889	3342	0.00063
Deinococcus gobiensis	502394	S	1176	338	1514	0.00028
Deinococcus maricopensis	309887	S	1110	213	1323	0.00025
Deinococcus metallilatus	1211322	S	1037	255	1292	0.00024
Oceanithermus profundus	187137	S	1395	461	1856	0.00035
Truepera radiovictrix	332249	S	1160	134	1294	0.00024
Sphaerobacter thermophilus	2057	S	3711	340	4051	0.00076
Roseiflexus castenholzii	120962	S	1095	209	1304	0.00025
Roseiflexus sp. RS-1	357808	S	1085	165	1250	0.00024
Tepidiforma bonchosmolovskayae	2601677	S	2357	197	2554	0.00048
Candidatus Promineofilum breve	1806508	S	2135	86	2221	0.00042
Ktedonosporobacter rubrisoli	2509675	S	1115	43	1158	0.00022
Caldilinea aerophila	133453	S	1048	89	1137	0.00021
Fimbriimonas ginsengisoli	1005039	S	1291	16	1307	0.00025
Gemmata obscuriglobus	114	S	5472	1249	6721	0.00126
Gemmata massiliana	1210884	S	2823	1192	4015	0.00075
Gemmata sp. SH-PL17	1630693	S	2659	1261	3920	0.00074
Urbifossiella limnaea	2528023	S	9754	1156	10910	0.00205
Frigoriglobus tundricola	2774151	S	6679	1291	7970	0.00150
Limnoglobus roseus	2598579	S	5708	334	6042	0.00114
Aquisphaera giovannonii	406548	S	9516	1951	11467	0.00216
Tautonia plasticadhaerens	2527974	S	8029	915	8944	0.00168
Paludisphaera borealis	1387353	S	6787	1586	8373	0.00157
Singulisphaera acidiphila	466153	S	5148	795	5943	0.00112
Lignipirellula cremea	2528010	S	1849	287	2136	0.00040
Anatilimnocola aggregata	2528021	S	1596	229	1825	0.00034
Bremerella volcania	2527984	S	1074	99	1173	0.00022
Lacipirellula parvula	2650471	S	1963	257	2220	0.00042
Lacipirellula limnantheis	2528024	S	1818	266	2084	0.00039
Pirellulimonas nuda	2528009	S	2388	340	2728	0.00051
Botrimarina mediterranea	2528022	S	1977	234	2211	0.00042
Planctomyces sp. SH-PL62	1636152	S	5420	2079	7499	0.00141
Planctomyces sp. SH-PL14	1632864	S	2865	270	3135	0.00059
Caulifigura coniformis	2527983	S	2096	200	2296	0.00043
Maioricimonas rarisocia	2528026	S	1858	337	2195	0.00041
Alienimonas californiensis	2527989	S	1849	201	2050	0.00039
Humisphaera borealis	2807512	S	3426	142	3568	0.00067
Phycisphaera mikurensis	547188	S	1869	245	2114	0.00040
Opitutus terrae	107709	S	2593	188	2781	0.00052
Opitutus sp. GAS368	1882749	S	2328	490	2818	0.00053
Lacunisphaera limnophila	1838286	S	1687	343	2030	0.00038
Oleiharenicola sp. KSB-15	2862869	S	1287	105	1392	0.00026
Nibricoccus aquaticus	2576891	S	1113	77	1190	0.00022
Verrucomicrobium sp. GAS474	1882831	S	1493	324	1817	0.00034
Roseimicrobium sp. ORNL1	2711231	S	1062	121	1183	0.00022
Hymenobacter sp. 5317J-9	2932250	S	1059	3752	4811	0.00090
Rhodothermus marinus	29549	S	2525	628	3153	0.00059
Rhodocaloribacter litoris	2558931	S	2276	893	3169	0.00060
Salinibacter ruber	146919	S	1504	118	1622	0.00030
Niastella koreensis	354356	S	1355	470	1825	0.00034
Gemmatirosa kalamazoonesis	861299	S	27495	5013	32508	0.00611
Gemmatimonas groenlandica	2732249	S	5076	682	5758	0.00108
Gemmatimonas aurantiaca	173480	S	3577	433	4010	0.00075
Gemmatimonas phototrophica	1379270	S	3174	499	3673	0.00069
Granulicella sp. WH15	2602070	S	2560	583	3143	0.00059
Granulicella sp. 5B5	1617967	S	2104	430	2534	0.00048
Granulicella mallensis	940614	S	2002	298	2300	0.00043
Granulicella tundricola	940615	S	1539	249	1788	0.00034
Candidatus Koribacter versatilis	658062	S	6852	340	7192	0.00135
Acidobacterium sp. 4Y35	2763107	S	3129	286	3415	0.00064
Acidobacterium capsulatum	33075	S	2989	511	3500	0.00066
Terriglobus roseus	392734	S	2747	697	3444	0.00065
Terriglobus albidus	1592106	S	2029	252	2281	0.00043
Terriglobus saanensis	870903	S	1253	196	1449	0.00027
Edaphobacter sp. 12200R-103	2703788	S	1911	386	2297	0.00043
Edaphobacter sp. 4G125	2763071	S	1097	185	1282	0.00024
Acidisarcina polymorpha	2211140	S	2094	198	2292	0.00043
Paludibaculum fermentans	1473598	S	6027	258	6285	0.00118
Luteitalea sp. TBR-22	2802971	S	12805	3272	16077	0.00302
Luteitalea pratensis	1855912	S	10899	1657	12556	0.00236
Sulfidibacter corallicola	2818388	S	1224	44	1268	0.00024
Nitrospira moscoviensis	42253	S	2808	256	3064	0.00058
Nitrospira japonica	1325564	S	1630	171	1801	0.00034
Candidatus Nitrospira inopinata	1715989	S	1130	96	1226	0.00023
Nitrospira sp. KM1	1936990	S	1100	84	1184	0.00022
Fusarium acuminatum	5515	S	5067	1149	6216	0.00117
Purpureocillium lilacinum	33203	S	1349	271	1620	0.00030
Thermothielavioides terrestris	2587410	S	1145	250	1395	0.00026
Thermothelomyces thermophilus	78579	S	1043	164	1207	0.00023
Pseudozyma flocculosa	84751	S	1238	106	1344	0.00025
