name	taxonomy_id	taxonomy_lvl	kraken_assigned_reads	added_reads	new_est_reads	fraction_total_reads
Streptomycetaceae	2062	F	983836	205236	1189072	0.15994
Microbacteriaceae	85023	F	206748	24971	231719	0.03117
Micrococcaceae	1268	F	85161	18543	103704	0.01395
Cellulomonadaceae	85016	F	35936	11280	47216	0.00635
Intrasporangiaceae	85021	F	28349	6820	35169	0.00473
Promicromonosporaceae	85017	F	17744	6517	24261	0.00326
Ornithinimicrobiaceae	2805590	F	13498	2645	16143	0.00217
Dermabacteraceae	85020	F	10349	1873	12222	0.00164
Brevibacteriaceae	85019	F	10083	1920	12003	0.00161
Dermacoccaceae	145357	F	7234	1588	8822	0.00119
Bogoriellaceae	145358	F	7060	1992	9052	0.00122
Ruaniaceae	1331736	F	6002	6565	12567	0.00169
Beutenbergiaceae	125316	F	4205	1253	5458	0.00073
Sanguibacteraceae	145360	F	2968	877	3845	0.00052
Dermatophilaceae	85018	F	1253	114	1367	0.00018
Kytococcaceae	2805426	F	1177	408	1585	0.00021
Mycobacteriaceae	1762	F	180125	27146	207271	0.02788
Nocardiaceae	85025	F	97585	17590	115175	0.01549
Corynebacteriaceae	1653	F	26167	5988	32155	0.00433
Gordoniaceae	85026	F	22986	4595	27581	0.00371
Tsukamurellaceae	85028	F	7054	1667	8721	0.00117
Dietziaceae	85029	F	4088	4104	8192	0.00110
Nocardioidaceae	85015	F	263635	49210	312845	0.04208
Kribbellaceae	2726069	F	31346	4292	35638	0.00479
Propionibacteriaceae	31957	F	31287	7109	38396	0.00516
Actinopolymorphaceae	2805400	F	6356	653	7009	0.00094
Pseudonocardiaceae	2070	F	294702	37654	332356	0.04471
Micromonosporaceae	28056	F	220263	28286	248549	0.03343
Thermomonosporaceae	2012	F	115543	19912	135455	0.01822
Streptosporangiaceae	2004	F	48934	7113	56047	0.00754
Nocardiopsaceae	83676	F	17724	2629	20353	0.00274
Geodermatophilaceae	85030	F	44944	10368	55312	0.00744
Jiangellaceae	1217100	F	17213	2845	20058	0.00270
Frankiaceae	74712	F	16982	1578	18560	0.00250
Actinomycetaceae	2049	F	16528	2263	18791	0.00253
Bifidobacteriaceae	31953	F	6570	1516	8086	0.00109
Nakamurellaceae	85031	F	6497	789	7286	0.00098
Catenulisporaceae	414877	F	5534	737	6271	0.00084
Jatrophihabitantaceae	2805416	F	3540	284	3824	0.00051
Glycomycetaceae	85034	F	2507	186	2693	0.00036
Kineosporiaceae	83778	F	2108	533	2641	0.00036
Sporichthyaceae	85033	F	1300	562	1862	0.00025
Actinopolysporaceae	622451	F	1046	98	1144	0.00015
Conexibacteraceae	320583	F	80407	11545	91952	0.01237
Miltoncostaeaceae	2843199	F	17966	2235	20201	0.00272
Baekduiaceae	2600303	F	32022	5207	37229	0.00501
Rubrobacteraceae	84997	F	11378	480	11858	0.00160
Iamiaceae	633392	F	22846	2816	25662	0.00345
Ilumatobacteraceae	2448023	F	2711	168	2879	0.00039
Acidimicrobiaceae	84994	F	1009	79	1088	0.00015
Eggerthellaceae	1643826	F	5794	888	6682	0.00090
Atopobiaceae	1643824	F	2868	600	3468	0.00047
Coriobacteriaceae	84107	F	1307	294	1601	0.00022
Egibacteraceae	1747769	F	2594	148	2742	0.00037
Euzebyaceae	908622	F	2230	176	2406	0.00032
Egicoccaceae	1755824	F	2199	325	2524	0.00034
Bacillaceae	186817	F	37676	40991	78667	0.01058
Paenibacillaceae	186822	F	29954	2715	32669	0.00439
Alicyclobacillaceae	186823	F	2641	428	3069	0.00041
Planococcaceae	186818	F	2438	822	3260	0.00044
Thermoactinomycetaceae	186824	F	1013	121	1134	0.00015
Lactobacillaceae	33958	F	1845	639	2484	0.00033
Oscillospiraceae	216572	F	3861	1388	5249	0.00071
Clostridiales Family XVII. Incertae Sedis	539000	F	2878	662	3540	0.00048
Clostridiaceae	31979	F	1421	216	1637	0.00022
Lachnospiraceae	186803	F	1419	501	1920	0.00026
Symbiobacteriaceae	543349	F	1172	92	1264	0.00017
Thermoanaerobacteraceae	186814	F	1417	249	1666	0.00022
Selenomonadaceae	1843491	F	1531	103	1634	0.00022
Limnochordaceae	1676650	F	1212	43	1255	0.00017
Deinococcaceae	183710	F	13214	1503	14717	0.00198
Thermaceae	188786	F	4992	285	5277	0.00071
Synechococcaceae	1890426	F	6395	770	7165	0.00096
Prochlorococcaceae	2881426	F	1517	336	1853	0.00025
Nostocaceae	1162	F	1107	490	1597	0.00021
Leptolyngbyaceae	1890438	F	1251	115	1366	0.00018
Gloeobacteraceae	1890422	F	1876	49	1925	0.00026
Sphaerobacteraceae	85002	F	2850	217	3067	0.00041
Roseiflexaceae	1508635	F	1739	119	1858	0.00025
Tepidiformaceae	2682227	F	2045	89	2134	0.00029
Ardenticatenaceae	1382930	F	1634	33	1667	0.00022
Fimbriimonadaceae	1663426	F	1132	6	1138	0.00015
Bradyrhizobiaceae	41294	F	433210	41499	474709	0.06385
Phyllobacteriaceae	69277	F	119421	20301	139722	0.01879
Rhizobiaceae	82115	F	96905	17956	114861	0.01545
Methylobacteriaceae	119045	F	71766	10763	82529	0.01110
Hyphomicrobiaceae	45401	F	68700	6053	74753	0.01006
Xanthobacteraceae	335928	F	60485	9851	70336	0.00946
Boseaceae	2831100	F	22709	3551	26260	0.00353
Devosiaceae	2831106	F	19061	20514	39575	0.00532
Aurantimonadaceae	255475	F	14158	2909	17067	0.00230
Methylocystaceae	31993	F	11638	978	12616	0.00170
Phreatobacteraceae	2843305	F	9354	1562	10916	0.00147
Stappiaceae	2821832	F	8886	1971	10857	0.00146
Beijerinckiaceae	45404	F	6141	445	6586	0.00089
Blastochloridaceae	2831090	F	5831	1374	7205	0.00097
Parvibaculaceae	2813035	F	5342	1383	6725	0.00090
Chelatococcaceae	2036754	F	4741	1064	5805	0.00078
Kaistiaceae	2831111	F	3315	816	4131	0.00056
Brucellaceae	118882	F	3276	1963	5239	0.00070
Amorphaceae	2685818	F	2712	295	3007	0.00040
Lichenihabitantaceae	2723775	F	1968	93	2061	0.00028
Pleomorphomonadaceae	2843308	F	1826	325	2151	0.00029
Breoghaniaceae	2831104	F	1820	240	2060	0.00028
Sphingomonadaceae	41297	F	171226	23565	194791	0.02620
Erythrobacteraceae	335929	F	28230	5002	33232	0.00447
Sphingosinicellaceae	2820280	F	7379	542	7921	0.00107
Acetobacteraceae	433	F	36057	4422	40479	0.00544
Azospirillaceae	2829815	F	35897	3778	39675	0.00534
Rhodospirillaceae	41295	F	20552	93351	113903	0.01532
Stellaceae	2844601	F	4111	282	4393	0.00059
Elioraeaceae	2690195	F	1959	96	2055	0.00028
Thalassospiraceae	2844866	F	1336	91	1427	0.00019
Rhodobacteraceae	31989	F	43226	6122	49348	0.00664
Roseobacteraceae	2854170	F	30124	3085	33209	0.00447
Caulobacteraceae	76892	F	55121	5061	60182	0.00810
Hyphomonadaceae	69657	F	2539	98	2637	0.00035
Maricaulaceae	2800061	F	2440	242	2682	0.00036
Burkholderiaceae	119060	F	187994	64862	252856	0.03401
Comamonadaceae	80864	F	138381	47911	186292	0.02506
Oxalobacteraceae	75682	F	62301	8069	70370	0.00947
Alcaligenaceae	506	F	48978	61018	109996	0.01480
Zoogloeaceae	2008794	F	16282	6957	23239	0.00313
Rhodocyclaceae	75787	F	12114	4061	16175	0.00218
Azonexaceae	2008795	F	4283	487	4770	0.00064
Usitatibacteraceae	2803844	F	11377	947	12324	0.00166
Sterolibacteriaceae	2008793	F	5154	1505	6659	0.00090
Nitrosomonadaceae	206379	F	3919	193	4112	0.00055
Gallionellaceae	90627	F	2916	351	3267	0.00044
Thiobacillaceae	2008790	F	2640	812	3452	0.00046
Sulfuricellaceae	2772226	F	2420	318	2738	0.00037
Methylophilaceae	32011	F	1436	123	1559	0.00021
Chromobacteriaceae	1499392	F	14683	3004	17687	0.00238
Neisseriaceae	481	F	6198	1330	7528	0.00101
Xanthomonadaceae	32033	F	121555	24607	146162	0.01966
Rhodanobacteraceae	1775411	F	31613	5244	36857	0.00496
Pseudomonadaceae	135621	F	121697	35800	157497	0.02119
Marinobacteraceae	2887365	F	3030	273	3303	0.00044
Enterobacteriaceae	543	F	19264	65252	84516	0.01137
Yersiniaceae	1903411	F	7585	2343	9928	0.00134
Erwiniaceae	1903409	F	5829	1142	6971	0.00094
Pectobacteriaceae	1903410	F	3664	551	4215	0.00057
Hafniaceae	1903412	F	1073	411	1484	0.00020
Ectothiorhodospiraceae	72276	F	11197	1114	12311	0.00166
Chromatiaceae	1046	F	8275	638	8913	0.00120
Wenzhouxiangellaceae	1676141	F	1298	1061	2359	0.00032
Halomonadaceae	28256	F	18296	2287	20583	0.00277
Alcanivoracaceae	224372	F	1862	842	2704	0.00036
Oceanospirillaceae	135620	F	1306	152	1458	0.00020
Aeromonadaceae	84642	F	9145	6741	15886	0.00214
Methylococcaceae	403	F	8156	384	8540	0.00115
Shewanellaceae	267890	F	2666	522	3188	0.00043
Alteromonadaceae	72275	F	1187	199	1386	0.00019
Microbulbiferaceae	1706373	F	2358	148	2506	0.00034
Cellvibrionaceae	1706371	F	1266	45	1311	0.00018
Halieaceae	1706372	F	1121	116	1237	0.00017
Sinobacteraceae	568386	F	3540	476	4016	0.00054
Steroidobacteraceae	2689614	F	1692	495	2187	0.00029
Acidiferrobacteraceae	1692041	F	4834	244	5078	0.00068
Vibrionaceae	641	F	3179	540	3719	0.00050
Moraxellaceae	468	F	1785	685	2470	0.00033
Legionellaceae	444	F	1069	74	1143	0.00015
Immundisolibacteraceae	1934946	F	1336	1572	2908	0.00039
Polyangiaceae	49	F	73638	5501	79139	0.01065
Sandaracinaceae	1055686	F	18737	952	19689	0.00265
Labilitrichaceae	1524216	F	10845	440	11285	0.00152
Myxococcaceae	31	F	34674	22826	57500	0.00773
Archangiaceae	39	F	29338	1271	30609	0.00412
Anaeromyxobacteraceae	1524215	F	27647	1939	29586	0.00398
Vulgatibacteraceae	1524213	F	3737	275	4012	0.00054
Kofleriaceae	224464	F	7187	362	7549	0.00102
Geobacteraceae	213422	F	11582	1148	12730	0.00171
Desulfuromonadaceae	213421	F	3602	545	4147	0.00056
Desulfovibrionaceae	194924	F	10959	974	11933	0.00161
Desulfobacteraceae	213119	F	2646	239	2885	0.00039
Desulfobulbaceae	213121	F	1133	149	1282	0.00017
Bradymonadaceae	1779135	F	3234	410	3644	0.00049
Acidithiobacillaceae	225058	F	1044	119	1163	0.00016
Gemmataceae	1914233	F	38840	1371	40211	0.00541
Pirellulaceae	2691357	F	12292	524	12816	0.00172
Lacipirellulaceae	2691359	F	11502	566	12068	0.00162
Isosphaeraceae	1763524	F	22164	2366	24530	0.00330
Planctomycetaceae	126	F	20465	1718	22183	0.00298
Tepidisphaeraceae	1771355	F	3888	110	3998	0.00054
Phycisphaeraceae	666507	F	2551	167	2718	0.00037
Opitutaceae	134623	F	17667	969	18636	0.00251
Verrucomicrobiaceae	203557	F	5563	281	5844	0.00079
Hymenobacteraceae	1853232	F	11378	471	11849	0.00159
Cytophagaceae	89373	F	2261	107	2368	0.00032
Spirosomaceae	2896860	F	1768	100	1868	0.00025
Fulvivirgaceae	2762286	F	1018	30	1048	0.00014
Flavobacteriaceae	49546	F	11392	813	12205	0.00164
Weeksellaceae	2762318	F	1634	410	2044	0.00027
Chitinophagaceae	563835	F	10490	127	10617	0.00143
Rikenellaceae	171550	F	2500	823	3323	0.00045
Prevotellaceae	171552	F	1007	152	1159	0.00016
Sphingobacteriaceae	84566	F	4931	485	5416	0.00073
Rhodothermaceae	563843	F	4701	225	4926	0.00066
Chlorobiaceae	191412	F	1954	213	2167	0.00029
Gemmatimonadaceae	219687	F	45209	2622	47831	0.00643
Acidobacteriaceae	204434	F	20568	461	21029	0.00283
Bryobacteraceae	1962910	F	3969	112	4081	0.00055
Vicinamibacteraceae	2211325	F	22571	3080	25651	0.00345
Acanthopleuribacteraceae	533207	F	1072	20	1092	0.00015
Nitrospiraceae	189779	F	5498	85	5583	0.00075
Synergistaceae	649777	F	1557	140	1697	0.00023
Nectriaceae	110618	F	7639	478	8117	0.00109
Hypocreaceae	5129	F	2302	108	2410	0.00032
Cordycipitaceae	474943	F	2068	67	2135	0.00029
Clavicipitaceae	34397	F	1915	221	2136	0.00029
Ophiocordycipitaceae	474942	F	1690	97	1787	0.00024
Chaetomiaceae	35718	F	1462	50	1512	0.00020
Aspergillaceae	1131492	F	1616	101	1717	0.00023
Ustilaginaceae	5268	F	1644	58	1702	0.00023
Peronosporaceae	4777	F	3143	588	3731	0.00050
