name	taxonomy_id	taxonomy_lvl	kraken_assigned_reads	added_reads	new_est_reads	fraction_total_reads
Bradyrhizobiaceae	41294	F	559602	54024	613626	0.08163
Rhizobiaceae	82115	F	120972	24422	145394	0.01934
Phyllobacteriaceae	69277	F	105568	17689	123257	0.01640
Methylobacteriaceae	119045	F	70644	11165	81809	0.01088
Xanthobacteraceae	335928	F	60740	9442	70182	0.00934
Hyphomicrobiaceae	45401	F	39618	3522	43140	0.00574
Devosiaceae	2831106	F	27095	2200	29295	0.00390
Boseaceae	2831100	F	24173	3699	27872	0.00371
Aurantimonadaceae	255475	F	16109	3358	19467	0.00259
Methylocystaceae	31993	F	13667	14128	27795	0.00370
Phreatobacteraceae	2843305	F	9579	1533	11112	0.00148
Stappiaceae	2821832	F	9539	1973	11512	0.00153
Beijerinckiaceae	45404	F	7334	510	7844	0.00104
Parvibaculaceae	2813035	F	6192	1573	7765	0.00103
Blastochloridaceae	2831090	F	6101	1381	7482	0.00100
Chelatococcaceae	2036754	F	5008	1075	6083	0.00081
Brucellaceae	118882	F	3501	1428	4929	0.00066
Kaistiaceae	2831111	F	3208	759	3967	0.00053
Amorphaceae	2685818	F	3190	345	3535	0.00047
Lichenihabitantaceae	2723775	F	2251	104	2355	0.00031
Pleomorphomonadaceae	2843308	F	1882	318	2200	0.00029
Breoghaniaceae	2831104	F	1850	235	2085	0.00028
Sphingomonadaceae	41297	F	155779	22768	178547	0.02375
Erythrobacteraceae	335929	F	31227	5529	36756	0.00489
Sphingosinicellaceae	2820280	F	7689	552	8241	0.00110
Acetobacteraceae	433	F	50431	6147	56578	0.00753
Azospirillaceae	2829815	F	48140	5209	53349	0.00710
Rhodospirillaceae	41295	F	30167	140018	170185	0.02264
Stellaceae	2844601	F	5998	420	6418	0.00085
Elioraeaceae	2690195	F	2717	142	2859	0.00038
Thalassospiraceae	2844866	F	1932	140	2072	0.00028
Rhodobacteraceae	31989	F	54199	7236	61435	0.00817
Roseobacteraceae	2854170	F	37919	4067	41986	0.00559
Caulobacteraceae	76892	F	50106	4821	54927	0.00731
Maricaulaceae	2800061	F	3061	284	3345	0.00045
Hyphomonadaceae	69657	F	2593	104	2697	0.00036
Burkholderiaceae	119060	F	219688	66686	286374	0.03810
Comamonadaceae	80864	F	131376	49433	180809	0.02405
Oxalobacteraceae	75682	F	63594	9345	72939	0.00970
Alcaligenaceae	506	F	53532	76229	129761	0.01726
Sutterellaceae	995019	F	1114	106	1220	0.00016
Zoogloeaceae	2008794	F	18310	8175	26485	0.00352
Rhodocyclaceae	75787	F	14171	4964	19135	0.00255
Azonexaceae	2008795	F	5086	616	5702	0.00076
Usitatibacteraceae	2803844	F	10937	975	11912	0.00158
Sterolibacteriaceae	2008793	F	5713	1742	7455	0.00099
Nitrosomonadaceae	206379	F	3678	203	3881	0.00052
Gallionellaceae	90627	F	2954	390	3344	0.00044
Thiobacillaceae	2008790	F	2787	898	3685	0.00049
Sulfuricellaceae	2772226	F	2609	361	2970	0.00040
Methylophilaceae	32011	F	1225	120	1345	0.00018
Chromobacteriaceae	1499392	F	18787	4239	23026	0.00306
Neisseriaceae	481	F	7517	1646	9163	0.00122
Casimicrobiaceae	2705999	F	1069	579	1648	0.00022
Xanthomonadaceae	32033	F	178117	36693	214810	0.02858
Rhodanobacteraceae	1775411	F	120409	18163	138572	0.01843
Pseudomonadaceae	135621	F	140737	40509	181246	0.02411
Marinobacteraceae	2887365	F	3548	330	3878	0.00052
Enterobacteriaceae	543	F	23838	92478	116316	0.01547
Yersiniaceae	1903411	F	9243	3235	12478	0.00166
Erwiniaceae	1903409	F	7852	1512	9364	0.00125
Pectobacteriaceae	1903410	F	4497	824	5321	0.00071
Hafniaceae	1903412	F	1409	445	1854	0.00025
Morganellaceae	1903414	F	1115	618	1733	0.00023
Ectothiorhodospiraceae	72276	F	13593	1338	14931	0.00199
Chromatiaceae	1046	F	10442	802	11244	0.00150
Wenzhouxiangellaceae	1676141	F	1523	1283	2806	0.00037
Halomonadaceae	28256	F	22418	2967	25385	0.00338
Alcanivoracaceae	224372	F	2218	1161	3379	0.00045
Oceanospirillaceae	135620	F	1653	197	1850	0.00025
Aeromonadaceae	84642	F	10939	8378	19317	0.00257
Methylococcaceae	403	F	10425	511	10936	0.00145
Shewanellaceae	267890	F	3137	622	3759	0.00050
Alteromonadaceae	72275	F	1454	241	1695	0.00023
Microbulbiferaceae	1706373	F	2920	179	3099	0.00041
Halieaceae	1706372	F	1374	134	1508	0.00020
Cellvibrionaceae	1706371	F	1101	40	1141	0.00015
Acidiferrobacteraceae	1692041	F	5542	291	5833	0.00078
Sinobacteraceae	568386	F	3409	533	3942	0.00052
Vibrionaceae	641	F	3740	1412	5152	0.00069
Moraxellaceae	468	F	1946	724	2670	0.00036
Legionellaceae	444	F	1196	88	1284	0.00017
Immundisolibacteraceae	1934946	F	1474	290	1764	0.00023
Salinisphaeraceae	742031	F	1057	48	1105	0.00015
Anaeromyxobacteraceae	1524215	F	37318	3595	40913	0.00544
Myxococcaceae	31	F	29069	4212	33281	0.00443
Archangiaceae	39	F	23074	2886	25960	0.00345
Vulgatibacteraceae	1524213	F	3499	369	3868	0.00051
Polyangiaceae	49	F	48533	4494	53027	0.00705
Sandaracinaceae	1055686	F	14035	903	14938	0.00199
Labilitrichaceae	1524216	F	6742	340	7082	0.00094
Kofleriaceae	224464	F	6538	420	6958	0.00093
Geobacteraceae	213422	F	18036	1950	19986	0.00266
Desulfuromonadaceae	213421	F	5114	814	5928	0.00079
Syntrophotaleaceae	2812024	F	1012	126	1138	0.00015
Desulfovibrionaceae	194924	F	15724	1634	17358	0.00231
Desulfobacteraceae	213119	F	4155	446	4601	0.00061
Desulfobulbaceae	213121	F	1795	274	2069	0.00028
Bradymonadaceae	1779135	F	3779	553	4332	0.00058
Syntrophobacteraceae	213465	F	1634	441	2075	0.00028
Desulfarculaceae	453228	F	1193	747	1940	0.00026
Acidithiobacillaceae	225058	F	1543	168	1711	0.00023
Streptomycetaceae	2062	F	615285	166398	781683	0.10399
Microbacteriaceae	85023	F	208718	34521	243239	0.03236
Micrococcaceae	1268	F	88050	23602	111652	0.01485
Cellulomonadaceae	85016	F	36195	12955	49150	0.00654
Intrasporangiaceae	85021	F	33919	9591	43510	0.00579
Promicromonosporaceae	85017	F	17725	7343	25068	0.00333
Ornithinimicrobiaceae	2805590	F	14857	3444	18301	0.00243
Dermabacteraceae	85020	F	11433	2437	13870	0.00185
Brevibacteriaceae	85019	F	11147	2514	13661	0.00182
Dermacoccaceae	145357	F	7674	1989	9663	0.00129
Bogoriellaceae	145358	F	7302	2397	9699	0.00129
Ruaniaceae	1331736	F	6283	848	7131	0.00095
Beutenbergiaceae	125316	F	4446	7349	11795	0.00157
Sanguibacteraceae	145360	F	3052	1019	4071	0.00054
Dermatophilaceae	85018	F	1466	160	1626	0.00022
Kytococcaceae	2805426	F	1323	528	1851	0.00025
Mycobacteriaceae	1762	F	188399	31714	220113	0.02928
Nocardiaceae	85025	F	97017	20308	117325	0.01561
Corynebacteriaceae	1653	F	30828	8837	39665	0.00528
Gordoniaceae	85026	F	24003	5413	29416	0.00391
Tsukamurellaceae	85028	F	7619	2091	9710	0.00129
Dietziaceae	85029	F	4350	4310	8660	0.00115
Nocardioidaceae	85015	F	205375	48303	253678	0.03375
Propionibacteriaceae	31957	F	34273	9711	43984	0.00585
Kribbellaceae	2726069	F	9772	1656	11428	0.00152
Actinopolymorphaceae	2805400	F	4615	594	5209	0.00069
Pseudonocardiaceae	2070	F	218380	37493	255873	0.03404
Micromonosporaceae	28056	F	173235	26849	200084	0.02662
Thermomonosporaceae	2012	F	53223	11853	65076	0.00866
Streptosporangiaceae	2004	F	41058	7773	48831	0.00650
Nocardiopsaceae	83676	F	18313	3608	21921	0.00292
Geodermatophilaceae	85030	F	35091	10227	45318	0.00603
Actinomycetaceae	2049	F	19690	3322	23012	0.00306
Frankiaceae	74712	F	18433	2097	20530	0.00273
Jiangellaceae	1217100	F	9198	1834	11032	0.00147
Nakamurellaceae	85031	F	8970	1459	10429	0.00139
Catenulisporaceae	414877	F	8419	1409	9828	0.00131
Bifidobacteriaceae	31953	F	8198	2606	10804	0.00144
Jatrophihabitantaceae	2805416	F	4005	406	4411	0.00059
Glycomycetaceae	85034	F	2623	240	2863	0.00038
Kineosporiaceae	83778	F	2128	678	2806	0.00037
Sporichthyaceae	85033	F	1548	844	2392	0.00032
Actinopolysporaceae	622451	F	1152	135	1287	0.00017
Acidothermaceae	85032	F	1037	62	1099	0.00015
Conexibacteraceae	320583	F	71365	11641	83006	0.01104
Miltoncostaeaceae	2843199	F	18247	2783	21030	0.00280
Baekduiaceae	2600303	F	20575	4096	24671	0.00328
Rubrobacteraceae	84997	F	14190	737	14927	0.00199
Iamiaceae	633392	F	21439	3201	24640	0.00328
Ilumatobacteraceae	2448023	F	2467	173	2640	0.00035
Acidimicrobiaceae	84994	F	1227	109	1336	0.00018
Eggerthellaceae	1643826	F	7549	1477	9026	0.00120
Atopobiaceae	1643824	F	3723	989	4712	0.00063
Coriobacteriaceae	84107	F	1562	441	2003	0.00027
Egibacteraceae	1747769	F	3202	222	3424	0.00046
Egicoccaceae	1755824	F	2712	492	3204	0.00043
Euzebyaceae	908622	F	2683	260	2943	0.00039
Bacillaceae	186817	F	36281	42647	78928	0.01050
Paenibacillaceae	186822	F	34520	3610	38130	0.00507
Alicyclobacillaceae	186823	F	3950	731	4681	0.00062
Planococcaceae	186818	F	1989	762	2751	0.00037
Thermoactinomycetaceae	186824	F	1385	208	1593	0.00021
Lactobacillaceae	33958	F	2406	1276	3682	0.00049
Oscillospiraceae	216572	F	5868	2750	8618	0.00115
Clostridiales Family XVII. Incertae Sedis	539000	F	4484	1071	5555	0.00074
Clostridiaceae	31979	F	2446	481	2927	0.00039
Lachnospiraceae	186803	F	2019	996	3015	0.00040
Symbiobacteriaceae	543349	F	1790	190	1980	0.00026
Peptococcaceae	186807	F	1234	138	1372	0.00018
Thermoanaerobacteraceae	186814	F	2488	499	2987	0.00040
Selenomonadaceae	1843491	F	2292	192	2484	0.00033
Limnochordaceae	1676650	F	1958	95	2053	0.00027
Coleofasciculaceae	1892251	F	50110	2646	52756	0.00702
Oscillatoriaceae	1892254	F	7173	451	7624	0.00101
Microcoleaceae	1892252	F	3281	335	3616	0.00048
Synechococcaceae	1890426	F	9121	790	9911	0.00132
Prochlorococcaceae	2881426	F	1921	362	2283	0.00030
Nostocaceae	1162	F	2222	764	2986	0.00040
Leptolyngbyaceae	1890438	F	1973	116	2089	0.00028
Gloeobacteraceae	1890422	F	2799	49	2848	0.00038
Deinococcaceae	183710	F	18126	2216	20342	0.00271
Thermaceae	188786	F	7787	522	8309	0.00111
Trueperaceae	332247	F	1341	79	1420	0.00019
Sphaerobacteraceae	85002	F	4980	356	5336	0.00071
Thermomicrobiaceae	189777	F	1196	30	1226	0.00016
Roseiflexaceae	1508635	F	2668	211	2879	0.00038
Tepidiformaceae	2682227	F	2911	146	3057	0.00041
Ardenticatenaceae	1382930	F	2516	60	2576	0.00034
Ktedonosporobacteraceae	2692416	F	2316	81	2397	0.00032
Caldilineaceae	475964	F	1093	82	1175	0.00016
Fimbriimonadaceae	1663426	F	1474	10	1484	0.00020
Gemmataceae	1914233	F	39801	1550	41351	0.00550
Isosphaeraceae	1763524	F	39725	4178	43903	0.00584
Planctomycetaceae	126	F	25741	2667	28408	0.00378
Pirellulaceae	2691357	F	13853	585	14438	0.00192
Lacipirellulaceae	2691359	F	10840	540	11380	0.00151
Tepidisphaeraceae	1771355	F	3733	102	3835	0.00051
Phycisphaeraceae	666507	F	2886	185	3071	0.00041
Opitutaceae	134623	F	11723	600	12323	0.00164
Verrucomicrobiaceae	203557	F	6987	342	7329	0.00098
Akkermansiaceae	1647988	F	1080	1179	2259	0.00030
Hymenobacteraceae	1853232	F	15059	697	15756	0.00210
Cytophagaceae	89373	F	3135	167	3302	0.00044
Spirosomaceae	2896860	F	2960	177	3137	0.00042
Flavobacteriaceae	49546	F	8061	546	8607	0.00115
Weeksellaceae	2762318	F	1894	495	2389	0.00032
Rikenellaceae	171550	F	3219	985	4204	0.00056
Prevotellaceae	171552	F	1379	206	1585	0.00021
Bacteroidaceae	815	F	1197	484	1681	0.00022
Rhodothermaceae	563843	F	6766	379	7145	0.00095
Chitinophagaceae	563835	F	5949	103	6052	0.00081
Sphingobacteriaceae	84566	F	4952	476	5428	0.00072
Chlorobiaceae	191412	F	2954	334	3288	0.00044
Gemmatimonadaceae	219687	F	45505	3013	48518	0.00645
Acidobacteriaceae	204434	F	54251	1379	55630	0.00740
Bryobacteraceae	1962910	F	7375	228	7603	0.00101
Vicinamibacteraceae	2211325	F	21123	4495	25618	0.00341
Acanthopleuribacteraceae	533207	F	1282	32	1314	0.00017
Nitrospiraceae	189779	F	7033	124	7157	0.00095
Synergistaceae	649777	F	2570	835	3405	0.00045
Nectriaceae	110618	F	14679	858	15537	0.00207
Hypocreaceae	5129	F	3631	153	3784	0.00050
Clavicipitaceae	34397	F	3126	321	3447	0.00046
Cordycipitaceae	474943	F	2821	84	2905	0.00039
Ophiocordycipitaceae	474942	F	2695	135	2830	0.00038
Glomerellaceae	681950	F	1012	261	1273	0.00017
Chaetomiaceae	35718	F	2815	106	2921	0.00039
Pyriculariaceae	2528436	F	1264	13	1277	0.00017
Aspergillaceae	1131492	F	2064	152	2216	0.00029
Ustilaginaceae	5268	F	2077	102	2179	0.00029
Peronosporaceae	4777	F	3975	698	4673	0.00062
