name	taxonomy_id	taxonomy_lvl	kraken_assigned_reads	added_reads	new_est_reads	fraction_total_reads
Streptomycetales	85011	O	971675	182896	1154571	0.14406
Micrococcales	85006	O	591548	77927	669475	0.08353
Corynebacteriales	85007	O	446133	46346	492479	0.06145
Propionibacteriales	85009	O	424414	70209	494623	0.06172
Pseudonocardiales	85010	O	377348	49736	427084	0.05329
Micromonosporales	85008	O	247523	29209	276732	0.03453
Streptosporangiales	85012	O	149006	21067	170073	0.02122
Geodermatophilales	1643682	O	76400	16796	93196	0.01163
Frankiales	85013	O	20693	1805	22498	0.00281
Actinomycetales	2037	O	20599	2635	23234	0.00290
Jiangellales	1217098	O	12202	1874	14076	0.00176
Nakamurellales	1643684	O	11011	1390	12401	0.00155
Bifidobacteriales	85004	O	7800	1648	9448	0.00118
Catenulisporales	414714	O	6070	776	6846	0.00085
Jatrophihabitantales	2805415	O	5268	403	5671	0.00071
Glycomycetales	85014	O	3064	219	3283	0.00041
Kineosporiales	622452	O	2851	692	3543	0.00044
Sporichthyales	2495578	O	1772	744	2516	0.00031
Actinopolysporales	622450	O	1384	124	1508	0.00019
Solirubrobacterales	588673	O	81772	10478	92250	0.01151
Miltoncostaeales	2843198	O	18647	2167	20814	0.00260
Rubrobacterales	84996	O	43692	4978	48670	0.00607
Acidimicrobiales	84993	O	30006	2887	32893	0.00410
Eggerthellales	1643822	O	6825	961	7786	0.00097
Coriobacteriales	84999	O	4954	888	5842	0.00073
Egibacterales	1747768	O	2915	148	3063	0.00038
Egicoccales	1755823	O	2586	342	2928	0.00037
Euzebyales	908621	O	2545	179	2724	0.00034
Bacillales	1385	O	64916	24505	89421	0.01116
Lactobacillales	186826	O	3668	3220	6888	0.00086
Eubacteriales	186802	O	17417	3750	21167	0.00264
Thermoanaerobacterales	68295	O	2025	258	2283	0.00028
Selenomonadales	909929	O	2230	146	2376	0.00030
Limnochordales	1676649	O	1409	47	1456	0.00018
Deinococcales	118964	O	16256	1398	17654	0.00220
Thermales	68933	O	5979	306	6285	0.00078
Trueperales	2762275	O	1134	52	1186	0.00015
Synechococcales	1890424	O	10304	661	10965	0.00137
Nostocales	1161	O	3184	248	3432	0.00043
Gloeobacterales	307595	O	2245	45	2290	0.00029
Pseudanabaenales	2881377	O	2130	121	2251	0.00028
Oscillatoriales	1150	O	1334	119	1453	0.00018
Sphaerobacterales	85001	O	3766	265	4031	0.00050
Chloroflexales	32064	O	3058	129	3187	0.00040
Tepidiformales	2682226	O	2508	99	2607	0.00033
Ardenticatenales	1382929	O	2099	39	2138	0.00027
Ktedonobacterales	388448	O	1725	64	1789	0.00022
Fimbriimonadales	1663425	O	1248	6	1254	0.00016
Hyphomicrobiales	356	O	1115534	52635	1168169	0.14576
Sphingomonadales	204457	O	208250	20587	228837	0.02855
Rhodospirillales	204441	O	122546	96580	219126	0.02734
Rhodobacterales	204455	O	85135	5474	90609	0.01131
Caulobacterales	204458	O	50853	4191	55044	0.00687
Maricaulales	2800059	O	2716	239	2955	0.00037
Hyphomonadales	2800060	O	2194	75	2269	0.00028
Burkholderiales	80840	O	503298	98417	601715	0.07508
Rhodocyclales	206389	O	34013	9202	43215	0.00539
Nitrosomonadales	32003	O	28823	3094	31917	0.00398
Neisseriales	206351	O	22382	5158	27540	0.00344
Xanthomonadales	135614	O	151915	23165	175080	0.02185
Pseudomonadales	72274	O	146859	36888	183747	0.02293
Enterobacterales	91347	O	46686	80622	127308	0.01588
Chromatiales	135613	O	25742	1724	27466	0.00343
Oceanospirillales	135619	O	25121	3059	28180	0.00352
Aeromonadales	135624	O	10346	6133	16479	0.00206
Methylococcales	135618	O	8666	344	9010	0.00112
Alteromonadales	135622	O	5637	632	6269	0.00078
Cellvibrionales	1706369	O	5624	252	5876	0.00073
Nevskiales	1775403	O	4531	661	5192	0.00065
Acidiferrobacterales	1692040	O	4495	193	4688	0.00059
Vibrionales	135623	O	3201	670	3871	0.00048
Legionellales	118969	O	1733	87	1820	0.00023
Moraxellales	2887326	O	1718	465	2183	0.00027
Immundisolibacterales	1934945	O	1473	1508	2981	0.00037
Thiotrichales	72273	O	1208	67	1275	0.00016
Myxococcales	29	O	208401	11883	220284	0.02749
Desulfuromonadales	69541	O	17593	1466	19059	0.00238
Desulfovibrionales	213115	O	13478	1171	14649	0.00183
Desulfobacterales	213118	O	4753	443	5196	0.00065
Bradymonadales	1779134	O	3709	100	3809	0.00048
Campylobacterales	213849	O	2082	110	2192	0.00027
Acidithiobacillales	225057	O	1100	100	1200	0.00015
Gemmatales	2691355	O	46364	1286	47650	0.00595
Isosphaerales	2691356	O	45370	3820	49190	0.00614
Pirellulales	2691354	O	26702	534	27236	0.00340
Planctomycetales	112	O	24335	2394	26729	0.00334
Tepidisphaerales	1771349	O	3387	79	3466	0.00043
Phycisphaerales	666506	O	2884	160	3044	0.00038
Opitutales	415000	O	13444	570	14014	0.00175
Verrucomicrobiales	48461	O	6645	1027	7672	0.00096
Cytophagales	768507	O	18806	361	19167	0.00239
Chitinophagales	1853229	O	8750	94	8844	0.00110
Bacteroidales	171549	O	6794	1125	7919	0.00099
Flavobacteriales	200644	O	6889	441	7330	0.00091
Bacteroidetes Order II. Incertae sedis	1100069	O	5073	216	5289	0.00066
Sphingobacteriales	200666	O	4641	306	4947	0.00062
Chlorobiales	191411	O	2232	240	2472	0.00031
Gemmatimonadales	219686	O	33496	1782	35278	0.00440
Acidobacteriales	204433	O	25630	524	26154	0.00326
Bryobacterales	332160	O	4417	113	4530	0.00057
Vicinamibacterales	2910145	O	21151	3111	24262	0.00303
Acanthopleuribacterales	533206	O	1114	24	1138	0.00014
Nitrospirales	189778	O	5105	72	5177	0.00065
Spirochaetales	136	O	1688	82	1770	0.00022
Synergistales	649776	O	1940	534	2474	0.00031
Hypocreales	5125	O	31227	787	32014	0.00399
Glomerellales	1028384	O	1134	232	1366	0.00017
Sordariales	5139	O	3885	94	3979	0.00050
Magnaporthales	639021	O	1461	13	1474	0.00018
Eurotiales	5042	O	7086	318	7404	0.00092
Saccharomycetales	4892	O	1453	135	1588	0.00020
Ustilaginales	5267	O	2393	64	2457	0.00031
Peronosporales	4776	O	4233	601	4834	0.00060
