name	taxonomy_id	taxonomy_lvl	kraken_assigned_reads	added_reads	new_est_reads	fraction_total_reads
Streptomyces sp. BH-MK-02	2880933	S	28085	7985	36070	0.00397
Streptomyces sp. CdTB01	1725411	S	13927	5299	19226	0.00212
Streptomyces sp. A2-16	2781734	S	12163	5109	17272	0.00190
Streptomyces sp. SN-593	659352	S	9377	2720	12097	0.00133
Streptomyces sp. 3214.6	1882757	S	9009	3553	12562	0.00138
Streptomyces sp. So13.3	2136173	S	8641	2043	10684	0.00118
Streptomyces sp. ZYC-3	2797636	S	7198	1911	9109	0.00100
Streptomyces sp. P3	2135430	S	6948	2332	9280	0.00102
Streptomyces sp. CB01881	2078691	S	6865	1465	8330	0.00092
Streptomyces sp. GQFP	2907545	S	6755	1542	8297	0.00091
Streptomyces sp. SCSIO 64649	2878388	S	6063	1296	7359	0.00081
Streptomyces sp. ST1015	1848900	S	5504	1529	7033	0.00077
Streptomyces sp. Z423-1	2730915	S	5331	2065	7396	0.00081
Streptomyces sp. RPA4-2	2721244	S	5224	2069	7293	0.00080
Streptomyces sp. LRE541	2931983	S	5130	1588	6718	0.00074
Streptomyces sp. S4.7	2705439	S	4990	2189	7179	0.00079
Streptomyces sp. NHF165	2175864	S	4960	1060	6020	0.00066
Streptomyces sp. SAT1	1849967	S	4825	2332	7157	0.00079
Streptomyces sp. WAC 01438	2203204	S	4769	2134	6903	0.00076
Streptomyces sp. NA02950	2742137	S	4750	1214	5964	0.00066
Streptomyces sp. MA3_2.13	2867410	S	4699	724	5423	0.00060
Streptomyces sp. SCUT-3	2684469	S	4692	2223	6915	0.00076
Streptomyces sp. CMB-StM0423	2059884	S	4659	3248	7907	0.00087
Streptomyces sp. NEAU-sy36	2751189	S	4588	2242	6830	0.00075
Streptomyces sp. Go 40/10	2825844	S	4568	2736	7304	0.00080
Streptomyces sp. DSM 40868	2721173	S	4393	2130	6523	0.00072
Streptomyces sp. 3025	2923272	S	4250	939	5189	0.00057
Streptomyces sp. GMY02	1333528	S	4179	956	5135	0.00057
Streptomyces sp. HM190	2695266	S	3958	1676	5634	0.00062
Streptomyces sp. MG62	2838015	S	3955	2000	5955	0.00066
Streptomyces sp. SirexAA-E	862751	S	3935	1533	5468	0.00060
Streptomyces sp. 891-h	2720714	S	3916	904	4820	0.00053
Streptomyces sp. GS7	2692234	S	3895	1347	5242	0.00058
Streptomyces sp. MBT27	1488356	S	3892	1497	5389	0.00059
Streptomyces sp. YIM 121038	2136401	S	3855	1503	5358	0.00059
Streptomyces sp. JB150	2714844	S	3800	1612	5412	0.00060
Streptomyces sp. SM18	1736046	S	3792	1375	5167	0.00057
Streptomyces sp. RTd22	1841249	S	3769	2315	6084	0.00067
Streptomyces sp. MST-110588	2833628	S	3751	1170	4921	0.00054
Streptomyces sp. MG28	2865673	S	3723	1854	5577	0.00061
Streptomyces sp. NA04227	2742136	S	3721	1095	4816	0.00053
Streptomyces sp. BJ20	2930049	S	3696	1978	5674	0.00062
Streptomyces sp. Go-475	2072505	S	3688	2279	5967	0.00066
Streptomyces sp. SYP-A7193	2662065	S	3640	3025	6665	0.00073
Streptomyces sp. AMCC400023	2056258	S	3620	2057	5677	0.00063
Streptomyces sp. W1SF4	2305220	S	3435	1569	5004	0.00055
Streptomyces sp. S1D4-11	2721246	S	3409	3535	6944	0.00076
Streptomyces sp. Rer75	2750011	S	3230	2178	5408	0.00060
Streptomyces sp. C8S0	2585716	S	3196	1142	4338	0.00048
Streptomyces sp. WY228	2855836	S	3193	2173	5366	0.00059
Streptomyces sp. QHH-9511	2684468	S	3185	1125	4310	0.00047
Streptomyces sp. BHT-5-2	2866715	S	3126	1261	4387	0.00048
Streptomyces sp. MOE7	1961713	S	3108	4837	7945	0.00087
Streptomyces sp. HP-A2021	2927875	S	2999	2270	5269	0.00058
Streptomyces sp. 135	2838850	S	2962	1279	4241	0.00047
Streptomyces sp. jing01	2726118	S	2930	2167	5097	0.00056
Streptomyces sp. CB09001	2083284	S	2924	2591	5515	0.00061
Streptomyces sp. 2323.1	1938841	S	2841	2232	5073	0.00056
Streptomyces sp. Tu 2975	2676871	S	2687	1105	3792	0.00042
Streptomyces sp. WAC 01529	2203205	S	2648	1241	3889	0.00043
Streptomyces sp. HSG2	2797167	S	2606	751	3357	0.00037
Streptomyces sp. WAC 06738	2203210	S	2453	3756	6209	0.00068
Streptomyces sp. fd1-xmd	1812480	S	2390	1424	3814	0.00042
Streptomyces sp. INR7	2607753	S	2271	1600	3871	0.00043
Streptomyces sp. TN58	234612	S	2208	1388	3596	0.00040
Streptomyces sp. SUK 48	2582831	S	2173	1832	4005	0.00044
Streptomyces sp. CNQ-509	444103	S	2153	3222	5375	0.00059
Streptomyces sp. CCM_MD2014	1561022	S	2055	2659	4714	0.00052
Streptomyces sp. AgN23	1188315	S	1973	2299	4272	0.00047
Streptomyces sp. HF10	2692233	S	1893	1796	3689	0.00041
Streptomyces sp. M2	646637	S	1851	17470	19321	0.00213
Streptomyces sp. CRSS-Y-16	2906474	S	1822	18195	20017	0.00220
Streptomyces sp. PAMC 26508	1265601	S	1734	10855	12589	0.00139
Streptomyces sp. YPW6	2840373	S	1706	1126	2832	0.00031
Streptomyces sp. RPA4-5	2721245	S	1691	1418	3109	0.00034
Streptomyces sp. ADI95-16	1522758	S	1617	2144	3761	0.00041
Streptomyces sp. 769	1262452	S	1590	1579	3169	0.00035
Streptomyces sp. S501	2420135	S	1564	10584	12148	0.00134
Streptomyces sp. Mg1	465541	S	1550	2190	3740	0.00041
Streptomyces sp. RLB1-33	2721243	S	1462	5979	7441	0.00082
Streptomyces sp. EAS-AB2608	2779671	S	1367	3423	4790	0.00053
Streptomyces sp. NEAU-S7GS2	2202000	S	1198	1342	2540	0.00028
Streptomyces sp. S063	2005885	S	1197	1069	2266	0.00025
Streptomyces sp. PBH53	1577075	S	1187	2802	3989	0.00044
Streptomyces sp. S8	1837283	S	1145	1256	2401	0.00026
Streptomyces sp. ID38640	1265399	S	1128	1103	2231	0.00025
Streptomyces sp. 11-1-2	1851167	S	1048	2614	3662	0.00040
Streptomyces sp. XC 2026	2782004	S	1032	1141	2173	0.00024
Streptomyces rapamycinicus	1226757	S	12738	3394	16132	0.00178
Streptomyces hygroscopicus	1912	S	7370	12227	19597	0.00216
Streptomyces violaceusniger	68280	S	2273	1808	4081	0.00045
Streptomyces yatensis	155177	S	2173	1918	4091	0.00045
Streptomyces venezuelae	54571	S	19224	9718	28942	0.00319
Streptomyces cadmiisoli	2184053	S	4615	1376	5991	0.00066
Streptomyces aurantiacus	47760	S	4516	1315	5831	0.00064
Streptomyces qaidamensis	1783515	S	2854	1465	4319	0.00048
Streptomyces alboniger	132473	S	2186	985	3171	0.00035
Streptomyces koyangensis	188770	S	1525	1902	3427	0.00038
Streptomyces lydicus	47763	S	15069	12606	27675	0.00305
Streptomyces griseorubiginosus	67304	S	10310	4098	14408	0.00159
Streptomyces aquilus	2548456	S	10158	3624	13782	0.00152
Streptomyces bathyalis	2710756	S	10096	1906	12002	0.00132
Streptomyces niveus	193462	S	9418	4965	14383	0.00158
Streptomyces chartreusis	1969	S	9233	4746	13979	0.00154
Streptomyces griseus	1911	S	3078	3088	6166	0.00068
Streptomyces anulatus	1892	S	2450	3132	5582	0.00061
Streptomyces microflavus	1919	S	1338	7253	8591	0.00095
Streptomyces globisporus	1908	S	1233	11248	12481	0.00137
Streptomyces durmitorensis	319947	S	7668	1978	9646	0.00106
Streptomyces bingchenggensis	379067	S	7666	1643	9309	0.00102
Streptomyces pratensis	1169025	S	7640	2187	9827	0.00108
Streptomyces albus	1888	S	7388	4496	11884	0.00131
Streptomyces collinus	42684	S	7257	5438	12695	0.00140
Streptomyces asoensis	249586	S	7102	2531	9633	0.00106
Streptomyces armeniacus	83291	S	7048	1072	8120	0.00089
Streptomyces griseochromogenes	68214	S	6886	2290	9176	0.00101
Streptomyces formicae	1616117	S	6747	2561	9308	0.00102
Streptomyces lincolnensis	1915	S	6211	2162	8373	0.00092
Streptomyces seoulensis	73044	S	6181	2744	8925	0.00098
Streptomyces dengpaensis	2049881	S	6052	2027	8079	0.00089
Streptomyces buecherae	2763006	S	5484	1575	7059	0.00078
Streptomyces cyaneochromogenes	2496836	S	5406	1911	7317	0.00081
Streptomyces tsukubensis	83656	S	5378	1952	7330	0.00081
Streptomyces avermitilis	33903	S	5341	1830	7171	0.00079
Streptomyces cattleya	29303	S	5319	1716	7035	0.00077
Streptomyces capitiformicae	2014920	S	5158	923	6081	0.00067
Streptomyces spectabilis	68270	S	5098	1993	7091	0.00078
Streptomyces davaonensis	348043	S	5005	1689	6694	0.00074
Streptomyces lunaelactis	1535768	S	4976	1192	6168	0.00068
Streptomyces ferrugineus	1413221	S	4923	1878	6801	0.00075
Streptomyces griseoviridis	45398	S	4888	1879	6767	0.00074
Streptomyces xanthii	2768069	S	4745	1663	6408	0.00071
Streptomyces broussonetiae	2686304	S	4592	1658	6250	0.00069
Streptomyces roseirectus	2768066	S	4545	1314	5859	0.00065
Streptomyces rimosus	1927	S	4528	15270	19798	0.00218
Streptomyces actuosus	1885	S	4511	2258	6769	0.00075
Streptomyces fodineus	1904616	S	4469	1904	6373	0.00070
Streptomyces roseochromogenus	285450	S	4229	1609	5838	0.00064
Streptomyces incarnatus	665007	S	4203	1396	5599	0.00062
Streptomyces antibioticus	1890	S	4189	1776	5965	0.00066
Streptomyces atratus	1893	S	4012	940	4952	0.00055
Streptomyces liangshanensis	2717324	S	3956	1165	5121	0.00056
Streptomyces calvus	67282	S	3942	1761	5703	0.00063
Streptomyces phaeolivaceus	2653200	S	3899	1320	5219	0.00057
Streptomyces galilaeus	33899	S	3876	1568	5444	0.00060
Streptomyces nodosus	40318	S	3853	1177	5030	0.00055
Streptomyces paludis	2282738	S	3819	968	4787	0.00053
Streptomyces ambofaciens	1889	S	3807	2585	6392	0.00070
Streptomyces genisteinicus	2768068	S	3795	1362	5157	0.00057
Streptomyces albulus	68570	S	3780	1330	5110	0.00056
Streptomyces xinghaiensis	1038928	S	3770	1290	5060	0.00056
Streptomyces nigra	1827580	S	3724	1724	5448	0.00060
Streptomyces alboflavus	67267	S	3721	1220	4941	0.00054
Streptomyces aureoverticillatus	66871	S	3687	1174	4861	0.00054
Streptomyces olivoreticuli	68246	S	3675	1188	4863	0.00054
Streptomyces dangxiongensis	1442032	S	3666	1501	5167	0.00057
Streptomyces cyanogenus	80860	S	3603	1924	5527	0.00061
Streptomyces vietnamensis	362257	S	3595	1409	5004	0.00055
Streptomyces griseocarneus	51201	S	3582	1439	5021	0.00055
Streptomyces pactum	68249	S	3576	1734	5310	0.00058
Streptomyces rectiverticillatus	173860	S	3522	1295	4817	0.00053
Streptomyces clavuligerus	1901	S	3482	1000	4482	0.00049
Streptomyces parvulus	146923	S	3381	1788	5169	0.00057
Streptomyces pluripotens	1355015	S	3378	933	4311	0.00047
Streptomyces glaucescens	1907	S	3377	1721	5098	0.00056
Streptomyces inhibens	2293571	S	3345	1193	4538	0.00050
Streptomyces prasinus	67345	S	3325	1255	4580	0.00050
Streptomyces luteoverticillatus	66425	S	3323	1268	4591	0.00051
Streptomyces globosus	68209	S	3298	1389	4687	0.00052
Streptomyces harbinensis	1176198	S	3244	969	4213	0.00046
Streptomyces fagopyri	2662397	S	3228	1350	4578	0.00050
Streptomyces angustmyceticus	285578	S	3222	1536	4758	0.00052
Streptomyces peucetius	1950	S	3214	1018	4232	0.00047
Streptomyces hundungensis	1077946	S	3207	1198	4405	0.00048
Streptomyces chromofuscus	42881	S	3175	1452	4627	0.00051
Streptomyces vinaceus	1960	S	3173	1338	4511	0.00050
Streptomyces viridosporus	67581	S	3160	1468	4628	0.00051
Streptomyces ficellus	1977088	S	3123	1289	4412	0.00049
Streptomyces gilvosporeus	553510	S	3104	1177	4281	0.00047
Streptomyces exfoliatus	1905	S	3091	1232	4323	0.00048
Streptomyces deccanensis	424188	S	3062	1575	4637	0.00051
Streptomyces lavendulae	1914	S	2934	1189	4123	0.00045
Streptomyces tendae	1932	S	2919	1432	4351	0.00048
Streptomyces katrae	68223	S	2917	1268	4185	0.00046
Streptomyces kanamyceticus	1967	S	2898	1201	4099	0.00045
Streptomyces pristinaespiralis	38300	S	2881	1318	4199	0.00046
Streptomyces subrutilus	36818	S	2852	1238	4090	0.00045
Streptomyces nitrosporeus	28894	S	2798	912	3710	0.00041
Streptomyces finlayi	67296	S	2791	744	3535	0.00039
Streptomyces coeruleorubidus	116188	S	2723	1598	4321	0.00048
Streptomyces hawaiiensis	67305	S	2719	1452	4171	0.00046
Streptomyces tuirus	68278	S	2526	1553	4079	0.00045
Streptomyces gardneri	66892	S	2490	1216	3706	0.00041
Streptomyces tirandamycinicus	2174846	S	2461	951	3412	0.00038
Streptomyces mobaraensis	35621	S	2398	120733	123131	0.01356
Streptomyces spongiicola	1690221	S	2298	1197	3495	0.00038
Streptomyces qinzhouensis	2599401	S	2286	655	2941	0.00032
Streptomyces huasconensis	1854574	S	2283	1076	3359	0.00037
Streptomyces nojiriensis	66374	S	2283	1181	3464	0.00038
Streptomyces gobiensis	2875706	S	2280	501	2781	0.00031
Streptomyces rutgersensis	53451	S	2116	1239	3355	0.00037
Streptomyces auratus	114687	S	2079	1695	3774	0.00042
Streptomyces platensis	58346	S	2006	1870	3876	0.00043
Streptomyces antimycoticus	68175	S	1776	2317	4093	0.00045
Streptomyces leeuwenhoekii	1437453	S	1730	1471	3201	0.00035
Streptomyces cyaneogriseus	68192	S	1640	1553	3193	0.00035
Streptomyces decoyicus	249567	S	1640	1119	2759	0.00030
Streptomyces lydicamycinicus	1546107	S	1449	1067	2516	0.00028
Streptomyces olivaceus	47716	S	1150	5448	6598	0.00073
Streptomyces xiamenensis	408015	S	1114	1174	2288	0.00025
Kitasatospora sp. MMS16-BH015	2018025	S	5313	1992	7305	0.00080
Kitasatospora sp. NA04385	2742135	S	4077	2486	6563	0.00072
Kitasatospora setae	2066	S	3894	2273	6167	0.00068
Kitasatospora aureofaciens	1894	S	3677	1680	5357	0.00059
Kitasatospora albolonga	68173	S	1175	921	2096	0.00023
Yinghuangia sp. ASG 101	2896848	S	17396	3109	20505	0.00226
Streptacidiphilus sp. P02-A3a	2704468	S	4132	1383	5515	0.00061
Streptacidiphilus sp. PB12-B1b	2705012	S	3667	1582	5249	0.00058
Streptacidiphilus bronchialis	2126346	S	3327	1181	4508	0.00050
Microbacterium sp. No. 7	1714373	S	2772	1375	4147	0.00046
Microbacterium sp. 4R-513	2567934	S	2157	507	2664	0.00029
Microbacterium sp. JZ31	1906274	S	1906	644	2550	0.00028
Microbacterium sp. 10M-3C3	2483401	S	1816	1322	3138	0.00035
Microbacterium sp. SSW1-51	2851650	S	1626	797	2423	0.00027
Microbacterium sp. YJN-G	2763257	S	1458	720	2178	0.00024
Microbacterium sp. BH-3-3-3	1906742	S	1420	430	1850	0.00020
Microbacterium sp. SSW1-36	2851648	S	1349	512	1861	0.00020
Microbacterium sp. ABRD_28	2268461	S	1294	220	1514	0.00017
Microbacterium sp. XT11	367477	S	1285	391	1676	0.00018
Microbacterium sp. A18JL241	2782166	S	1270	456	1726	0.00019
Microbacterium sp. NIBRBAC000506063	2734618	S	1241	572	1813	0.00020
Microbacterium sp. cx-55	2875948	S	1218	220	1438	0.00016
Microbacterium sp. H1-D42	2925844	S	1194	291	1485	0.00016
Microbacterium sp. LKL04	912630	S	1193	358	1551	0.00017
Microbacterium sp. PM5	2014534	S	1147	274	1421	0.00016
Microbacterium sp. Y-01	2048898	S	1117	898	2015	0.00022
Microbacterium sp. TPU 3598	1938334	S	1001	635	1636	0.00018
Microbacterium sp. 1S1	2606451	S	1000	1216	2216	0.00024
Microbacterium foliorum	104336	S	2884	701	3585	0.00039
Microbacterium hominis	162426	S	2508	9892	12400	0.00137
Microbacterium oleivorans	273677	S	2480	523	3003	0.00033
Microbacterium cremeum	2782169	S	2240	505	2745	0.00030
Microbacterium atlanticum	2782168	S	1949	460	2409	0.00027
Microbacterium resistens	156977	S	1793	353	2146	0.00024
Microbacterium lemovicicum	1072463	S	1754	423	2177	0.00024
Microbacterium sediminis	904291	S	1686	801	2487	0.00027
Microbacterium pygmaeum	370764	S	1560	206	1766	0.00019
Microbacterium oryzae	743009	S	1532	485	2017	0.00022
Microbacterium testaceum	2033	S	1527	298	1825	0.00020
Microbacterium aurum	36805	S	1425	474	1899	0.00021
Microbacterium caowuchunii	2614638	S	1386	280	1666	0.00018
Microbacterium protaetiae	2509458	S	1354	312	1666	0.00018
Microbacterium luteum	2782167	S	1334	576	1910	0.00021
Microbacterium oxydans	82380	S	1326	1363	2689	0.00030
Microbacterium lushaniae	2614639	S	1326	353	1679	0.00018
Microbacterium wangchenii	2541726	S	1314	340	1654	0.00018
Microbacterium esteraromaticum	57043	S	1233	307	1540	0.00017
Microbacterium chocolatum	84292	S	1195	282	1477	0.00016
Microbacterium hydrocarbonoxydans	273678	S	1010	212	1222	0.00013
Agromyces sp. H17E-10	2932244	S	2850	954	3804	0.00042
Agromyces sp. LHK192	2498704	S	2637	786	3423	0.00038
Agromyces sp. CFWR-12	2929802	S	1862	1048	2910	0.00032
Agromyces flavus	589382	S	2674	872	3546	0.00039
Agromyces soli	659012	S	2547	960	3507	0.00039
Agromyces aureus	453304	S	2454	725	3179	0.00035
Agromyces protaetiae	2509455	S	2123	642	2765	0.00030
Agromyces archimandritae	2781962	S	1892	579	2471	0.00027
Agromyces marinus	1389020	S	1858	706	2564	0.00028
Agromyces intestinalis	2592652	S	1757	940	2697	0.00030
Agromyces laixinhei	2585717	S	1592	381	1973	0.00022
Agromyces badenianii	2080742	S	1587	541	2128	0.00023
Curtobacterium sp. BH-2-1-1	1905847	S	1555	1023	2578	0.00028
Curtobacterium sp. L6-1	2841594	S	1461	749	2210	0.00024
Curtobacterium sp. YC1	2795488	S	1191	986	2177	0.00024
Curtobacterium sp. MR_MD2014	1561023	S	1118	1508	2626	0.00029
Curtobacterium sp. TC1	2862880	S	1011	1770	2781	0.00031
Curtobacterium flaccumfaciens	2035	S	2384	1267	3651	0.00040
Curtobacterium luteum	33881	S	1584	625	2209	0.00024
Rathayibacter sp. VKM Ac-2759	2609252	S	1977	964	2941	0.00032
Rathayibacter sp. VKM Ac-2760	2609253	S	1769	1595	3364	0.00037
Rathayibacter sp. VKM Ac-2804	2609257	S	1300	1627	2927	0.00032
Rathayibacter festucae	110937	S	1992	2351	4343	0.00048
Rathayibacter tanaceti	1671680	S	1117	316	1433	0.00016
Leifsonia sp. ZF2019	2781978	S	2060	604	2664	0.00029
Leifsonia sp. PS1209	2724914	S	1944	571	2515	0.00028
Leifsonia sp. 21MFCrub1.1	1798223	S	1936	2500	4436	0.00049
Leifsonia shinshuensis	150026	S	3241	967	4208	0.00046
Leifsonia xyli	1575	S	1438	219	1657	0.00018
Clavibacter michiganensis	28447	S	8638	12282	20920	0.00230
Clavibacter zhangzhiyongii	2768071	S	1134	581	1715	0.00019
Leucobacter sp. H25R-14	2932245	S	1382	1284	2666	0.00029
Leucobacter sp. NB 10	2873270	S	1309	759	2068	0.00023
Leucobacter sp. Psy1	2875729	S	1074	346	1420	0.00016
Leucobacter muris	1935379	S	1518	610	2128	0.00023
Leucobacter triazinivorans	1784719	S	1375	1056	2431	0.00027
Agrococcus sp. SGAir0287	2070347	S	2214	707	2921	0.00032
Agrococcus sp. SCSIO52902	2933290	S	2041	1061	3102	0.00034
Agrococcus sp. Marseille-Q4369	2810513	S	1970	726	2696	0.00030
Agrococcus jejuensis	399736	S	2481	829	3310	0.00036
Agrococcus carbonis	684552	S	2071	1009	3080	0.00034
Protaetiibacter sp. SSC-01	2759943	S	1928	770	2698	0.00030
Protaetiibacter intestinalis	2419774	S	1911	741	2652	0.00029
Protaetiibacter larvae	2592654	S	1440	496	1936	0.00021
Salinibacterium sp. ZJ450	2708338	S	1251	234	1485	0.00016
Salinibacterium sp. ZJ70	2708084	S	1193	346	1539	0.00017
Cryobacterium sp. LW097	1978566	S	1105	1083	2188	0.00024
Frondihabitans sp. PAMC 28766	1795630	S	1955	287	2242	0.00025
Frondihabitans sp. 762G35	1446794	S	1665	380	2045	0.00023
Microterricola viridarii	412690	S	3008	826	3834	0.00042
Microcella flavibacter	1804990	S	1716	886	2602	0.00029
Microcella alkaliphila	279828	S	1064	201	1265	0.00014
Cnuibacter physcomitrellae	1619308	S	2220	526	2746	0.00030
Gryllotalpicola protaetiae	2419771	S	2153	465	2618	0.00029
Herbiconiux sp. SALV-R1	2735133	S	2107	465	2572	0.00028
Frigoribacterium sp. NBH87	2596916	S	2015	651	2666	0.00029
Subtercola sp. AK-R2A1-2	2895559	S	1178	123	1301	0.00014
Humibacter sp. WJ7-1	2599293	S	1713	411	2124	0.00023
Amnibacterium sp. L3-i23	2905871	S	1599	422	2021	0.00022
Gulosibacter sediminis	1729695	S	1367	419	1786	0.00020
Marisediminicola antarctica	674079	S	1317	183	1500	0.00017
Diaminobutyricimonas sp. LJ205	2683590	S	1043	216	1259	0.00014
Glaciihabitans sp. INWT7	2596912	S	1006	89	1095	0.00012
Arthrobacter sp. FW305-BF8	2879617	S	12717	6282	18999	0.00209
Arthrobacter sp. QXT-31	1357915	S	8757	4418	13175	0.00145
Arthrobacter sp. NicSoilC5	2831000	S	5630	5033	10663	0.00117
Arthrobacter sp. NtRootA1	2830983	S	2018	1627	3645	0.00040
Arthrobacter sp. PM3	2017685	S	1784	611	2395	0.00026
Arthrobacter sp. NicSoilB8	2830998	S	1762	880	2642	0.00029
Arthrobacter sp. 24S4-2	2575374	S	1538	627	2165	0.00024
Arthrobacter sp. KBS0702	2578107	S	1492	1269	2761	0.00030
Arthrobacter sp. UKPF54-2	2600159	S	1445	1323	2768	0.00030
Arthrobacter sp. PAMC25564	2565366	S	1418	677	2095	0.00023
Arthrobacter sp. QL17	2895818	S	1412	516	1928	0.00021
Arthrobacter sp. U41	1849032	S	1302	686	1988	0.00022
Arthrobacter sp. NicSoilB4	2830997	S	1271	776	2047	0.00023
Arthrobacter sp. FB24	290399	S	1215	674	1889	0.00021
Arthrobacter sp. PGP41	2079227	S	1127	581	1708	0.00019
Arthrobacter sp. FW306-2-2C-D06B	2879618	S	1082	319	1401	0.00015
Arthrobacter sp. ERGS1:01	1704044	S	1003	328	1331	0.00015
Arthrobacter agilis	37921	S	2240	497	2737	0.00030
Arthrobacter crystallopoietes	37928	S	1605	415	2020	0.00022
Arthrobacter woluwensis	156980	S	1142	349	1491	0.00016
Arthrobacter sulfonylureivorans	2486855	S	1030	233	1263	0.00014
Kocuria rosea	1275	S	2110	1234	3344	0.00037
Kocuria flava	446860	S	1807	1290	3097	0.00034
Kocuria turfanensis	388357	S	1605	1120	2725	0.00030
Kocuria palustris	71999	S	1142	522	1664	0.00018
Sinomonas atrocyanea	37927	S	3346	1141	4487	0.00049
Sinomonas sp. R1AF57	2020377	S	2075	489	2564	0.00028
Micrococcus luteus	1270	S	2561	4307	6868	0.00076
Micrococcus sp. KD337-16	2856555	S	1004	637	1641	0.00018
Rothia kristinae	37923	S	1188	780	1968	0.00022
Citricoccus sp. SGAir0253	2567881	S	1729	530	2259	0.00025
Cellulomonas sp. Y8	2591145	S	3582	1732	5314	0.00059
Cellulomonas sp. H30R-01	2704467	S	3451	1498	4949	0.00054
Cellulomonas sp. JZ18	2654191	S	2904	1381	4285	0.00047
Cellulomonas sp. zg-ZUI188	2819978	S	2708	840	3548	0.00039
Cellulomonas sp. C5510	2871170	S	2697	1207	3904	0.00043
Cellulomonas sp. zg-ZUI157	2819979	S	2451	935	3386	0.00037
Cellulomonas sp. zg-ZUI222	2816956	S	2450	1029	3479	0.00038
Cellulomonas sp. EW123	2608402	S	2303	1488	3791	0.00042
Cellulomonas sp. PSBB021	2003551	S	2017	1741	3758	0.00041
Cellulomonas fimi	1708	S	3232	2876	6108	0.00067
Cellulomonas iranensis	76862	S	2717	1402	4119	0.00045
Cellulomonas shaoxiangyii	2566013	S	2671	1226	3897	0.00043
Cellulomonas flavigena	1711	S	2379	984	3363	0.00037
Cellulomonas gilvus	11	S	2280	1100	3380	0.00037
Cellulomonas taurus	2729175	S	1643	596	2239	0.00025
Actinotalea sp. JY-7876	2758442	S	2716	1076	3792	0.00042
Oerskovia sp. KBS0722	1179673	S	2347	840	3187	0.00035
Pseudactinotalea sp. HY158	2654547	S	1936	318	2254	0.00025
Paraoerskovia marina	545619	S	1531	449	1980	0.00022
Janibacter melonis	262209	S	3572	1376	4948	0.00054
Janibacter limosus	53458	S	2374	734	3108	0.00034
Janibacter indicus	857417	S	1271	3027	4298	0.00047
Phycicoccus sp. HDW14	2714941	S	5265	1947	7212	0.00079
Phycicoccus endophyticus	1690220	S	3660	1208	4868	0.00054
Pedococcus dokdonensis	443156	S	8317	2785	11102	0.00122
Intrasporangium calvum	53358	S	7412	2137	9549	0.00105
Tetrasphaera sp. HKS02	1813880	S	6143	1832	7975	0.00088
Arsenicicoccus sp. oral taxon 190	1658671	S	3099	1319	4418	0.00049
Cellulosimicrobium cellulans	1710	S	5761	7821	13582	0.00150
Cellulosimicrobium sp. BI34T	2587808	S	2227	1452	3679	0.00041
Xylanimonas protaetiae	2509457	S	2431	1195	3626	0.00040
Xylanimonas cellulosilytica	186189	S	2189	879	3068	0.00034
Xylanimonas allomyrinae	2509459	S	2161	768	2929	0.00032
Isoptericola variabilis	139208	S	2641	1547	4188	0.00046
Isoptericola dokdonensis	372663	S	2487	1087	3574	0.00039
Ornithinimicrobium avium	2283195	S	2903	840	3743	0.00041
Ornithinimicrobium sp. HY006	2508882	S	1983	722	2705	0.00030
Ornithinimicrobium flavum	1288636	S	2144	742	2886	0.00032
Ornithinimicrobium ciconiae	2594265	S	1681	295	1976	0.00022
Ornithinimicrobium pratense	2593973	S	1431	445	1876	0.00021
Serinicoccus chungangensis	767452	S	2092	756	2848	0.00031
Serinicoccus hydrothermalis	1758689	S	2018	950	2968	0.00033
Serinicoccus profundi	1078471	S	1799	688	2487	0.00027
Serinicoccus marinus	247333	S	1736	855	2591	0.00029
Brachybacterium sp. CBA3105	2887346	S	2097	522	2619	0.00029
Brachybacterium sp. SGAir0954	2571029	S	1871	562	2433	0.00027
Brachybacterium sp. P6-10-X1	1903186	S	1579	306	1885	0.00021
Brachybacterium saurashtrense	556288	S	1641	526	2167	0.00024
Brachybacterium ginsengisoli	1331682	S	1577	524	2101	0.00023
Brachybacterium faecium	43669	S	1454	499	1953	0.00022
Brachybacterium vulturis	2017484	S	1214	507	1721	0.00019
Brevibacterium sp. CS2	2575923	S	1643	778	2421	0.00027
Brevibacterium casei	33889	S	1878	3931	5809	0.00064
Dermacoccus nishinomiyaensis	1274	S	2078	984	3062	0.00034
Dermacoccus sp. PAMC28757	2762331	S	1494	605	2099	0.00023
Luteipulveratus mongoliensis	571913	S	3084	486	3570	0.00039
Allobranchiibius sp. GilTou73	2904523	S	2369	584	2953	0.00033
Yimella sp. cx-51	2770551	S	1337	308	1645	0.00018
Georgenia sp. TF02-10	2917725	S	2746	1101	3847	0.00042
Georgenia yuyongxinii	2589797	S	2591	719	3310	0.00036
Georgenia wutianyii	2585135	S	2473	962	3435	0.00038
Georgenia faecalis	2483799	S	2224	677	2901	0.00032
Haloactinobacterium kanbiaonis	2675754	S	3022	493	3515	0.00039
Ruania sp. LR1S40	2897774	S	1604	388	1992	0.00022
Ruania zhangjianzhongii	2603206	S	1656	188	1844	0.00020
Ruania alkalisoli	2779775	S	1228	256	1484	0.00016
Pengzhenrongella sicca	2819238	S	3269	1038	4307	0.00047
Luteimicrobium xylanilyticum	1133546	S	2915	1001	3916	0.00043
Beutenbergia cavernae	84757	S	3539	651	4190	0.00046
Miniimonas sp. S16	2171623	S	2457	1393	3850	0.00042
Sanguibacter keddieii	60920	S	2321	780	3101	0.00034
Sanguibacter sp. HDW7	2714931	S	2038	718	2756	0.00030
Kytococcus sedentarius	1276	S	1736	690	2426	0.00027
Mycolicibacterium litorale	758802	S	4276	1460	5736	0.00063
Mycolicibacterium gadium	1794	S	3828	660	4488	0.00049
Mycolicibacterium sp. YH-1	2908837	S	2465	1297	3762	0.00041
Mycolicibacterium rhodesiae	36814	S	3399	702	4101	0.00045
Mycolicibacterium smegmatis	1772	S	3304	1749	5053	0.00056
Mycolicibacterium moriokaense	39691	S	2834	418	3252	0.00036
Mycolicibacterium sediminis	1286180	S	2802	593	3395	0.00037
Mycolicibacterium rutilum	370526	S	2789	1038	3827	0.00042
Mycolicibacterium mageritense	53462	S	2731	589	3320	0.00037
Mycolicibacterium madagascariense	212765	S	2729	475	3204	0.00035
Mycolicibacterium arabiense	1286181	S	2648	470	3118	0.00034
Mycolicibacterium neoaurum	1795	S	2612	629	3241	0.00036
Mycolicibacterium phlei	1771	S	2543	1032	3575	0.00039
Mycolicibacterium chubuense	1800	S	2519	720	3239	0.00036
Mycolicibacterium parafortuitum	39692	S	2414	562	2976	0.00033
Mycolicibacterium chitae	1792	S	2404	681	3085	0.00034
Mycolicibacterium vaccae	1810	S	2392	565	2957	0.00033
Mycolicibacterium psychrotolerans	216929	S	2308	638	2946	0.00032
Mycolicibacterium hassiacum	46351	S	2260	735	2995	0.00033
Mycolicibacterium fortuitum	1766	S	2242	1113	3355	0.00037
Mycolicibacterium pulveris	36813	S	2162	439	2601	0.00029
Mycolicibacterium fluoranthenivorans	258505	S	2139	329	2468	0.00027
Mycolicibacterium duvalii	39688	S	2115	493	2608	0.00029
Mycolicibacterium aurum	1791	S	2084	322	2406	0.00026
Mycolicibacterium tokaiense	39695	S	2055	394	2449	0.00027
Mycolicibacterium monacense	85693	S	2028	844	2872	0.00032
Mycolicibacterium poriferae	39694	S	1978	522	2500	0.00028
Mycolicibacterium phocaicum	319706	S	1940	1304	3244	0.00036
Mycolicibacterium gilvum	1804	S	1932	950	2882	0.00032
Mycolicibacterium boenickei	146017	S	1930	3432	5362	0.00059
Mycolicibacterium celeriflavum	1249101	S	1903	476	2379	0.00026
Mycolicibacterium thermoresistibile	1797	S	1871	490	2361	0.00026
Mycolicibacterium confluentis	28047	S	1827	326	2153	0.00024
Mycolicibacterium baixiangningiae	2761578	S	1786	343	2129	0.00023
Mycolicibacterium fallax	1793	S	1713	826	2539	0.00028
Mycolicibacterium aichiense	1799	S	1687	365	2052	0.00023
Mycolicibacterium mengxianglii	2736649	S	1671	213	1884	0.00021
Mycolicibacterium insubricum	444597	S	1533	536	2069	0.00023
Mycolicibacterium helvum	1534349	S	1523	222	1745	0.00019
Mycolicibacterium anyangense	1431246	S	1489	292	1781	0.00020
Mycolicibacterium austroafricanum	39687	S	1446	7482	8928	0.00098
Mycolicibacterium mucogenicum	56689	S	1342	679	2021	0.00022
Mycolicibacterium septicum	98668	S	1270	1141	2411	0.00027
Mycobacterium doricum	126673	S	1213	341	1554	0.00017
Mycolicibacterium alvei	67081	S	1207	443	1650	0.00018
Mycolicibacterium sarraceniae	1534348	S	1147	181	1328	0.00015
Mycobacterium sp. JS623	212767	S	13128	1911	15039	0.00166
Mycobacterium sp. IDR2000157661	2867005	S	2075	704	2779	0.00031
Mycobacterium sp. YC-RL4	1682113	S	1699	911	2610	0.00029
Mycobacterium sp. EPa45	1545728	S	1649	630	2279	0.00025
Mycobacterium sp. DL440	2675523	S	1646	609	2255	0.00025
Mycobacterium sp. MS1601	1936029	S	1572	331	1903	0.00021
Mycobacterium sp. DL592	2675524	S	1562	471	2033	0.00022
Mycobacterium sp. TY59	2775496	S	1128	487	1615	0.00018
Mycobacterium saskatchewanense	220927	S	1972	414	2386	0.00026
Mycobacterium parmense	185642	S	1869	422	2291	0.00025
Mycobacterium kubicae	120959	S	1686	360	2046	0.00023
Mycobacterium shigaense	722731	S	1435	230	1665	0.00018
Mycobacterium florentinum	292462	S	1387	321	1708	0.00019
Mycobacterium simiae	1784	S	1371	133	1504	0.00017
Mycobacterium stomatepiae	470076	S	1284	267	1551	0.00017
Mycobacterium lentiflavum	141349	S	1273	326	1599	0.00018
Mycobacterium heidelbergense	53376	S	1257	354	1611	0.00018
Mycobacterium avium	1764	S	2962	2989	5951	0.00066
Mycobacterium marseillense	701042	S	1578	470	2048	0.00023
Mycobacterium intracellulare	1767	S	1489	17619	19108	0.00210
Mycobacterium colombiense	339268	S	1434	299	1733	0.00019
Mycobacterium mantenii	560555	S	1420	212	1632	0.00018
Mycobacterium grossiae	1552759	S	2822	1032	3854	0.00042
Mycobacterium rufum	318424	S	2440	924	3364	0.00037
Mycobacterium dioxanotrophicus	482462	S	2332	747	3079	0.00034
Mycobacterium frederiksbergense	117567	S	2223	916	3139	0.00035
Mycobacterium holsaticum	152142	S	2056	403	2459	0.00027
Mycobacterium conspicuum	44010	S	1880	280	2160	0.00024
Mycobacterium goodii	134601	S	1874	948	2822	0.00031
Mycobacterium branderi	43348	S	1779	269	2048	0.00023
Mycobacterium paragordonae	1389713	S	1778	273	2051	0.00023
Mycobacterium diernhoferi	1801	S	1730	416	2146	0.00024
Mycobacterium paraterrae	577492	S	1549	215	1764	0.00019
Mycobacterium cookii	1775	S	1498	177	1675	0.00018
Mycobacterium gordonae	1778	S	1396	150	1546	0.00017
Mycobacterium koreense	1069220	S	1341	500	1841	0.00020
Mycobacterium lacus	169765	S	1296	114	1410	0.00016
Mycobacterium vicinigordonae	1719132	S	1240	78	1318	0.00015
Mycobacterium riyadhense	486698	S	1239	62	1301	0.00014
Mycobacterium paraseoulense	590652	S	1185	304	1489	0.00016
Mycobacterium noviomagense	459858	S	1183	112	1295	0.00014
Mycobacterium kansasii	1768	S	1176	151	1327	0.00015
Mycobacterium heckeshornense	110505	S	1168	112	1280	0.00014
Mycobacterium shinjukuense	398694	S	1141	136	1277	0.00014
Mycobacterium malmoense	1780	S	1102	210	1312	0.00014
Mycobacterium seoulense	386911	S	1063	314	1377	0.00015
Mycobacterium virginiense	1795032	S	1027	375	1402	0.00015
Mycobacterium xenopi	1789	S	1009	155	1164	0.00013
Mycolicibacter sp. MYC340	2855503	S	1023	1640	2663	0.00029
Mycolicibacter hiberniae	29314	S	1175	329	1504	0.00017
Mycolicibacter terrae	1788	S	1142	504	1646	0.00018
Mycobacteroides abscessus	36809	S	1825	1990	3815	0.00042
Mycobacteroides chelonae	1774	S	1112	519	1631	0.00018
Mycolicibacillus parakoreensis	1069221	S	1442	556	1998	0.00022
Nocardia asteroides	1824	S	12139	4552	16691	0.00184
Nocardia brasiliensis	37326	S	7567	2296	9863	0.00109
Nocardia cyriacigeorgica	135487	S	5333	2543	7876	0.00087
Nocardia terpenica	455432	S	4709	937	5646	0.00062
Nocardia nova	37330	S	4020	639	4659	0.00051
Nocardia farcinica	37329	S	3808	2569	6377	0.00070
Nocardia arthritidis	228602	S	3195	448	3643	0.00040
Nocardia wallacei	480035	S	3020	945	3965	0.00044
Nocardia sp. CS682	1047172	S	2808	736	3544	0.00039
Nocardia gipuzkoensis	2749991	S	2688	1071	3759	0.00041
Nocardia iowensis	204891	S	2568	614	3182	0.00035
Nocardia huaxiensis	2755382	S	2520	555	3075	0.00034
Nocardia otitidiscaviarum	1823	S	2427	536	2963	0.00033
Nocardia yamanashiensis	209247	S	2385	531	2916	0.00032
Nocardia tengchongensis	2055889	S	2367	654	3021	0.00033
Nocardia mangyaensis	2213200	S	2238	651	2889	0.00032
Nocardia yunnanensis	2382165	S	2212	593	2805	0.00031
Nocardia seriolae	37332	S	2199	652	2851	0.00031
Rhodococcus sp. X156	2499145	S	2445	917	3362	0.00037
Rhodococcus sp. MTM3W5.2	1805827	S	2255	639	2894	0.00032
Rhodococcus sp. SGAir0479	2567884	S	2062	781	2843	0.00031
Rhodococcus sp. W8901	2742603	S	1991	678	2669	0.00029
Rhodococcus sp. PBTS 1	1653478	S	1806	532	2338	0.00026
Rhodococcus sp. R79	2811421	S	1298	2417	3715	0.00041
Rhodococcus sp. ABRD24	2507582	S	1212	276	1488	0.00016
Rhodococcus sp. USK10	2789739	S	1102	2169	3271	0.00036
Rhodococcus opacus	37919	S	5986	15835	21821	0.00240
Rhodococcus equi	43767	S	3120	1398	4518	0.00050
Rhodococcus fascians	1828	S	2613	755	3368	0.00037
Rhodococcus rhodochrous	1829	S	1831	2187	4018	0.00044
Rhodococcus triatomae	300028	S	1551	537	2088	0.00023
Rhodococcus koreensis	99653	S	1495	1015	2510	0.00028
Rhodococcus coprophilus	38310	S	1220	254	1474	0.00016
Rhodococcus jostii	132919	S	1193	1176	2369	0.00026
Corynebacterium cyclohexanicum	322009	S	2029	778	2807	0.00031
Corynebacterium frankenforstense	1230998	S	1403	1056	2459	0.00027
Corynebacterium xerosis	1725	S	1379	2612	3991	0.00044
Corynebacterium sphenisci	191493	S	1258	712	1970	0.00022
Corynebacterium bovis	36808	S	1249	662	1911	0.00021
Corynebacterium halotolerans	225326	S	1037	884	1921	0.00021
Gordonia sp. PP30	2935861	S	1766	626	2392	0.00026
Gordonia sp. KTR9	337191	S	1372	640	2012	0.00022
Gordonia sp. YC-JH1	2059875	S	1306	1128	2434	0.00027
Gordonia sp. PDNC005	2811424	S	1050	197	1247	0.00014
Gordonia polyisoprenivorans	84595	S	2961	897	3858	0.00042
Gordonia terrae	2055	S	2150	3642	5792	0.00064
Gordonia insulae	2420509	S	1854	451	2305	0.00025
Gordonia phthalatica	1136941	S	1635	807	2442	0.00027
Gordonia amarae	36821	S	1520	390	1910	0.00021
Gordonia bronchialis	2054	S	1498	571	2069	0.00023
Gordonia jinghuaiqii	2758710	S	1493	411	1904	0.00021
Gordonia iterans	1004901	S	1351	559	1910	0.00021
Gordonia rubripertincta	36822	S	1317	1867	3184	0.00035
Gordonia otitidis	249058	S	1209	315	1524	0.00017
Gordonia pseudoamarae	2831662	S	1186	320	1506	0.00017
Skermania piniformis	39122	S	1526	212	1738	0.00019
Tsukamurella paurometabola	2061	S	2910	1520	4430	0.00049
Tsukamurella tyrosinosolvens	57704	S	2574	1205	3779	0.00042
Tsukamurella sp. PLM1	2929795	S	1862	652	2514	0.00028
Tsukamurella pulmonis	47312	S	1723	662	2385	0.00026
Dietzia psychralcaliphila	139021	S	1104	401	1505	0.00017
Dietzia lutea	546160	S	1089	878	1967	0.00022
Tomitella gaofuii	2760083	S	1747	580	2327	0.00026
Tomitella fengzijianii	2597660	S	1543	552	2095	0.00023
Nocardioides sp. G188	2849501	S	64529	21766	86295	0.00950
Nocardioides sp. LMS-CY	2840457	S	9401	3357	12758	0.00140
Nocardioides sp. JS614	196162	S	9152	2973	12125	0.00133
Nocardioides sp. HDW12B	2714939	S	7597	2738	10335	0.00114
Nocardioides sp. W7	2931390	S	7293	2716	10009	0.00110
Nocardioides sp. S5	2017486	S	7010	3818	10828	0.00119
Nocardioides sp. zg-1228	2763008	S	6823	3296	10119	0.00111
Nocardioides sp. TF02-7	2917724	S	6808	2398	9206	0.00101
Nocardioides sp. zg-579	2663857	S	6423	3543	9966	0.00110
Nocardioides sp. cx-173	2898796	S	6292	2371	8663	0.00095
Nocardioides sp. S-1144	2582905	S	6131	2591	8722	0.00096
Nocardioides sp. InS609-2	2760705	S	5747	1468	7215	0.00079
Nocardioides sp. 603	2483798	S	5188	2616	7804	0.00086
Nocardioides sp. SCSIO 67246	2872154	S	5159	1501	6660	0.00073
Nocardioides sp. CF8	110319	S	4924	2194	7118	0.00078
Nocardioides sp. MC1495	2736757	S	4457	1747	6204	0.00068
Nocardioides sp. JQ2195	2592334	S	4372	1008	5380	0.00059
Nocardioides sp. zg-536	2803858	S	4018	1903	5921	0.00065
Nocardioides sp. WS12	2486272	S	3636	714	4350	0.00048
Nocardioides sp. dk884	2662361	S	3609	4166	7775	0.00086
Nocardioides sp. ZJ1313	2685869	S	3398	3956	7354	0.00081
Nocardioides sp. Kera G14	2884264	S	3277	782	4059	0.00045
Nocardioides ungokensis	1643322	S	23850	9042	32892	0.00362
Nocardioides mesophilus	433659	S	16204	5380	21584	0.00238
Nocardioides cynanchi	2558918	S	9501	2511	12012	0.00132
Nocardioides anomalus	2712223	S	9349	3085	12434	0.00137
Nocardioides okcheonensis	2894081	S	7307	3677	10984	0.00121
Nocardioides humi	449461	S	6193	2199	8392	0.00092
Nocardioides euryhalodurans	2518370	S	5997	2000	7997	0.00088
Nocardioides dongkuii	2760089	S	5944	3195	9139	0.00101
Nocardioides aromaticivorans	200618	S	5698	2329	8027	0.00088
Nocardioides aquaticus	160826	S	5102	1711	6813	0.00075
Nocardioides rotundus	1774216	S	4924	2026	6950	0.00077
Nocardioides marinisabuli	419476	S	4788	2896	7684	0.00085
Nocardioides dokdonensis	450734	S	4333	2170	6503	0.00072
Nocardioides sambongensis	2589074	S	4079	1282	5361	0.00059
Nocardioides seonyuensis	2518371	S	3691	1083	4774	0.00053
Nocardioides panacisoli	627624	S	3472	950	4422	0.00049
Nocardioides houyundeii	2045452	S	3364	1135	4499	0.00050
Nocardioides piscis	2714938	S	3260	1322	4582	0.00050
Nocardioides daphniae	402297	S	2645	1307	3952	0.00044
Nocardioides jishulii	2575440	S	2223	878	3101	0.00034
Nocardioides yefusunii	2500546	S	1681	560	2241	0.00025
Nocardioides baekrokdamisoli	1804624	S	1671	244	1915	0.00021
Aeromicrobium sp. Leaf245	1736306	S	2475	812	3287	0.00036
Aeromicrobium sp. zg-629	2663859	S	1946	681	2627	0.00029
Aeromicrobium sp. A1-2	2107713	S	1873	288	2161	0.00024
Aeromicrobium erythreum	2041	S	2815	895	3710	0.00041
Aeromicrobium chenweiae	2079793	S	2734	957	3691	0.00041
Aeromicrobium choanae	1736691	S	2498	803	3301	0.00036
Aeromicrobium yanjiei	2662028	S	2392	779	3171	0.00035
Aeromicrobium marinum	219314	S	2119	493	2612	0.00029
Marmoricola scoriae	642780	S	6277	2528	8805	0.00097
Pimelobacter simplex	2045	S	5033	1958	6991	0.00077
Friedmanniella luteola	546871	S	4408	936	5344	0.00059
Mumia sp. ZJ1417	2708082	S	3347	649	3996	0.00044
Micropruina glycogenica	75385	S	1538	244	1782	0.00020
Microlunatus sagamiharensis	546874	S	4189	1017	5206	0.00057
Microlunatus soli	630515	S	2896	303	3199	0.00035
Microlunatus elymi	2596828	S	2427	282	2709	0.00030
Microlunatus phosphovorus	29405	S	2298	287	2585	0.00028
Microlunatus sp. Gsoil 973	2672569	S	2044	170	2214	0.00024
Tessaracoccus sp. J1M15	2829499	S	1517	470	1987	0.00022
Tessaracoccus sp. MC1865	2760310	S	1079	285	1364	0.00015
Tessaracoccus defluvii	1285901	S	1584	967	2551	0.00028
Tessaracoccus aquimaris	1332264	S	1572	716	2288	0.00025
Tessaracoccus flavescens	399497	S	1301	953	2254	0.00025
Tessaracoccus flavus	1610493	S	1128	882	2010	0.00022
Brevilactibacter coleopterorum	2714937	S	2140	990	3130	0.00034
Brevilactibacter sp. MC1595	2819349	S	2028	858	2886	0.00032
Acidipropionibacterium acidipropionici	1748	S	1429	900	2329	0.00026
Acidipropionibacterium jensenii	1749	S	1284	800	2084	0.00023
Propionibacterium acidifaciens	556499	S	1326	388	1714	0.00019
Propionibacterium freudenreichii	1744	S	1035	942	1977	0.00022
Auraticoccus monumenti	675864	S	2851	561	3412	0.00038
Raineyella fluvialis	2662261	S	1677	258	1935	0.00021
Kribbella flavida	182640	S	23450	5543	28993	0.00319
Kribbella qitaiheensis	1544730	S	18603	3013	21616	0.00238
Actinopolymorpha singaporensis	117157	S	11657	1414	13071	0.00144
Amycolatopsis sp. WQ 127309	2932773	S	12606	3523	16129	0.00178
Amycolatopsis sp. DSM 110486	2865832	S	11515	2382	13897	0.00153
Amycolatopsis sp. Hca4	2742131	S	11369	4040	15409	0.00170
Amycolatopsis sp. FDAARGOS 1241	2778070	S	6812	1558	8370	0.00092
Amycolatopsis sp. CA-230715	2745196	S	6133	982	7115	0.00078
Amycolatopsis sp. YIM 10	2653857	S	5539	1614	7153	0.00079
Amycolatopsis sp. BJA-103	1911175	S	3982	1517	5499	0.00061
Amycolatopsis sp. FU40	2914159	S	3781	1647	5428	0.00060
Amycolatopsis sp. AA4	1896961	S	3545	1797	5342	0.00059
Amycolatopsis sp. TNS106	2861750	S	2820	1548	4368	0.00048
Amycolatopsis sp. EV170708-02-1	2919322	S	2340	2080	4420	0.00049
Amycolatopsis pretoriensis	218821	S	14601	4580	19181	0.00211
Amycolatopsis mediterranei	33910	S	11919	11300	23219	0.00256
Amycolatopsis acidiphila	715473	S	7332	1629	8961	0.00099
Amycolatopsis keratiniphila	129921	S	3211	2463	5674	0.00062
Amycolatopsis japonica	208439	S	1698	1495	3193	0.00035
Amycolatopsis methanolica	1814	S	4849	1904	6753	0.00074
Amycolatopsis thermalba	944492	S	4775	1985	6760	0.00074
Amycolatopsis albispora	1804986	S	4733	2706	7439	0.00082
Amycolatopsis aidingensis	2842453	S	3953	489	4442	0.00049
Amycolatopsis orientalis	31958	S	3638	1163	4801	0.00053
Pseudonocardia sp. DSM 110487	2865833	S	39637	6120	45757	0.00504
Pseudonocardia sp. CGMCC 4.1532	2761535	S	7294	4451	11745	0.00129
Pseudonocardia sp. HH130630-07	1690815	S	5272	4246	9518	0.00105
Pseudonocardia sp. AL041005-10	445576	S	4553	3585	8138	0.00090
Pseudonocardia sp. HH130629-09	1641402	S	3492	4686	8178	0.00090
Pseudonocardia dioxanivorans	240495	S	10692	3034	13726	0.00151
Pseudonocardia broussonetiae	2736640	S	10423	3692	14115	0.00155
Pseudonocardia abyssalis	2792008	S	5801	3121	8922	0.00098
Pseudonocardia autotrophica	2074	S	5792	1673	7465	0.00082
Saccharopolyspora erythraea	1836	S	7892	2446	10338	0.00114
Saccharopolyspora gregorii	33914	S	4808	1054	5862	0.00065
Saccharopolyspora spinosa	60894	S	2062	1297	3359	0.00037
Saccharopolyspora pogona	333966	S	1788	1902	3690	0.00041
Saccharopolyspora sp. ASAGF58	2719023	S	1172	1385	2557	0.00028
Saccharothrix syringae	103733	S	7220	2658	9878	0.00109
Saccharothrix sp. 6-C	2781735	S	6701	2418	9119	0.00100
Saccharothrix espanaensis	103731	S	5742	1805	7547	0.00083
Kutzneria sp. CA-103260	2802641	S	7707	1785	9492	0.00105
Kutzneria albida	43357	S	5402	1325	6727	0.00074
Saccharomonospora marina	632569	S	2981	743	3724	0.00041
Saccharomonospora azurea	40988	S	2212	709	2921	0.00032
Saccharomonospora cyanea	40989	S	1998	774	2772	0.00031
Saccharomonospora xinjiangensis	75294	S	1632	300	1932	0.00021
Saccharomonospora glauca	40990	S	1441	553	1994	0.00022
Saccharomonospora viridis	1852	S	1281	218	1499	0.00017
Actinoalloteichus hymeniacidonis	340345	S	4706	1408	6114	0.00067
Actinoalloteichus hoggarensis	1470176	S	2528	2106	4634	0.00051
Lentzea guizhouensis	1586287	S	8813	2004	10817	0.00119
Actinosynnema pretiosum	42197	S	2297	6522	8819	0.00097
Kibdelosporangium phytohabitans	860235	S	6359	815	7174	0.00079
Allokutzneria albata	211114	S	5301	1363	6664	0.00073
Alloactinosynnema sp. L-07	1653480	S	5167	1228	6395	0.00070
Prauserella marina	530584	S	2737	271	3008	0.00033
Allosaccharopolyspora coralli	2665642	S	1997	466	2463	0.00027
Micromonospora sp. WMMC415	2675222	S	3791	1448	5239	0.00058
Micromonospora sp. WMMA2032	2039870	S	3083	2026	5109	0.00056
Micromonospora sp. HM134	2583243	S	3039	1382	4421	0.00049
Micromonospora sp. B006	2201999	S	2603	2021	4624	0.00051
Micromonospora terminaliae	1914461	S	5951	3052	9003	0.00099
Micromonospora carbonacea	47853	S	4501	2053	6554	0.00072
Micromonospora echinofusca	47858	S	4501	2074	6575	0.00072
Micromonospora krabiensis	307121	S	4312	1512	5824	0.00064
Micromonospora echinaurantiaca	47857	S	4140	2021	6161	0.00068
Micromonospora inositola	47865	S	4087	2040	6127	0.00067
Micromonospora coriariae	285665	S	3564	1293	4857	0.00053
Micromonospora viridifaciens	1881	S	3550	1567	5117	0.00056
Micromonospora auratinigra	261654	S	3499	1875	5374	0.00059
Micromonospora ferruginea	2749844	S	3441	2013	5454	0.00060
Micromonospora purpureochromogenes	47872	S	3396	1836	5232	0.00058
Micromonospora echinospora	1877	S	3328	1176	4504	0.00050
Micromonospora siamensis	299152	S	3316	1626	4942	0.00054
Micromonospora coxensis	356852	S	3198	1799	4997	0.00055
Micromonospora zamorensis	709883	S	3067	1000	4067	0.00045
Micromonospora narathiwatensis	299146	S	3066	1467	4533	0.00050
Micromonospora maris	1003110	S	2944	915	3859	0.00042
Micromonospora sagamiensis	47875	S	2936	1140	4076	0.00045
Micromonospora endophytica (Xie et al. 2001) Li et al. 2019	515350	S	2891	903	3794	0.00042
Micromonospora chokoriensis	356851	S	2862	944	3806	0.00042
Micromonospora rifamycinica	291594	S	2642	1214	3856	0.00042
Micromonospora craniellae	2294034	S	2208	1400	3608	0.00040
Micromonospora tulbaghiae	479978	S	1847	2008	3855	0.00042
Micromonospora aurantiaca	47850	S	1437	9931	11368	0.00125
Actinoplanes sp. L3-i22	2836373	S	10724	7442	18166	0.00200
Actinoplanes sp. N902-109	649831	S	7937	2459	10396	0.00114
Actinoplanes sp. OR16	946334	S	7144	3369	10513	0.00116
Actinoplanes friuliensis	196914	S	9041	1562	10603	0.00117
Actinoplanes ianthinogenes	122358	S	7530	3057	10587	0.00117
Actinoplanes missouriensis	1866	S	6240	2084	8324	0.00092
Actinoplanes teichomyceticus	1867	S	5942	2563	8505	0.00094
Actinoplanes derwentensis	113562	S	5640	917	6557	0.00072
Dactylosporangium vinaceum	53362	S	16782	2059	18841	0.00207
Phytohabitans suffuscus	624315	S	7980	2068	10048	0.00111
Phytohabitans flavus	1076124	S	6758	1353	8111	0.00089
Plantactinospora sp. KBS50	2024580	S	4578	5891	10469	0.00115
Actinocatenispora thailandica	227318	S	4853	1345	6198	0.00068
Actinocatenispora sera	390989	S	4620	1347	5967	0.00066
Catellatospora sp. IY07-71	2728827	S	10374	2522	12896	0.00142
Couchioplanes caeruleus	56438	S	9282	2524	11806	0.00130
Polymorphospora rubra	338584	S	5710	1364	7074	0.00078
Natronosporangium hydrolyticum	2811111	S	3108	240	3348	0.00037
Verrucosispora sp. NA02020	2742132	S	2398	1893	4291	0.00047
Salinispora tropica	168695	S	1746	321	2067	0.00023
Actinomadura sp. NAK00032	2742128	S	30799	10410	41209	0.00454
Actinomadura sp. WMMA1423	2591108	S	29146	8284	37430	0.00412
Actinomadura sp. WMMB 499	1219491	S	11576	2786	14362	0.00158
Actinomadura madurae	1993	S	37906	10708	48614	0.00535
Actinomadura verrucosospora	46165	S	25499	7434	32933	0.00363
Actinomadura graeca	2750812	S	9893	2276	12169	0.00134
Thermomonospora amylolytica	1411117	S	5594	2126	7720	0.00085
Thermomonospora curvata	2020	S	3638	1153	4791	0.00053
Nonomuraea nitratireducens	2656914	S	11921	2808	14729	0.00162
Nonomuraea sp. ATCC 55076	1909395	S	10580	3688	14268	0.00157
Nonomuraea gerenzanensis	93944	S	9660	3524	13184	0.00145
Nonomuraea coxensis	404386	S	9619	3015	12634	0.00139
Streptosporangium sp. 'caverna'	2202249	S	9766	2188	11954	0.00132
Streptosporangium roseum	2001	S	9581	2706	12287	0.00135
Thermobispora bispora	2006	S	3799	962	4761	0.00052
Nocardiopsis sp. MT53	2865672	S	3572	943	4515	0.00050
Nocardiopsis sp. HDS12	2831968	S	1097	1147	2244	0.00025
Nocardiopsis gilva	280236	S	2591	576	3167	0.00035
Nocardiopsis alba	53437	S	2091	421	2512	0.00028
Nocardiopsis dassonvillei	2014	S	2032	1767	3799	0.00042
Thermobifida halotolerans	483545	S	2013	684	2697	0.00030
Thermobifida alba	53522	S	1860	771	2631	0.00029
Streptomonospora litoralis	2498135	S	2837	616	3453	0.00038
Spiractinospora alimapuensis	2820884	S	1955	140	2095	0.00023
Blastococcus sp. PRF04-17	2933797	S	15071	5673	20744	0.00228
Blastococcus saxobsidens	138336	S	11528	3868	15396	0.00170
Modestobacter marinus	477641	S	12294	4692	16986	0.00187
Modestobacter sp. L9-4	2851567	S	7242	3055	10297	0.00113
Geodermatophilus obscurus	1861	S	12693	4646	17339	0.00191
Actinomyces sp. oral taxon 414	712122	S	1010	1660	2670	0.00029
Actinomyces radicidentis	111015	S	1396	1903	3299	0.00036
Actinomyces howellii	52771	S	1035	915	1950	0.00021
Frankia inefficax	298654	S	7698	1043	8741	0.00096
Frankia sp. QA3	710111	S	2918	1187	4105	0.00045
Frankia sp. ArI3	1858	S	2250	1422	3672	0.00040
Candidatus Frankia datiscae	2716812	S	2853	669	3522	0.00039
Frankia alni	1859	S	2446	1601	4047	0.00045
Frankia casuarinae	106370	S	2308	269	2577	0.00028
Jiangella sp. DSM 45060	1798224	S	10111	2879	12990	0.00143
Jiangella alkaliphila	419479	S	6681	1828	8509	0.00094
Nakamurella multipartita	53461	S	5544	1137	6681	0.00074
Nakamurella panacisegetis	1090615	S	2256	336	2592	0.00029
Nakamurella sp. PAMC28650	2762325	S	2207	252	2459	0.00027
Catenulispora acidiphila	304895	S	6942	1108	8050	0.00089
Jatrophihabitans telluris	2038343	S	2556	254	2810	0.00031
Jatrophihabitans sp. GAS493	1907575	S	2372	256	2628	0.00029
Stackebrandtia nassauensis	283811	S	3188	324	3512	0.00039
Kineococcus radiotolerans	131568	S	3035	926	3961	0.00044
Epidermidibacterium keratini	1891644	S	2007	983	2990	0.00033
Actinopolyspora erythraea	414996	S	1569	179	1748	0.00019
Acidothermus cellulolyticus	28049	S	1059	70	1129	0.00012
Conexibacter sp. SYSU D00693	2812560	S	42065	11815	53880	0.00593
Conexibacter sp. S30A1	2937800	S	10328	1290	11618	0.00128
Conexibacter sp. DBS9H8	2937801	S	10214	1129	11343	0.00125
Conexibacter woesei	191495	S	45348	9622	54970	0.00605
Miltoncostaea marina	2843215	S	10671	3229	13900	0.00153
Miltoncostaea oceani	2843216	S	10570	1894	12464	0.00137
Baekduia soli	496014	S	43972	8455	52427	0.00577
Rubrobacter xylanophilus	49319	S	5708	932	6640	0.00073
Rubrobacter marinus	2653852	S	3834	364	4198	0.00046
Rubrobacter tropicus	2653851	S	3215	263	3478	0.00038
Rubrobacter radiotolerans	42256	S	1796	245	2041	0.00022
Aquihabitans sp. Kera 3	2884263	S	9416	1716	11132	0.00123
Aquihabitans sp. G128	2849779	S	8606	1942	10548	0.00116
Iamia sp. SCSIO 61187	2722752	S	8421	1494	9915	0.00109
Actinomarinicola tropica	2789776	S	8404	1869	10273	0.00113
Ilumatobacter coccineus	467094	S	3996	295	4291	0.00047
Acidimicrobium ferrooxidans	53635	S	1365	132	1497	0.00016
Arabiibacter massiliensis	1870985	S	1009	1301	2310	0.00025
Egibacter rhizosphaerae	1670831	S	3593	240	3833	0.00042
Euzebya pacifica	1608957	S	3156	292	3448	0.00038
Egicoccus halophilus	1670830	S	3155	545	3700	0.00041
Priestia megaterium	1404	S	15257	25136	40393	0.00445
[Brevibacterium] frigoritolerans	450367	S	1203	2166	3369	0.00037
Neobacillus drentensis	220684	S	1320	1022	2342	0.00026
Hydrogenibacillus sp. N12	2866627	S	1270	363	1633	0.00018
Paenibacillus sp. B01	2660554	S	1468	3210	4678	0.00052
Paenibacillus mucilaginosus	61624	S	1283	233	1516	0.00017
Paenibacillus albicereus	2726185	S	1238	2027	3265	0.00036
Paenibacillus lycopersici	2704462	S	1112	433	1545	0.00017
Thermobacillus composti	377615	S	1172	412	1584	0.00017
Alicyclobacillus acidocaldarius	405212	S	1360	213	1573	0.00017
Faecalibacterium prausnitzii	853	S	1081	2343	3424	0.00038
Thermaerobacter sp. FW80	2546351	S	1563	471	2034	0.00022
Thermaerobacter sp. PB12/4term	2293838	S	1016	336	1352	0.00015
Thermaerobacter marianensis	73919	S	1247	388	1635	0.00018
Symbiobacterium thermophilum	2734	S	1669	296	1965	0.00022
Limnochorda pilosa	1555112	S	1705	105	1810	0.00020
Deinococcus sp. NW-56	2080419	S	1014	292	1306	0.00014
Deinococcus maricopensis	309887	S	1368	204	1572	0.00017
Deinococcus gobiensis	502394	S	1356	339	1695	0.00019
Deinococcus actinosclerus	1768108	S	1247	1750	2997	0.00033
Deinococcus metallilatus	1211322	S	1210	273	1483	0.00016
Deinococcus ficus	317577	S	1195	211	1406	0.00015
Oceanithermus profundus	187137	S	1622	251	1873	0.00021
Marinithermus hydrothermalis	186192	S	1068	260	1328	0.00015
Truepera radiovictrix	332249	S	1482	118	1600	0.00018
Sphaerobacter thermophilus	2057	S	4146	260	4406	0.00049
Thermomicrobium roseum	500	S	1080	22	1102	0.00012
Roseiflexus castenholzii	120962	S	1367	201	1568	0.00017
Roseiflexus sp. RS-1	357808	S	1338	180	1518	0.00017
Tepidiforma bonchosmolovskayae	2601677	S	2936	167	3103	0.00034
Candidatus Promineofilum breve	1806508	S	2416	66	2482	0.00027
Caldilinea aerophila	133453	S	1228	76	1304	0.00014
Ktedonosporobacter rubrisoli	2509675	S	1123	32	1155	0.00013
Fimbriimonas ginsengisoli	1005039	S	1401	12	1413	0.00016
Bradyrhizobium sp. 200	2782665	S	34993	8719	43712	0.00481
Bradyrhizobium sp. 170	2782641	S	27155	7700	34855	0.00384
Bradyrhizobium sp. 195	2782662	S	18244	7122	25366	0.00279
Bradyrhizobium sp. CCBAU 051011	858422	S	14454	2883	17337	0.00191
Bradyrhizobium sp. CCBAU 51753	1325100	S	10859	2507	13366	0.00147
Bradyrhizobium sp. SK17	2057741	S	7289	2574	9863	0.00109
Bradyrhizobium sp. 186	2782654	S	6554	1953	8507	0.00094
Bradyrhizobium sp. A19	2898149	S	6552	1240	7792	0.00086
Bradyrhizobium sp. CCBAU 53421	1325120	S	6411	2162	8573	0.00094
Bradyrhizobium sp. CCBAU 53351	1325114	S	6253	3301	9554	0.00105
Bradyrhizobium sp. BTAi1	288000	S	6229	1233	7462	0.00082
Bradyrhizobium sp. ORS 278	114615	S	6172	1548	7720	0.00085
Bradyrhizobium sp. ORS 285	115808	S	5950	1469	7419	0.00082
Bradyrhizobium sp. CCBAU 53338	1325111	S	5767	2448	8215	0.00090
Bradyrhizobium sp. CCBAU 53340	1325112	S	4924	1986	6910	0.00076
Bradyrhizobium sp. 6(2017)	1197460	S	4679	2383	7062	0.00078
Bradyrhizobium sp. 1(2017)	1404888	S	4674	1571	6245	0.00069
Bradyrhizobium sp. S2-11-2	2840472	S	3895	3532	7427	0.00082
Bradyrhizobium sp. 41S5	1404443	S	3405	2430	5835	0.00064
Bradyrhizobium sp. CCGE-LA001	1223566	S	3191	1263	4454	0.00049
Bradyrhizobium sp. S2-20-1	2840469	S	3190	3097	6287	0.00069
Bradyrhizobium sp. S2-11-4	2840473	S	3111	3329	6440	0.00071
Bradyrhizobium sp. I71	2590772	S	2446	2524	4970	0.00055
Bradyrhizobium sp. 191	2782659	S	2411	2789	5200	0.00057
Bradyrhizobium sp. CCBAU 51765	1325102	S	2341	2481	4822	0.00053
Bradyrhizobium sp. C-145	574727	S	1779	1817	3596	0.00040
Bradyrhizobium sp. 144S4	2823807	S	1540	4054	5594	0.00062
Bradyrhizobium sp.	376	S	1472	4992	6464	0.00071
Bradyrhizobium sp. 323S2	1404649	S	1362	3641	5003	0.00055
Bradyrhizobium sp. 40	2782674	S	1166	3130	4296	0.00047
Bradyrhizobium sp. 4	2782678	S	1049	3172	4221	0.00046
Bradyrhizobium erythrophlei	1437360	S	26304	2220	28524	0.00314
Bradyrhizobium diazoefficiens	1355477	S	19680	28097	47777	0.00526
Bradyrhizobium paxllaeri	190148	S	12242	2291	14533	0.00160
Bradyrhizobium icense	1274631	S	11307	1614	12921	0.00142
Bradyrhizobium japonicum	375	S	10298	15330	25628	0.00282
Bradyrhizobium lablabi	722472	S	8919	10110	19029	0.00209
Bradyrhizobium canariense	255045	S	7951	12702	20653	0.00227
Bradyrhizobium genosp. L	83637	S	7372	1545	8917	0.00098
Bradyrhizobium arachidis	858423	S	6560	1920	8480	0.00093
Bradyrhizobium oligotrophicum	44255	S	5492	1009	6501	0.00072
Bradyrhizobium quebecense	2748629	S	4794	2758	7552	0.00083
Bradyrhizobium genosp. B	83627	S	4733	1041	5774	0.00064
Bradyrhizobium guangdongense	1325090	S	4572	1815	6387	0.00070
Bradyrhizobium guangzhouense	1325095	S	4538	1764	6302	0.00069
Bradyrhizobium cosmicum	1404864	S	4243	1420	5663	0.00062
Bradyrhizobium septentrionale	1404411	S	4077	2518	6595	0.00073
Bradyrhizobium vignae	1549949	S	4068	985	5053	0.00056
Bradyrhizobium guangxiense	1325115	S	3669	1633	5302	0.00058
Bradyrhizobium symbiodeficiens	1404367	S	3052	4653	7705	0.00085
Bradyrhizobium elkanii	29448	S	3025	8855	11880	0.00131
Bradyrhizobium amphicarpaeae	1404768	S	2725	1158	3883	0.00043
Bradyrhizobium daqingense	993502	S	2651	1462	4113	0.00045
Bradyrhizobium betae	244734	S	2644	1460	4104	0.00045
Bradyrhizobium zhanjiangense	1325107	S	1572	1597	3169	0.00035
Rhodopseudomonas palustris	1076	S	18071	7099	25170	0.00277
Rhodopseudomonas sp. SK50-23	340268	S	2964	617	3581	0.00039
Rhodopseudomonas boonkerdii	475937	S	2646	673	3319	0.00037
Nitrobacter hamburgensis	912	S	8322	1358	9680	0.00107
Nitrobacter winogradskyi	913	S	3063	519	3582	0.00039
Tardiphaga sp. 37S4	1404741	S	1408	5119	6527	0.00072
Tardiphaga robiniae	943830	S	1507	1086	2593	0.00029
Afipia sp. GAS231	1882747	S	3705	2274	5979	0.00066
Afipia carboxidovorans	40137	S	3600	701	4301	0.00047
Variibacter gotjawalensis	1333996	S	5643	482	6125	0.00067
Mesorhizobium sp. B2-8-5	2589903	S	16392	5466	21858	0.00241
Mesorhizobium sp. J8	2777475	S	8848	2871	11719	0.00129
Mesorhizobium sp. M4B.F.Ca.ET.058.02.1.1	2493675	S	4697	1986	6683	0.00074
Mesorhizobium sp. B2-1-1	2589974	S	4481	1039	5520	0.00061
Mesorhizobium sp. M1B.F.Ca.ET.045.04.1.1	2493673	S	4425	1702	6127	0.00067
Mesorhizobium sp. M2A.F.Ca.ET.043.05.1.1	2493671	S	3916	3319	7235	0.00080
Mesorhizobium sp. 131-2-1	2744518	S	3732	1977	5709	0.00063
Mesorhizobium sp. M1E.F.Ca.ET.045.02.1.1	2493672	S	3630	1807	5437	0.00060
Mesorhizobium sp. 8	2584466	S	3588	877	4465	0.00049
Mesorhizobium sp. M1D.F.Ca.ET.043.01.1.1	2493669	S	3582	2141	5723	0.00063
Mesorhizobium sp. B1-1-8	2589976	S	3493	877	4370	0.00048
Mesorhizobium sp. M1A.F.Ca.IN.022.06.1.1	2493680	S	3047	967	4014	0.00044
Mesorhizobium sp. M3A.F.Ca.ET.080.04.2.1	2493676	S	2946	896	3842	0.00042
Mesorhizobium sp. DCY119	2108445	S	2490	571	3061	0.00034
Mesorhizobium sp. Pch-S	2082387	S	2247	318	2565	0.00028
Mesorhizobium sp. INR15	2654248	S	2198	322	2520	0.00028
Mesorhizobium sp. PAMC28654	2880934	S	2125	404	2529	0.00028
Mesorhizobium sp. M2A.F.Ca.ET.043.02.1.1	2493670	S	1969	4989	6958	0.00077
Mesorhizobium sp. M2A.F.Ca.ET.046.03.2.1	2493674	S	1792	4770	6562	0.00072
Mesorhizobium sp. B4-1-4	2589888	S	1788	437	2225	0.00025
Mesorhizobium sp. B2-1-8	2589967	S	1754	540	2294	0.00025
Mesorhizobium sp. M8A.F.Ca.ET.057.01.1.1	2493679	S	1740	652	2392	0.00026
Mesorhizobium sp. M9A.F.Ca.ET.002.03.1.2	2493668	S	1701	779	2480	0.00027
Mesorhizobium sp. 113-3-3	2744516	S	1688	930	2618	0.00029
Mesorhizobium sp. M7D.F.Ca.US.005.01.1.1	2493678	S	1664	575	2239	0.00025
Mesorhizobium sp. M6A.T.Cr.TU.016.01.1.1	2493677	S	1644	552	2196	0.00024
Mesorhizobium sp. L-2-11	2744521	S	1642	628	2270	0.00025
Mesorhizobium sp. 113-1-2	2744515	S	1447	718	2165	0.00024
Mesorhizobium sp. NZP2077	2483404	S	1398	467	1865	0.00021
Mesorhizobium sp. M7A.F.Ce.TU.012.03.2.1	2493681	S	1202	444	1646	0.00018
Mesorhizobium sp. NZP2298	2483403	S	1064	639	1703	0.00019
Mesorhizobium sp. 113-3-9	2744517	S	1041	780	1821	0.00020
Mesorhizobium opportunistum	593909	S	2345	996	3341	0.00037
Mesorhizobium amorphae	71433	S	2254	544	2798	0.00031
Mesorhizobium terrae	2725666	S	2229	719	2948	0.00032
Mesorhizobium loti	381	S	1659	13955	15614	0.00172
Mesorhizobium huakuii	28104	S	1376	1132	2508	0.00028
Mesorhizobium australicum	536018	S	1275	405	1680	0.00018
Mesorhizobium erdmanii	1777866	S	1234	354	1588	0.00017
Mesorhizobium japonicum	2066070	S	1211	918	2129	0.00023
Mesorhizobium ciceri	39645	S	1069	2777	3846	0.00042
Aminobacter sp. MSH1	374606	S	2430	4600	7030	0.00077
Aquibium microcysteis	675281	S	3627	1056	4683	0.00052
Aquibium oceanicum	1670800	S	2683	639	3322	0.00037
Nitratireductor sp. SY7	2599600	S	2362	436	2798	0.00031
Nitratireductor sp. OM-1	1756988	S	1119	223	1342	0.00015
Roseitalea porphyridii	1852022	S	1849	332	2181	0.00024
Oricola thermophila	2742145	S	1400	206	1606	0.00018
Rhizobium sp. WYJ-E13	2849093	S	2181	1615	3796	0.00042
Rhizobium sp. NXC24	2048897	S	2129	2221	4350	0.00048
Rhizobium sp. BG4	2613770	S	1605	1358	2963	0.00033
Rhizobium leguminosarum	384	S	7642	19625	27267	0.00300
Rhizobium jaguaris	1312183	S	2989	443	3432	0.00038
Rhizobium etli	29449	S	1755	2093	3848	0.00042
Rhizobium phaseoli	396	S	1185	2265	3450	0.00038
Rhizobium pseudoryzae	379684	S	1125	291	1416	0.00016
Rhizobium gallicum	56730	S	1093	1322	2415	0.00027
Agrobacterium tumefaciens	358	S	3086	6340	9426	0.00104
Agrobacterium vitis	373	S	1833	308	2141	0.00024
Neorhizobium galegae	399	S	3433	1195	4628	0.00051
Sinorhizobium fredii	380	S	3705	5605	9310	0.00103
Sinorhizobium meliloti	382	S	2798	3418	6216	0.00068
Sinorhizobium americanum	194963	S	1422	590	2012	0.00022
Sinorhizobium sp. BG8	2613773	S	1191	238	1429	0.00016
Sinorhizobium medicae	110321	S	1198	196	1394	0.00015
Ensifer adhaerens	106592	S	3653	2852	6505	0.00072
Ensifer mexicanus	375549	S	1870	327	2197	0.00024
Ensifer sp. PDNC004	2811423	S	1115	571	1686	0.00019
Ensifer sojae	716925	S	1217	498	1715	0.00019
Ensifer alkalisoli	1752398	S	1209	275	1484	0.00016
Shinella sp. HZN7	879274	S	1953	1991	3944	0.00043
Shinella sp. PSBB067	2715959	S	1737	1570	3307	0.00036
Shinella sp. XGS7	2877941	S	1448	1956	3404	0.00037
Shinella zoogloeoides	352475	S	1721	2892	4613	0.00051
Ciceribacter thiooxidans	1969821	S	1303	306	1609	0.00018
Georhizobium profundi	2341112	S	1240	288	1528	0.00017
Methylobacterium sp. 17Sr1-1	2202826	S	2294	1881	4175	0.00046
Methylobacterium sp. WL1	2603276	S	2292	727	3019	0.00033
Methylobacterium aquaticum	270351	S	4851	3661	8512	0.00094
Methylobacterium nodulans	114616	S	4667	782	5449	0.00060
Methylobacterium durans	2202825	S	3479	637	4116	0.00045
Methylobacterium currus	2051553	S	3157	2181	5338	0.00059
Methylobacterium radiodurans	2202828	S	3047	971	4018	0.00044
Methylobacterium terrae	2202827	S	2415	1903	4318	0.00048
Methylobacterium tardum	374432	S	2411	1513	3924	0.00043
Methylobacterium organophilum	410	S	2410	2395	4805	0.00053
Methylobacterium mesophilicum	39956	S	2386	838	3224	0.00035
Methylobacterium brachiatum	269660	S	2315	1184	3499	0.00039
Methylobacterium indicum	1775910	S	2162	1905	4067	0.00045
Methylobacterium oryzae	334852	S	2092	5392	7484	0.00082
Microvirga sp. VF16	2807101	S	4772	804	5576	0.00061
Microvirga sp. 17 mud 1-3	2082949	S	2222	515	2737	0.00030
Microvirga ossetica	1882682	S	5073	978	6051	0.00067
Microvirga thermotolerans	2651334	S	2769	867	3636	0.00040
Methylorubrum populi	223967	S	4433	2067	6500	0.00072
Methylorubrum extorquens	408	S	4023	6574	10597	0.00117
Methylorubrum sp. B1-46	2897334	S	1633	682	2315	0.00025
Rhodoplanes sp. Z2-YC6860	674703	S	48498	5089	53587	0.00590
Hyphomicrobium denitrificans	53399	S	4679	574	5253	0.00058
Hyphomicrobium nitrativorans	1427356	S	2558	253	2811	0.00031
Hyphomicrobium sp. MC1	717785	S	2073	167	2240	0.00025
Methyloceanibacter sp. wino2	2170729	S	1475	388	1863	0.00021
Methyloceanibacter caenitepidi	1384459	S	1465	361	1826	0.00020
Methyloligella sp. GL2	2742204	S	2338	316	2654	0.00029
Aquabacter sp. L1I39	2820278	S	2114	376	2490	0.00027
Rhodomicrobium vannielii	1069	S	1558	124	1682	0.00019
Pseudolabrys taiwanensis	331696	S	18674	3522	22196	0.00244
Pseudolabrys sp. FHR47	2562284	S	12081	2406	14487	0.00159
Starkeya sp. ORNL1	2709380	S	5082	1151	6233	0.00069
Starkeya novella	921	S	3591	1480	5071	0.00056
Ancylobacter sp. TS-1	1850374	S	2635	1215	3850	0.00042
Ancylobacter polymorphus	223390	S	2632	1434	4066	0.00045
Ancylobacter pratisalsi	1745854	S	2123	529	2652	0.00029
Xanthobacter dioxanivorans	2528964	S	3425	1315	4740	0.00052
Xanthobacter sp. YC-JY1	2419844	S	1228	1306	2534	0.00028
Xanthobacter autotrophicus	280	S	1087	1251	2338	0.00026
Labrys sp. KNU-23	2789216	S	3154	371	3525	0.00039
Azorhizobium caulinodans	7	S	2574	614	3188	0.00035
Devosia sp. A16	1736675	S	8294	1154	9448	0.00104
Devosia sp. SL43	2806348	S	1375	297	1672	0.00018
Devosia sp. JXJ CY 41	2917991	S	1367	294	1661	0.00018
Devosia sp. 1566	2499144	S	1167	152	1319	0.00015
Devosia ginsengisoli	400770	S	1468	310	1778	0.00020
Devosia beringensis	2657486	S	1385	241	1626	0.00018
Devosia salina	2860336	S	1284	505	1789	0.00020
Devosia oryziradicis	2801335	S	1244	269	1513	0.00017
Devosia rhizoryzae	2774137	S	1145	140	1285	0.00014
Paradevosia shaoguanensis	1335043	S	2116	870	2986	0.00033
Youhaiella tibetensis	1447062	S	1998	452	2450	0.00027
Bosea sp. Tri-49	1867715	S	3746	910	4656	0.00051
Bosea sp. F3-2	2599640	S	3563	1193	4756	0.00052
Bosea sp. RAC05	1842539	S	3308	1123	4431	0.00049
Bosea sp. ANAM02	2020412	S	3207	1231	4438	0.00049
Bosea sp. AS-1	2015316	S	3190	1052	4242	0.00047
Bosea sp. PAMC 26642	1792307	S	2499	558	3057	0.00034
Bosea vaviloviae	1526658	S	3152	810	3962	0.00044
Nordella sp. HKS 07	2712222	S	12890	788	13678	0.00151
Pseudorhodoplanes sinuspersici	1235591	S	8079	638	8717	0.00096
Terrihabitans soli	708113	S	1860	226	2086	0.00023
Aureimonas sp. SA4125	2826993	S	2247	469	2716	0.00030
Aureimonas sp. AU20	1349819	S	2103	338	2441	0.00027
Aureimonas populi	1701758	S	1807	408	2215	0.00024
Aureimonas mangrovi	2758041	S	1665	410	2075	0.00023
Aureimonas altamirensis	370622	S	1128	529	1657	0.00018
Martelella mediterranea	293089	S	1186	1017	2203	0.00024
Martelella endophytica	1486262	S	1105	394	1499	0.00017
Aurantimonas sp. HBX-1	2906072	S	2844	935	3779	0.00042
Methylocystis bryophila	655015	S	1763	199	1962	0.00022
Methylocystis parvus	134	S	1759	231	1990	0.00022
Methylocystis sp. SC2	187303	S	1042	400	1442	0.00016
Methylocystis heyeri	391905	S	1504	192	1696	0.00019
Methylocystis rosea	173366	S	1198	1423	2621	0.00029
Methylosinus trichosporium	426	S	2411	498	2909	0.00032
Methylosinus sp. C49	2699395	S	2049	420	2469	0.00027
Phreatobacter stygius	1940610	S	4809	786	5595	0.00062
Phreatobacter cathodiphilus	1868589	S	3577	1167	4744	0.00052
Phreatobacter sp. NMCR1094	2570229	S	2829	581	3410	0.00038
Stappia indica	538381	S	2744	750	3494	0.00038
Stappia sp. ES.058	1881061	S	1444	214	1658	0.00018
Roseibium aggregatum	187304	S	1638	291	1929	0.00021
Pannonibacter phragmitetus	121719	S	1960	1452	3412	0.00038
Blastochloris tepida	2233851	S	3713	1395	5108	0.00056
Blastochloris viridis	1079	S	3149	975	4124	0.00045
Methylocella silvestris	199596	S	1808	238	2046	0.00023
Methylocella tundrae	227605	S	1517	172	1689	0.00019
Methylovirgula ligni	569860	S	1583	205	1788	0.00020
Methylovirgula sp. HY1	2822761	S	1310	88	1398	0.00015
Kaustia mangrovi	2593653	S	3500	388	3888	0.00043
Parvibaculum lavamentivorans	256618	S	1704	1602	3306	0.00036
Pyruvatibacter mobilis	1712261	S	1069	150	1219	0.00013
Chelatococcus sp. CO-6	1702325	S	2928	1839	4767	0.00052
Chelatococcus daeguensis	444444	S	1603	1001	2604	0.00029
Kaistia sp. 32K	2795690	S	4297	1191	5488	0.00060
Acuticoccus sp. I52.16.1	2928472	S	3744	493	4237	0.00047
Hartmannibacter diazotrophicus	1482074	S	2294	449	2743	0.00030
Breoghania sp. L-A4	2304600	S	2288	344	2632	0.00029
Sphingomonas sp. DM2-R-LB4	2899123	S	3389	1564	4953	0.00055
Sphingomonas sp. S8-45	2938948	S	2983	510	3493	0.00038
Sphingomonas sp. CL5.1	2653203	S	2585	1136	3721	0.00041
Sphingomonas sp. AK-PDB1-5	2872652	S	2552	561	3113	0.00034
Sphingomonas sp. HDW15A	2714942	S	2455	288	2743	0.00030
Sphingomonas sp. Cra20	1327635	S	2361	464	2825	0.00031
Sphingomonas sp. AP4-R1	2735134	S	2190	373	2563	0.00028
Sphingomonas sp. LM7	1938607	S	2125	577	2702	0.00030
Sphingomonas sp. MM-1	745310	S	2104	3901	6005	0.00066
Sphingomonas sp. AAP5	1523415	S	1943	647	2590	0.00029
Sphingomonas sp. FARSPH	2219696	S	1820	2079	3899	0.00043
Sphingomonas sp. NBWT7	2596913	S	1806	897	2703	0.00030
Sphingomonas sp. S2-65	2903960	S	1756	477	2233	0.00025
Sphingomonas sp. PAMC26645	2565555	S	1478	545	2023	0.00022
Sphingomonas sp. HMP9	1517554	S	1470	724	2194	0.00024
Sphingomonas sp. HMP6	1517551	S	1207	286	1493	0.00016
Sphingomonas sp. KC8	1030157	S	1199	206	1405	0.00015
Sphingomonas lutea	1045317	S	8926	1703	10629	0.00117
Sphingomonas sediminicola	386874	S	6092	882	6974	0.00077
Sphingomonas daechungensis	1176646	S	5538	805	6343	0.00070
Sphingomonas sabuli	2764186	S	4827	864	5691	0.00063
Sphingomonas ginsengisoli An et al. 2013	363835	S	4807	966	5773	0.00064
Sphingomonas sinipercae	2714944	S	4753	942	5695	0.00063
Sphingomonas piscis	2714943	S	3330	453	3783	0.00042
Sphingomonas rhizophila	2071607	S	3286	1261	4547	0.00050
Sphingomonas alpina	653931	S	3271	402	3673	0.00040
Sphingomonas sanxanigenens	397260	S	2909	1902	4811	0.00053
Sphingomonas profundi	2681549	S	2783	654	3437	0.00038
Sphingomonas xanthus	2594473	S	2314	788	3102	0.00034
Sphingomonas panacis	1560345	S	2187	481	2668	0.00029
Sphingomonas taxi	1549858	S	2091	995	3086	0.00034
Sphingomonas hengshuiensis	1609977	S	2084	405	2489	0.00027
Sphingomonas koreensis	93064	S	1845	2010	3855	0.00042
Sphingomonas panacisoli	1813879	S	1753	352	2105	0.00023
Sphingomonas changnyeongensis	2698679	S	1580	443	2023	0.00022
Sphingomonas suaedae	2599297	S	1519	291	1810	0.00020
Sphingomonas radiodurans	2890321	S	1491	296	1787	0.00020
Sphingomonas insulae	424800	S	1372	603	1975	0.00022
Sphingomonas aliaeris	2759526	S	1315	244	1559	0.00017
Sphingomonas paucimobilis	13689	S	1251	1229	2480	0.00027
Sphingobium sp. TKS	1315974	S	2666	6073	8739	0.00096
Sphingobium sp. SYK-6	627192	S	1537	591	2128	0.00023
Sphingobium yanoikuyae	13690	S	1849	6127	7976	0.00088
Sphingobium indicum	332055	S	1206	1643	2849	0.00031
Sphingobium chlorophenolicum	46429	S	1049	673	1722	0.00019
Sphingobium amiense	135719	S	1037	1755	2792	0.00031
Sphingobium phenoxybenzoativorans	1592790	S	1014	534	1548	0.00017
Sphingopyxis sp. YF1	2482763	S	1604	456	2060	0.00023
Sphingopyxis sp. QXT-31	1357916	S	1583	491	2074	0.00023
Sphingopyxis sp. OPL5	2486273	S	1434	316	1750	0.00019
Sphingopyxis sp. PAMC25046	2565556	S	1216	671	1887	0.00021
Sphingopyxis sp. BSN-002	2911495	S	1202	258	1460	0.00016
Sphingopyxis sp. 113P3	292913	S	1089	514	1603	0.00018
Sphingopyxis sp. FD7	1914525	S	1015	528	1543	0.00017
Sphingopyxis macrogoltabida	33050	S	2457	1579	4036	0.00044
Sphingopyxis terrae	33052	S	1350	1072	2422	0.00027
Sphingopyxis lindanitolerans	2054227	S	1149	798	1947	0.00021
Sphingopyxis granuli	267128	S	1070	3511	4581	0.00050
Sphingopyxis fribergensis	1515612	S	1020	504	1524	0.00017
Novosphingobium sp. Sx8-5	2896849	S	2597	665	3262	0.00036
Novosphingobium sp. Gsoil 351	2675225	S	2072	257	2329	0.00026
Novosphingobium sp. EMRT-2	2571749	S	1917	1553	3470	0.00038
Novosphingobium sp. P6W	1609758	S	1755	461	2216	0.00024
Novosphingobium sp. THN1	1016987	S	1067	555	1622	0.00018
Novosphingobium sp. ES2-1	2780074	S	1038	894	1932	0.00021
Novosphingobium resinovorum	158500	S	2218	1661	3879	0.00043
Novosphingobium decolorationis	2698673	S	1567	1235	2802	0.00031
Novosphingobium aromaticivorans	48935	S	1466	1244	2710	0.00030
Novosphingobium ginsenosidimutans	1176536	S	1294	197	1491	0.00016
Rhizorhabdus wittichii	160791	S	3453	2687	6140	0.00068
Rhizorhabdus dicambivorans	1850238	S	2133	2152	4285	0.00047
Rhizorhabdus phycosphaerae	2711156	S	1597	252	1849	0.00020
Sphingosinithalassobacter sp. CS137	2762748	S	1615	454	2069	0.00023
Sphingosinithalassobacter tenebrarum	2711215	S	1274	537	1811	0.00020
Allosphingosinicella indica	941907	S	2657	451	3108	0.00034
Parasphingopyxis algicola	2026624	S	1478	137	1615	0.00018
Hankyongella ginsenosidimutans	1763828	S	1182	303	1485	0.00016
Tardibacter chloracetimidivorans	1921510	S	1064	1118	2182	0.00024
Erythrobacter sp. HL-111	1798193	S	1279	973	2252	0.00025
Erythrobacter litoralis	39960	S	1654	1163	2817	0.00031
Porphyrobacter sp. CACIAM 03H1	2003315	S	1352	638	1990	0.00022
Qipengyuania flava	192812	S	1794	2062	3856	0.00042
Croceicoccus marinus	450378	S	1534	1402	2936	0.00032
Tsuneonella amylolytica	2338327	S	1219	530	1749	0.00019
Tsuneonella dongtanensis	692370	S	1197	357	1554	0.00017
Altererythrobacter sp. B11	2060312	S	1142	911	2053	0.00023
Sphingosinicella sp. BN140058	1892855	S	3228	401	3629	0.00040
Sphingosinicella microcystinivorans	335406	S	1444	243	1687	0.00019
Sphingosinicella flava	2771430	S	1231	233	1464	0.00016
Polymorphobacter sp. PAMC 29334	2862331	S	1020	664	1684	0.00019
Polymorphobacter sp. PAMC 29362	2835787	S	1009	636	1645	0.00018
Sandaracinobacter sp. M6	2759707	S	1303	118	1421	0.00016
Azospirillum sp. B510	137722	S	1843	723	2566	0.00028
Azospirillum sp. TSH100	652764	S	1608	773	2381	0.00026
Azospirillum sp. TSA2s	709810	S	1460	1125	2585	0.00028
Azospirillum sp. TSH58	664962	S	1174	1575	2749	0.00030
Azospirillum brasilense	192	S	5951	5318	11269	0.00124
Azospirillum thermophilum	2202148	S	3702	1015	4717	0.00052
Azospirillum thiophilum	528244	S	2282	817	3099	0.00034
Azospirillum ramasamyi	682998	S	1415	869	2284	0.00025
Azospirillum humicireducens	1226968	S	1247	745	1992	0.00022
Azospirillum lipoferum	193	S	1115	847	1962	0.00022
Azospirillum oryzae	286727	S	1077	947	2024	0.00022
Skermanella mucosa	1789672	S	2068	1401	3469	0.00038
Skermanella sp. TT6	2775420	S	2016	2062	4078	0.00045
Skermanella rosea	1817965	S	1856	1629	3485	0.00038
Skermanella pratensis	2233999	S	1715	945	2660	0.00029
Nitrospirillum amazonense	28077	S	2638	374	3012	0.00033
Indioceanicola profundi	2220096	S	1780	296	2076	0.00023
Roseomonas sp. OT10	2897332	S	3795	1314	5109	0.00056
Roseomonas sp. S08	1750527	S	3629	380	4009	0.00044
Roseomonas gilardii	257708	S	2907	3573	6480	0.00071
Roseomonas haemaphysalidis	2768162	S	2604	511	3115	0.00034
Roseomonas marmotae	2768161	S	2075	431	2506	0.00028
Rhodovastum atsumiense	504468	S	4473	778	5251	0.00058
Roseococcus microcysteis	2771361	S	2395	459	2854	0.00031
Acidibrevibacterium fodinaquatile	1969806	S	2000	276	2276	0.00025
Sediminicoccus rosea	1225128	S	1973	214	2187	0.00024
Lichenicola cladoniae	1484109	S	1936	176	2112	0.00023
Gluconacetobacter diazotrophicus	33996	S	1225	817	2042	0.00022
Hypericibacter adhaerens	2602016	S	5156	959	6115	0.00067
Hypericibacter terrae	2602015	S	4755	684	5439	0.00060
Magnetospirillum sp. XM-1	1663591	S	1168	400	1568	0.00017
Magnetospirillum sp. ME-1	1639348	S	1053	389	1442	0.00016
Magnetospirillum gryphiswaldense	55518	S	1481	160498	161979	0.01783
Magnetospirillum magneticum	84159	S	1269	181	1450	0.00016
Rhodospirillum centenum	34018	S	2345	423	2768	0.00030
Rhodospirillum rubrum	1085	S	1280	128	1408	0.00016
Tistrella mobilis	171437	S	2714	1753	4467	0.00049
Ferrovibrio terrae	2594003	S	2193	176	2369	0.00026
Defluviicoccus vanus	111831	S	1448	162	1610	0.00018
Stella humosa	94	S	5786	516	6302	0.00069
Elioraea tepida	2843330	S	2714	183	2897	0.00032
Paracoccus sanguinis	1545044	S	1474	566	2040	0.00022
Paracoccus yeei	147645	S	1165	3105	4270	0.00047
Paracoccus liaowanqingii	2560053	S	1093	188	1281	0.00014
Paracoccus denitrificans	266	S	1052	824	1876	0.00021
Cereibacter sphaeroides	1063	S	3441	2943	6384	0.00070
Rhodobacter sp. CZR27	2033869	S	1348	535	1883	0.00021
Rhodobacter sp. LPB0142	1850250	S	1100	1103	2203	0.00024
Rhodobacter sp. N10	2807096	S	1046	162	1208	0.00013
Rhodobacter capsulatus	1061	S	1450	394	1844	0.00020
Rhodovulum sulfidophilum	35806	S	1115	974	2089	0.00023
Polymorphum gilvum	991904	S	2332	690	3022	0.00033
Paroceanicella profunda	2579971	S	2275	932	3207	0.00035
Pikeienuella piscinae	2748098	S	1542	181	1723	0.00019
Pontivivens ytuae	2789856	S	1432	153	1585	0.00017
Pelagovum pacificum	2588711	S	1326	232	1558	0.00017
Silicimonas algicola	1826607	S	1230	102	1332	0.00015
Frigidibacter mobilis	1335048	S	1029	604	1633	0.00018
Roseovarius sp. SCSIO 43702	2823043	S	1044	815	1859	0.00020
Roseovarius indicus	540747	S	1350	1040	2390	0.00026
Salipiger profundus	1229727	S	1552	1116	2668	0.00029
Salipiger abyssi	1250539	S	1240	766	2006	0.00022
Salipiger sp. CCB-MM3	1792508	S	1044	230	1274	0.00014
Roseivivax marinus	1379903	S	1452	391	1843	0.00020
Celeribacter indicus	1208324	S	1290	1031	2321	0.00026
Sulfitobacter pseudonitzschiae	1402135	S	1013	602	1615	0.00018
Yangia pacifica	311180	S	1328	363	1691	0.00019
Sagittula sp. P11	2009329	S	1300	906	2206	0.00024
Caulobacter sp. S6	2823693	S	3465	436	3901	0.00043
Caulobacter sp. FWC26	69665	S	1259	461	1720	0.00019
Caulobacter segnis	88688	S	4008	1271	5279	0.00058
Caulobacter mirabilis	69666	S	3115	639	3754	0.00041
Caulobacter rhizosphaerae	2010972	S	2937	731	3668	0.00040
Caulobacter flavus	1679497	S	2648	699	3347	0.00037
Caulobacter vibrioides	155892	S	2590	2796	5386	0.00059
Caulobacter soli	2708539	S	2451	664	3115	0.00034
Caulobacter henricii	69395	S	1053	168	1221	0.00013
Brevundimonas sp. LM2	1938605	S	1021	1321	2342	0.00026
Brevundimonas naejangsanensis	588932	S	1757	2129	3886	0.00043
Brevundimonas goettingensis	2774190	S	1306	513	1819	0.00020
Brevundimonas albigilva	1312364	S	1131	1634	2765	0.00030
Phenylobacterium zucineum	284016	S	5971	1397	7368	0.00081
Phenylobacterium parvum	2201350	S	1759	226	1985	0.00022
Terricaulis silvestris	2686094	S	2095	88	2183	0.00024
Marinicauda algicola	2029849	S	1700	340	2040	0.00022
Candidatus Viadribacter manganicus	1759059	S	1116	39	1155	0.00013
Burkholderia multivorans	87883	S	4573	2638	7211	0.00079
Burkholderia ubonensis	101571	S	4503	3419	7922	0.00087
Burkholderia cenocepacia	95486	S	3656	20296	23952	0.00264
Burkholderia cepacia	292	S	3232	16475	19707	0.00217
Burkholderia pyrrocinia	60550	S	2021	1404	3425	0.00038
Burkholderia contaminans	488447	S	1774	1362	3136	0.00035
Burkholderia ambifaria	152480	S	1762	3384	5146	0.00057
Burkholderia stagnalis	1503054	S	1547	692	2239	0.00025
Burkholderia stabilis	95485	S	1472	1355	2827	0.00031
Burkholderia anthina	179879	S	1441	1827	3268	0.00036
Burkholderia dolosa	152500	S	1384	10111	11495	0.00127
Burkholderia lata	482957	S	1253	1310	2563	0.00028
Burkholderia territorii	1503055	S	1091	675	1766	0.00019
Burkholderia pseudomallei	28450	S	2078	26099	28177	0.00310
Burkholderia mayonis	1385591	S	1523	464	1987	0.00022
Burkholderia thailandensis	57975	S	1452	2191	3643	0.00040
Burkholderia oklahomensis	342113	S	1027	555	1582	0.00017
Burkholderia sp. DHOD12	2571746	S	2229	974	3203	0.00035
Burkholderia sp. Bp7605	1740163	S	1239	917	2156	0.00024
Burkholderia gladioli	28095	S	5374	2374	7748	0.00085
Burkholderia glumae	337	S	1911	960	2871	0.00032
Burkholderia plantarii	41899	S	1569	825	2394	0.00026
Burkholderia perseverans	2615214	S	1341	758	2099	0.00023
Paraburkholderia edwinii	2861782	S	7860	1326	9186	0.00101
Paraburkholderia sp. SOS3	1926494	S	2308	417	2725	0.00030
Paraburkholderia sp. PGU16	2735433	S	1025	627	1652	0.00018
Paraburkholderia pallida	2547399	S	2407	557	2964	0.00033
Paraburkholderia aromaticivorans	2026199	S	2329	1214	3543	0.00039
Paraburkholderia caribensis	75105	S	2136	1729	3865	0.00043
Paraburkholderia acidisoli	2571748	S	2107	486	2593	0.00029
Paraburkholderia tropica	92647	S	2003	570	2573	0.00028
Paraburkholderia graminis	60548	S	1896	554	2450	0.00027
Paraburkholderia acidiphila	2571747	S	1870	472	2342	0.00026
Paraburkholderia phytofirmans	261302	S	1761	881	2642	0.00029
Paraburkholderia atlantica	2654982	S	1605	475	2080	0.00023
Paraburkholderia terricola	169427	S	1566	574	2140	0.00024
Paraburkholderia sprentiae	948107	S	1485	397	1882	0.00021
Paraburkholderia phymatum	148447	S	1468	433	1901	0.00021
Paraburkholderia megapolitana	420953	S	1415	179	1594	0.00018
Paraburkholderia fungorum	134537	S	1354	375	1729	0.00019
Paraburkholderia phenoliruptrix	252970	S	1291	429	1720	0.00019
Paraburkholderia ginsengisoli	311231	S	1250	458	1708	0.00019
Paraburkholderia caledonica	134536	S	1233	272	1505	0.00017
Paraburkholderia terrae	311230	S	1202	1451	2653	0.00029
Paraburkholderia hospita	169430	S	1118	1363	2481	0.00027
Paraburkholderia xenovorans	36873	S	1067	1759	2826	0.00031
Paraburkholderia caffeinilytica	1761016	S	1012	307	1319	0.00015
Cupriavidus taiwanensis	164546	S	7333	10498	17831	0.00196
Cupriavidus pauculus	82633	S	6234	3991	10225	0.00113
Cupriavidus necator	106590	S	3258	5703	8961	0.00099
Cupriavidus basilensis	68895	S	3249	2521	5770	0.00064
Cupriavidus sp. EM10	2839983	S	1471	1452	2923	0.00032
Cupriavidus oxalaticus	96344	S	3057	2083	5140	0.00057
Cupriavidus campinensis	151783	S	2670	1494	4164	0.00046
Cupriavidus metallidurans	119219	S	2040	11221	13261	0.00146
Cupriavidus pinatubonensis	248026	S	1811	460	2271	0.00025
Ralstonia solanacearum	305	S	4584	13180	17764	0.00196
Ralstonia insidiosa	190721	S	1308	1402	2710	0.00030
Pandoraea pnomenusa	93220	S	1758	1624	3382	0.00037
Pandoraea pulmonicola	93221	S	1419	728	2147	0.00024
Pandoraea thiooxydans	445709	S	1416	178	1594	0.00018
Pandoraea sp. XY-2	2518599	S	1030	1000	2030	0.00022
Caballeronia sp. Lep1P3	2878150	S	1406	2261	3667	0.00040
Caballeronia sp. TF1N1	2878153	S	1312	630	1942	0.00021
Caballeronia zhejiangensis	871203	S	1888	594	2482	0.00027
Caballeronia insecticola	758793	S	1662	469	2131	0.00023
Caballeronia grimmiae	1071679	S	1345	977	2322	0.00026
Variovorax sp. HW608	1034889	S	4450	1043	5493	0.00060
Variovorax sp. PBS-H4	434008	S	2467	2289	4756	0.00052
Variovorax sp. RA8	662548	S	2254	2532	4786	0.00053
Variovorax sp. PBL-H6	434009	S	2250	2979	5229	0.00058
Variovorax sp. WDL1	207745	S	2212	5002	7214	0.00079
Variovorax sp. RKNM96	2681552	S	1896	879	2775	0.00031
Variovorax sp. PAMC 28711	1795631	S	1766	415	2181	0.00024
Variovorax sp. PAMC26660	2762322	S	1592	503	2095	0.00023
Variovorax sp. PAMC28562	2762323	S	1437	174	1611	0.00018
Variovorax sp. SRS16	282217	S	1300	3823	5123	0.00056
Variovorax sp. 38R	2774875	S	1139	1809	2948	0.00032
Variovorax sp. PBL-E5	434014	S	1084	3694	4778	0.00053
Variovorax paradoxus	34073	S	9364	10682	20046	0.00221
Variovorax boronicumulans	436515	S	1563	1331	2894	0.00032
Hydrogenophaga sp. BA0156	2716225	S	2155	2233	4388	0.00048
Hydrogenophaga sp. BPS33	2651974	S	1944	2380	4324	0.00048
Hydrogenophaga sp. YM1	2806262	S	1904	1365	3269	0.00036
Hydrogenophaga sp. PBC	795665	S	1749	3074	4823	0.00053
Hydrogenophaga sp. SL48	2806347	S	1511	894	2405	0.00026
Hydrogenophaga sp. PBL-H3	434010	S	1101	1496	2597	0.00029
Hydrogenophaga sp. RAC07	1842537	S	1089	513	1602	0.00018
Hydrogenophaga taeniospiralis	65656	S	1320	1212	2532	0.00028
Acidovorax sp. YS12	2738413	S	1313	1892	3205	0.00035
Acidovorax avenae	80867	S	3033	3382	6415	0.00071
Acidovorax antarcticus	2743470	S	1576	1806	3382	0.00037
Acidovorax monticola	1926868	S	1510	855	2365	0.00026
Comamonas serinivorans	1082851	S	1403	668	2071	0.00023
Comamonas aquatica	225991	S	1301	3037	4338	0.00048
Ramlibacter tataouinensis	94132	S	9607	5175	14782	0.00163
Rhodoferax sp. BAB1	2741720	S	1385	533	1918	0.00021
Rhodoferax koreense	1842727	S	2327	1830	4157	0.00046
Rhodoferax sediminis	2509614	S	1735	370	2105	0.00023
Schlegelella thermodepolymerans	215580	S	3010	2085	5095	0.00056
Schlegelella brevitalea	413882	S	2968	609	3577	0.00039
Diaphorobacter ruginosibacter	1715720	S	1129	1188	2317	0.00026
Delftia tsuruhatensis	180282	S	1204	4844	6048	0.00067
Delftia acidovorans	80866	S	1053	2841	3894	0.00043
Polaromonas sp. JS666	296591	S	1510	1472	2982	0.00033
Polaromonas naphthalenivorans	216465	S	1113	222	1335	0.00015
Kinneretia sp. DAIF2	2714952	S	2906	1512	4418	0.00049
Kinneretia sp. XES5	2877940	S	1098	2114	3212	0.00035
Ottowia sp. 27C	2816950	S	1329	360	1689	0.00019
Ottowia oryzae	2109914	S	1014	307	1321	0.00015
Alicycliphilus denitrificans	179636	S	2641	6667	9308	0.00102
Melaminivora sp. SC2-9	2109913	S	1231	2161	3392	0.00037
Verminephrobacter eiseniae	364317	S	1343	232	1575	0.00017
Hylemonella gracilis	80880	S	1097	221	1318	0.00015
Pulveribacter suum	2116657	S	1060	760	1820	0.00020
Massilia sp. WG5	1707785	S	3326	2635	5961	0.00066
Massilia sp. HC52	2852099	S	3255	2078	5333	0.00059
Massilia sp. DM-R-R2A-13	2899220	S	2481	1274	3755	0.00041
Massilia sp. LPB0304	2769491	S	2389	1887	4276	0.00047
Massilia sp. YMA4	1593482	S	1983	1654	3637	0.00040
Massilia sp. NP310	2861282	S	1778	1878	3656	0.00040
Massilia sp. PAMC28688	2861283	S	1601	507	2108	0.00023
Massilia putida	1141883	S	3993	1598	5591	0.00062
Massilia violaceinigra	2045208	S	3767	1288	5055	0.00056
Massilia flava	871742	S	3003	951	3954	0.00044
Massilia lutea	321985	S	2098	799	2897	0.00032
Massilia albidiflava	321983	S	2016	973	2989	0.00033
Massilia armeniaca	2072590	S	1941	1203	3144	0.00035
Massilia plicata	321984	S	1914	642	2556	0.00028
Massilia umbonata	864828	S	1900	935	2835	0.00031
Massilia antarctica	2765360	S	1640	709	2349	0.00026
Massilia oculi	945844	S	1504	1113	2617	0.00029
Duganella sp. GN2-R2	2728020	S	2659	1450	4109	0.00045
Duganella sp. AF9R3	2728021	S	1892	506	2398	0.00026
Janthinobacterium sp. 1_2014MBL_MicDiv	1644131	S	1048	751	1799	0.00020
Janthinobacterium agaricidamnosum	55508	S	1660	3651	5311	0.00058
Herbaspirillum robiniae	2014887	S	1736	869	2605	0.00029
Herbaspirillum seropedicae	964	S	1256	716	1972	0.00022
Herbaspirillum rubrisubalbicans	80842	S	1164	679	1843	0.00020
Herbaspirillum hiltneri	341045	S	1156	264	1420	0.00016
Herbaspirillum frisingense	92645	S	1154	475	1629	0.00018
Collimonas fungivorans	158899	S	1431	469	1900	0.00021
Collimonas arenae	279058	S	1118	176	1294	0.00014
Collimonas pratensis	279113	S	1097	258	1355	0.00015
Noviherbaspirillum sp. UKPF54	2601898	S	2295	546	2841	0.00031
Achromobacter xylosoxidans	85698	S	5057	12595	17652	0.00194
Achromobacter sp. AONIH1	1758194	S	1611	3397	5008	0.00055
Achromobacter sp. MFA1 R4	1881016	S	1296	1044	2340	0.00026
Achromobacter spanius	217203	S	2906	1781	4687	0.00052
Achromobacter denitrificans	32002	S	2350	2533	4883	0.00054
Achromobacter deleyi	1353891	S	1895	1954	3849	0.00042
Achromobacter insolitus	217204	S	1252	519	1771	0.00019
Bordetella sp. H567	1697043	S	1670	603	2273	0.00025
Bordetella sp. N	1746199	S	1547	329	1876	0.00021
Bordetella genomosp. 8	1416806	S	1986	879	2865	0.00032
Bordetella bronchialis	463025	S	1928	891	2819	0.00031
Bordetella genomosp. 13	463040	S	1851	2243	4094	0.00045
Bordetella flabilis	463014	S	1672	357	2029	0.00022
Bordetella genomosp. 9	1416803	S	1563	850	2413	0.00027
Bordetella hinzii	103855	S	1412	2800	4212	0.00046
Bordetella petrii	94624	S	1406	3058	4464	0.00049
Bordetella trematum	123899	S	1086	852	1938	0.00021
Pigmentiphaga sp. H8	2488560	S	3140	596	3736	0.00041
Orrella dioscoreae	1851544	S	1469	794	2263	0.00025
Castellaniella defragrans	75697	S	1670	1746	3416	0.00038
Rhizobacter sp. AJA081-3	2753607	S	4042	1408	5450	0.00060
Rhizobacter gummiphilus	946333	S	3782	1057	4839	0.00053
Sphaerotilus sp. FB-5	2914710	S	2562	2428	4990	0.00055
Sphaerotilus natans	34103	S	2550	1397	3947	0.00043
Methylibium sp. Pch-M	2082386	S	1416	1443	2859	0.00031
Methylibium petroleiphilum	105560	S	1373	1646	3019	0.00033
Rubrivivax gelatinosus	28068	S	4048	1791	5839	0.00064
Thiomonas sp. X19	1050370	S	1283	1137	2420	0.00027
Mitsuaria sp. 7	1658665	S	3130	875	4005	0.00044
Aquincola tertiaricarbonis	391953	S	3098	1545	4643	0.00051
Leptothrix cholodnii	34029	S	2948	1296	4244	0.00047
Xylophilus rhododendri	2697032	S	2341	988	3329	0.00037
Ideonella dechloratans	36863	S	1894	1635	3529	0.00039
Tepidimonas taiwanensis	307486	S	1503	819	2322	0.00026
Aquabacterium olei	1296669	S	1299	493	1792	0.00020
Roseateles depolymerans	76731	S	1231	333	1564	0.00017
Thauera sp. MZ1T	85643	S	2497	3574	6071	0.00067
Thauera sp. K11	2005884	S	2314	1981	4295	0.00047
Thauera humireducens	1134435	S	1640	1402	3042	0.00033
Thauera chlorobenzoica	96773	S	1189	1318	2507	0.00028
Thauera aromatica	59405	S	1173	2238	3411	0.00038
Azoarcus sp. KH32C	748247	S	2802	700	3502	0.00039
Azoarcus sp. DD4	2027405	S	2005	1710	3715	0.00041
Azoarcus olearius	418699	S	2285	1082	3367	0.00037
Azoarcus communis	41977	S	1603	897	2500	0.00028
Nitrogeniibacter mangrovi	2016596	S	1854	562	2416	0.00027
Aromatoleum petrolei	76116	S	2444	789	3233	0.00036
Aromatoleum aromaticum	551760	S	1837	1649	3486	0.00038
Aromatoleum bremense	76115	S	1592	1168	2760	0.00030
Aromatoleum pumilum	2067960	S	1581	888	2469	0.00027
Azospira restricta	404405	S	3973	3739	7712	0.00085
Niveibacterium microcysteis	2811415	S	1473	318	1791	0.00020
Oryzomicrobium terrae	1735038	S	1102	404	1506	0.00017
Dechloromonas denitrificans	281362	S	1580	655	2235	0.00025
Ferribacterium limneticum	76259	S	2076	551	2627	0.00029
Usitatibacter rugosus	2732067	S	9029	1463	10492	0.00116
Usitatibacter palustris	2732487	S	6941	1191	8132	0.00090
Denitratisoma sp. DHT3	1981880	S	1400	1561	2961	0.00033
Sulfuritalea hydrogenivorans	748811	S	1802	390	2192	0.00024
Methyloversatilis sp. RAC08	1842540	S	1593	323	1916	0.00021
Sterolibacterium denitrificans	157592	S	1164	496	1660	0.00018
Nitrosospira multiformis	1231	S	1616	391	2007	0.00022
Nitrosospira lacus	1288494	S	1028	294	1322	0.00015
Thiobacillus denitrificans	36861	S	2223	664	2887	0.00032
Sulfuritortus calidifontis	1914471	S	1395	892	2287	0.00025
Sulfurimicrobium lacus	2715678	S	1124	231	1355	0.00015
Chromobacterium sp. ATCC 53434	2059672	S	1129	946	2075	0.00023
Chromobacterium vaccinii	1108595	S	1198	1526	2724	0.00030
Chromobacterium violaceum	536	S	1126	2033	3159	0.00035
Jeongeupia sp. USM3	1906741	S	1587	622	2209	0.00024
Pseudogulbenkiania sp. NH8B	748280	S	1369	729	2098	0.00023
Microvirgula aerodenitrificans	57480	S	1059	314	1373	0.00015
Crenobacter cavernae	2290923	S	1761	1156	2917	0.00032
Chitinolyticbacter meiyuanensis	682798	S	1220	355	1575	0.00017
Casimicrobium huifangae	2591109	S	1227	877	2104	0.00023
Lysobacter sp. KIS68-7	2904252	S	6037	1943	7980	0.00088
Lysobacter sp. TY2-98	2290922	S	2711	718	3429	0.00038
Lysobacter sp. 5GHs7-4	2904253	S	1992	1002	2994	0.00033
Lysobacter sp. CECT 30171	2822368	S	1728	692	2420	0.00027
Lysobacter sp. S4-A87	2925843	S	1564	878	2442	0.00027
Lysobacter sp. K5869	2820808	S	1542	1288	2830	0.00031
Lysobacter sp. CW239	2762611	S	1305	1288	2593	0.00029
Lysobacter enzymogenes	69	S	5988	3714	9702	0.00107
Lysobacter capsici	435897	S	3810	7208	11018	0.00121
Lysobacter soli	453783	S	3107	1059	4166	0.00046
Lysobacter solisilvae (ex Woo and Kim 2022)	2865112	S	3045	1474	4519	0.00050
Lysobacter lycopersici	1324796	S	2684	914	3598	0.00040
Lysobacter solisilvae (ex Kim et al. 2021)	2763317	S	2385	791	3176	0.00035
Lysobacter antibioticus	84531	S	2133	761	2894	0.00032
Lysobacter maris	1605891	S	1879	745	2624	0.00029
Lysobacter arenosi	2795387	S	1630	897	2527	0.00028
Lysobacter alkalisoli	2591633	S	1518	453	1971	0.00022
Lysobacter oculi	2698682	S	1399	600	1999	0.00022
Xanthomonas translucens	343	S	2566	7329	9895	0.00109
Xanthomonas campestris	339	S	1925	3889	5814	0.00064
Xanthomonas sacchari	56458	S	1274	769	2043	0.00022
Xanthomonas arboricola	56448	S	1143	4198	5341	0.00059
Stenotrophomonas maltophilia	40324	S	6300	15287	21587	0.00238
Stenotrophomonas rhizophila	216778	S	2489	1178	3667	0.00040
Stenotrophomonas acidaminiphila	128780	S	1356	5106	6462	0.00071
Luteimonas sp. MC1750	2799326	S	1642	866	2508	0.00028
Luteimonas sp. S4-F44	2925842	S	1598	472	2070	0.00023
Luteimonas sp. D4P002	2901869	S	1492	607	2099	0.00023
Luteimonas sp. MC1572	2799325	S	1353	811	2164	0.00024
Luteimonas sp. YGD11-2	2508168	S	1290	780	2070	0.00023
Luteimonas sp. MC1825	2761107	S	1276	783	2059	0.00023
Luteimonas sp. JM171	1896164	S	1235	391	1626	0.00018
Luteimonas granuli	1176533	S	1599	893	2492	0.00027
Luteimonas chenhongjianii	2006110	S	1240	389	1629	0.00018
Luteimonas yindakuii	2565782	S	1210	618	1828	0.00020
Pseudoxanthomonas suwonensis	314722	S	3098	2448	5546	0.00061
Pseudoxanthomonas mexicana	128785	S	1680	3272	4952	0.00055
Pseudoxanthomonas sp. X-1	2571115	S	1639	2249	3888	0.00043
Pseudoxanthomonas daejeonensis	266062	S	1230	480	1710	0.00019
Thermomonas sp. XSG	2771436	S	1095	754	1849	0.00020
Thermomonas brevis	215691	S	1613	960	2573	0.00028
Thermomonas aquatica	2202149	S	1551	1213	2764	0.00030
Thermomonas carbonis	1463158	S	1199	405	1604	0.00018
Arenimonas daejeonensis	370777	S	2197	738	2935	0.00032
Pseudolysobacter antarcticus	2511995	S	1332	68	1400	0.00015
Luteibacter sp. 321	2911537	S	1575	683	2258	0.00025
Luteibacter sp. EIF3	2780091	S	1163	251	1414	0.00016
Luteibacter sp. 335	2911538	S	1065	307	1372	0.00015
Luteibacter rhizovicinus	242606	S	1278	247	1525	0.00017
Luteibacter pinisoli	2589080	S	1225	416	1641	0.00018
Rhodanobacter denitrificans	666685	S	2357	1223	3580	0.00039
Rhodanobacter sp. FDAARGOS 1247	2778082	S	1445	697	2142	0.00024
Rhodanobacter thiooxydans	416169	S	1408	844	2252	0.00025
Rhodanobacter glycinis	582702	S	1036	271	1307	0.00014
Dyella thiooxydans	445710	S	1834	816	2650	0.00029
Dyella japonica	231455	S	1104	580	1684	0.00019
Frateuria sp. 5GH9-34	2898793	S	2966	1230	4196	0.00046
Frateuria sp. 5GH9-11	1542730	S	1782	940	2722	0.00030
Dokdonella koreensis	323415	S	3708	1039	4747	0.00052
Aerosticca soli	2010829	S	1584	3118	4702	0.00052
Pseudomonas fluorescens	294	S	4208	6394	10602	0.00117
Pseudomonas protegens	380021	S	1059	10585	11644	0.00128
Pseudomonas aeruginosa	287	S	4129	53192	57321	0.00631
Pseudomonas mendocina	300	S	1695	1126	2821	0.00031
Pseudomonas alcaligenes	43263	S	1281	1526	2807	0.00031
Pseudomonas putida	303	S	5533	12800	18333	0.00202
Pseudomonas oryzihabitans	47885	S	1522	641	2163	0.00024
Pseudomonas stutzeri	316	S	5788	6765	12553	0.00138
Pseudomonas syringae	317	S	1290	3735	5025	0.00055
Pseudomonas chlororaphis	587753	S	2618	5291	7909	0.00087
Pseudomonas otitidis	319939	S	1507	665	2172	0.00024
Pseudomonas knackmussii	65741	S	1478	2122	3600	0.00040
Pseudomonas psychrotolerans	237610	S	1410	622	2032	0.00022
Pseudomonas oryzae	1392877	S	1328	864	2192	0.00024
Pseudomonas entomophila	312306	S	1119	919	2038	0.00022
Azotobacter chroococcum	353	S	1284	1493	2777	0.00031
Serratia marcescens	615	S	1322	9769	11091	0.00122
Thioalkalivibrio paradoxus	108010	S	1089	403	1492	0.00016
Thioalkalivibrio nitratireducens	186931	S	1048	349	1397	0.00015
Spiribacter sp. E85	2182432	S	2144	394	2538	0.00028
Aquisalimonas sp. 2447	2740807	S	1051	143	1194	0.00013
Alkalilimnicola ehrlichii	351052	S	1011	249	1260	0.00014
Candidatus Thiodictyon syntrophicum	1166950	S	1921	236	2157	0.00024
Thioflavicoccus mobilis	80679	S	1715	349	2064	0.00023
Marichromatium purpuratum	37487	S	1694	754	2448	0.00027
Thiocapsa bogorovii	521689	S	1329	173	1502	0.00017
Wenzhouxiangella marina	1579979	S	1108	147	1255	0.00014
Guyparkeria halophila	47960	S	1017	454	1471	0.00016
Halomonas sp. THAF5a	2587844	S	1025	4502	5527	0.00061
Halomonas beimenensis	475662	S	1113	2010	3123	0.00034
Salinicola tamaricis	1771309	S	1070	704	1774	0.00020
Halotalea alkalilenta	376489	S	1066	662	1728	0.00019
Aeromonas hydrophila	644	S	1047	7865	8912	0.00098
Methylomagnum ishizawai	1760988	S	1076	373	1449	0.00016
Solimonas sp. K1W22B-7	2303331	S	3366	611	3977	0.00044
Flagellatimonas centrodinii	2806210	S	1001	121	1122	0.00012
Steroidobacter denitrificans	465721	S	2522	1801	4323	0.00048
Sulfurifustis variabilis	1675686	S	3584	386	3970	0.00044
Sulfuricaulis limicola	1620215	S	1606	216	1822	0.00020
Immundisolibacter cernigliae	1810504	S	1635	547	2182	0.00024
Salinisphaera sp. LB1	2183911	S	1171	93	1264	0.00014
Myxococcus xanthus	34	S	5211	19848	25059	0.00276
Myxococcus hansupus	1297742	S	2734	353	3087	0.00034
Myxococcus stipitatus	83455	S	2483	424	2907	0.00032
Myxococcus sp. SCHIC003	2813577	S	2110	364	2474	0.00027
Corallococcus coralloides	184914	S	5669	2461	8130	0.00090
Corallococcus macrosporus	35	S	3018	776	3794	0.00042
Corallococcus sp. EGB	1521117	S	2986	1152	4138	0.00046
Pyxidicoccus sp. SCPEA002	2813578	S	6394	466	6860	0.00076
Anaeromyxobacter sp. Red232	2918170	S	9444	1334	10778	0.00119
Anaeromyxobacter sp. Fw109-5	404589	S	7228	1251	8479	0.00093
Anaeromyxobacter sp. Red630	2918171	S	6950	1315	8265	0.00091
Anaeromyxobacter sp. K	447217	S	1684	3675	5359	0.00059
Anaeromyxobacter dehalogenans	161493	S	5592	4633	10225	0.00113
Archangium violaceum	83451	S	10321	2486	12807	0.00141
Archangium gephyra	48	S	4974	1375	6349	0.00070
Cystobacter fuscus	43	S	4581	1463	6044	0.00067
Stigmatella aurantiaca	41	S	4333	509	4842	0.00053
Melittangium boletus	83453	S	3394	1002	4396	0.00048
Vulgatibacter incomptus	1391653	S	4505	548	5053	0.00056
Sorangium cellulosum	56	S	57849	8916	66765	0.00735
Polyangium aurulentum	2567896	S	14552	1634	16186	0.00178
Chondromyces crocatus	52	S	6995	391	7386	0.00081
Sandaracinus amylolyticus	927083	S	23550	1854	25404	0.00280
Labilithrix luteola	1391654	S	11423	637	12060	0.00133
Haliangium ochraceum	80816	S	10000	848	10848	0.00119
Geomonas sp. RF6	2897342	S	1403	343	1746	0.00019
Geomonas paludis	2740185	S	1176	1031	2207	0.00024
Geomonas nitrogeniifigens	2847991	S	1122	1046	2168	0.00024
Geobacter sulfurreducens	35554	S	1134	406	1540	0.00017
Geobacter pickeringii	345632	S	1018	460	1478	0.00016
Desulfuromonas versatilis	2802975	S	1674	465	2139	0.00024
Desulfuromonas sp. DDH964	1823759	S	1215	385	1600	0.00018
Desulfuromonas soudanensis	1603606	S	1057	184	1241	0.00014
Solidesulfovibrio carbinoliphilus	345370	S	1108	1250	2358	0.00026
Oceanidesulfovibrio marinus	370038	S	1140	370	1510	0.00017
Persicimonas caeni	2292766	S	3513	154	3667	0.00040
Bradymonas sediminis	1548548	S	1173	115	1288	0.00014
Desulfarculus baarsii	453230	S	1216	1328	2544	0.00028
Gemmata obscuriglobus	114	S	8700	1526	10226	0.00113
Gemmata massiliana	1210884	S	3982	1696	5678	0.00063
Gemmata sp. SH-PL17	1630693	S	3753	1797	5550	0.00061
Urbifossiella limnaea	2528023	S	15530	1595	17125	0.00189
Frigoriglobus tundricola	2774151	S	10682	1878	12560	0.00138
Limnoglobus roseus	2598579	S	8530	449	8979	0.00099
Tuwongella immobilis	692036	S	1119	48	1167	0.00013
Aquisphaera giovannonii	406548	S	12107	2191	14298	0.00157
Tautonia plasticadhaerens	2527974	S	10702	1038	11740	0.00129
Paludisphaera borealis	1387353	S	8965	1935	10900	0.00120
Singulisphaera acidiphila	466153	S	7527	1077	8604	0.00095
Isosphaera pallida	128	S	1176	83	1259	0.00014
Lignipirellula cremea	2528010	S	2554	334	2888	0.00032
Stieleria neptunia	2527979	S	1250	138	1388	0.00015
Stieleria maiorica	2795974	S	1216	243	1459	0.00016
Anatilimnocola aggregata	2528021	S	2363	287	2650	0.00029
Pirellula staleyi	125	S	1308	60	1368	0.00015
Bremerella volcania	2527984	S	1521	124	1645	0.00018
Roseimaritima ulvae	980254	S	1149	88	1237	0.00014
Lacipirellula parvula	2650471	S	3790	474	4264	0.00047
Lacipirellula limnantheis	2528024	S	3108	442	3550	0.00039
Pirellulimonas nuda	2528009	S	3319	423	3742	0.00041
Botrimarina mediterranea	2528022	S	2912	311	3223	0.00035
Aeoliella mucimassa	2527972	S	1170	108	1278	0.00014
Planctomyces sp. SH-PL62	1636152	S	7195	2566	9761	0.00107
Planctomyces sp. SH-PL14	1632864	S	3940	307	4247	0.00047
Caulifigura coniformis	2527983	S	3411	267	3678	0.00040
Alienimonas californiensis	2527989	S	2569	229	2798	0.00031
Maioricimonas rarisocia	2528026	S	2540	378	2918	0.00032
Symmachiella dynata	2527995	S	1145	80	1225	0.00013
Humisphaera borealis	2807512	S	4733	151	4884	0.00054
Phycisphaera mikurensis	547188	S	2370	235	2605	0.00029
Mucisphaera calidilacus	2527982	S	1097	60	1157	0.00013
Opitutus sp. GAS368	1882749	S	4287	714	5001	0.00055
Opitutus terrae	107709	S	3589	203	3792	0.00042
Lacunisphaera limnophila	1838286	S	3217	519	3736	0.00041
Oleiharenicola sp. KSB-15	2862869	S	1778	113	1891	0.00021
Nibricoccus aquaticus	2576891	S	1555	82	1637	0.00018
Ereboglobus luteus	1796921	S	1070	72	1142	0.00013
Verrucomicrobium sp. GAS474	1882831	S	1710	267	1977	0.00022
Verrucomicrobium spinosum	2736	S	1198	90	1288	0.00014
Luteolibacter ambystomatis	2824561	S	1308	117	1425	0.00016
Luteolibacter luteus	2728835	S	1052	58	1110	0.00012
Roseimicrobium sp. ORNL1	2711231	S	1974	86	2060	0.00023
Chryseolinea soli	2321403	S	1179	829	2008	0.00022
Niastella koreensis	354356	S	5019	1222	6241	0.00069
Rhodothermus marinus	29549	S	2638	508	3146	0.00035
Rhodocaloribacter litoris	2558931	S	2494	810	3304	0.00036
Salinibacter ruber	146919	S	1782	122	1904	0.00021
Gemmatirosa kalamazoonesis	861299	S	37417	5103	42520	0.00468
Gemmatimonas groenlandica	2732249	S	5992	747	6739	0.00074
Gemmatimonas aurantiaca	173480	S	4164	466	4630	0.00051
Gemmatimonas phototrophica	1379270	S	3531	524	4055	0.00045
Luteitalea sp. TBR-22	2802971	S	19453	4262	23715	0.00261
Luteitalea pratensis	1855912	S	17271	2336	19607	0.00216
Granulicella sp. WH15	2602070	S	2176	425	2601	0.00029
Granulicella sp. 5B5	1617967	S	1773	311	2084	0.00023
Granulicella mallensis	940614	S	1655	212	1867	0.00021
Granulicella tundricola	940615	S	1363	191	1554	0.00017
Terriglobus roseus	392734	S	2389	542	2931	0.00032
Terriglobus albidus	1592106	S	1692	179	1871	0.00021
Terriglobus saanensis	870903	S	1124	155	1279	0.00014
Acidobacterium sp. 4Y35	2763107	S	2274	176	2450	0.00027
Acidobacterium capsulatum	33075	S	2172	309	2481	0.00027
Candidatus Koribacter versatilis	658062	S	4403	180	4583	0.00050
Edaphobacter sp. 12200R-103	2703788	S	1726	326	2052	0.00023
Acidisarcina polymorpha	2211140	S	1590	128	1718	0.00019
Paludibaculum fermentans	1473598	S	5607	200	5807	0.00064
Sulfidibacter corallicola	2818388	S	1585	45	1630	0.00018
Nitrospira moscoviensis	42253	S	3095	268	3363	0.00037
Nitrospira japonica	1325564	S	1769	191	1960	0.00022
Nitrospira sp. KM1	1936990	S	1216	99	1315	0.00014
Candidatus Nitrospira inopinata	1715989	S	1103	92	1195	0.00013
Fusarium acuminatum	5515	S	4741	999	5740	0.00063
Cordyceps fumosorosea	114497	S	1011	141	1152	0.00013
Purpureocillium lilacinum	33203	S	1378	294	1672	0.00018
Colletotrichum higginsianum	80884	S	1239	635	1874	0.00021
Thermothielavioides terrestris	2587410	S	1432	138	1570	0.00017
Thermothelomyces thermophilus	78579	S	1143	82	1225	0.00013
Aspergillus puulaauensis	1220207	S	1507	302	1809	0.00020
Pseudozyma flocculosa	84751	S	1795	82	1877	0.00021
Phytophthora cinnamomi	4785	S	1246	568	1814	0.00020
