reino,filo,MD2055,MD2056,MD2065,MD2066,MD2075,MD2076,MD2085,MD2086,MD2095,MD2096,MD2105,MD2106,MD2115,MD2116,MD2125,MD2126,MD2135,MD2136,MP2047,MP2048,MP2049,MP2050,MP2057,MP2058,MP2059,MP2060,MP2067,MP2068,MP2069,MP2070,MP2077,MP2078,MP2079,MP2080,MP2087,MP2088,MP2089,MP2090,MP2097,MP2098,MP2099,MP2100,MP2107,MP2108,MP2109,MP2110,MP2117,MP2118,MP2119,MP2120,MP2127,MP2128,MP2129,MP2130,MP2137,MP2138,MP2139,MP2140
Bacteria,,66,99,47,110,105,174,128,90,156,157,105,31,119,121,60,120,63,56,100,111,154,156,127,105,91,83,114,199,174,128,98,78,4,18,203,0,144,90,135,163,114,148,103,67,15,75,133,137,92,92,82,57,93,53,15,62,58,72
Bacteria,Acidobacteria,78337,106442,52861,124086,70059,117280,94246,49827,177949,122848,91183,47495,102906,108047,56037,92298,48344,53685,90596,106781,111573,121670,102359,115208,112088,92170,129041,185965,150100,141380,75767,66496,6556,22542,169460,0,130289,88355,110712,135135,163815,93286,94893,54073,14018,62480,106725,107806,82978,83321,63627,59997,77067,49759,18476,60200,86629,70762
Bacteria,Actinobacteria,5121795,6254760,5754715,7779785,5636065,6412547,5028685,4144369,8805431,7270807,6036853,1789891,5802571,6329482,3629177,7064639,3150749,3151855,4330643,6002487,6891216,8293792,8631891,11028897,7446893,7760130,8473873,9967507,7231204,5558586,4886271,3513192,378944,1425101,10342054,0,8507897,5102007,5376675,8412914,6794617,6635770,5564339,3430765,703407,3216060,6349037,6608761,4708205,5668779,3506800,4520702,4191805,3034166,1167724,4017385,2434142,2258912
Bacteria,Aquificae,445,514,376,598,397,594,495,264,888,699,508,213,540,581,264,584,266,296,483,593,609,803,632,666,616,464,737,967,1040,680,406,323,34,104,983,0,714,477,601,825,753,613,468,297,73,285,574,527,392,436,359,365,367,263,86,313,429,390
Bacteria,Armatimonadetes,2400,2890,1541,3575,1962,3061,2670,1481,4030,3407,2537,1172,2918,2922,1506,3052,1513,1328,2525,2935,2955,3843,3131,3362,3270,2779,3717,4586,3777,3512,2358,1694,182,570,4731,0,3235,2248,2854,3847,4330,3050,2485,1574,341,1470,2970,2896,2264,2223,1732,1552,1770,1375,428,1576,1981,1721
Bacteria,Atribacterota,43,68,34,55,40,66,47,38,78,69,52,21,66,43,35,50,21,33,38,54,50,54,78,72,61,58,72,87,104,94,49,38,4,15,100,0,58,47,53,80,79,50,44,34,6,23,51,60,42,41,32,38,31,21,9,25,44,29
Bacteria,Bacteroidetes,64223,93179,64300,156542,142914,166958,84386,86699,135488,137875,105418,32084,92125,96940,132777,131049,101044,51478,96315,115489,94057,121968,140405,338693,97020,103451,129451,179641,130048,116834,66384,71506,5226,24974,166523,0,140659,117454,138190,164202,119171,121492,87430,50087,11487,58251,104131,112464,82356,99828,115972,72837,61162,56082,12433,48503,58477,48504
Bacteria,Balneolaeota,180,325,157,351,249,390,242,113,452,331,226,97,269,274,168,330,148,119,240,269,288,366,300,334,293,257,445,493,405,338,202,172,19,60,452,0,324,221,276,413,396,313,227,154,29,162,331,335,239,237,161,163,191,129,44,150,186,178
Bacteria,Caldiserica,51,66,29,67,46,69,48,27,111,53,60,30,53,49,31,78,30,51,69,54,60,82,80,70,66,51,83,120,86,62,37,47,2,10,119,0,83,48,88,93,89,76,53,41,4,36,66,75,56,63,39,28,37,30,9,21,51,41
Bacteria,Calditrichaeota,229,335,205,356,285,396,286,171,486,403,272,133,321,311,184,362,162,135,283,331,336,383,317,383,354,268,416,583,484,462,266,213,21,82,549,0,350,253,344,476,463,324,275,180,32,186,331,314,280,223,199,161,216,131,49,159,264,226
Bacteria,Candidatus Absconditabacteria,23,39,30,46,15,40,37,16,72,44,29,14,32,44,17,30,21,22,37,34,45,63,44,39,34,35,52,69,49,28,27,16,2,7,65,0,60,29,46,63,43,20,22,10,5,20,49,36,28,24,21,18,27,21,5,17,18,18
Bacteria,Candidatus Bipolaricaulota,552,700,473,759,484,692,619,360,1051,782,638,255,696,717,327,726,329,337,584,630,773,936,784,869,905,597,1022,1228,1141,788,598,394,50,128,1120,0,853,529,652,995,906,877,606,362,80,365,715,703,554,513,420,453,470,312,106,375,523,431
Bacteria,Candidatus Cloacimonetes,26,31,9,38,36,77,21,30,72,44,33,17,38,36,25,64,24,25,30,39,40,67,43,39,37,22,61,63,61,52,37,16,4,11,54,0,50,34,39,61,67,46,29,23,5,26,50,42,34,28,31,23,30,22,2,26,30,22
Bacteria,Candidatus Omnitrophica,200,292,178,375,214,311,274,150,505,375,265,114,311,308,148,312,117,156,253,299,346,334,311,341,324,263,441,551,555,397,237,184,19,66,492,0,364,255,333,438,437,315,244,193,37,175,330,323,284,285,194,134,216,129,43,153,244,246
Bacteria,Candidatus Saccharibacteria,133,378,202,223,1155,1248,247,301,288,235,276,63,215,291,740,1201,319,569,144,198,399,761,250,732,158,195,608,327,219,200,437,208,11,97,562,0,395,175,581,482,205,708,261,129,55,128,407,632,309,177,587,383,221,289,29,227,114,81
Bacteria,Chlamydiae,396,671,305,700,1262,1423,968,429,958,837,525,229,610,685,612,643,485,250,484,535,712,860,881,616,546,422,736,943,623,913,358,507,50,286,1089,0,824,525,789,970,756,547,573,449,79,384,610,956,567,389,319,447,625,283,153,411,325,366
Bacteria,Chlorobi,3196,4162,2379,4822,3159,4596,3567,2103,6328,4613,3610,1660,3865,3824,2161,4423,1921,1990,3216,3996,4216,4975,4443,4855,4351,3522,5424,7040,6201,5186,2916,2435,241,826,6578,0,4980,3498,4154,5442,6006,4399,3441,2215,508,2281,4109,4130,3363,3132,2355,2204,2698,1944,644,2154,2938,2494
Bacteria,Chloroflexi,23007,27319,21208,33957,20241,29896,26807,15682,42640,30289,25356,10958,31347,30586,14398,27682,12954,13938,21528,27134,28492,38117,35738,37085,36530,29029,42679,48989,41488,33999,30437,19170,1811,6305,47680,0,36003,24267,27170,37090,39732,40264,25046,17150,3488,15324,29220,27539,21665,21587,16368,16533,19291,12667,5723,17913,21399,16675
Bacteria,Chrysiogenetes,244,293,192,385,256,400,290,192,518,345,273,118,286,311,156,319,187,146,299,320,308,360,359,413,368,292,422,548,518,425,304,252,19,63,494,0,397,263,326,389,498,337,299,180,34,164,324,322,249,227,151,186,235,160,42,166,189,193
Bacteria,Coprothermobacterota,44,58,41,67,46,77,49,41,99,67,50,24,85,69,25,80,94,32,84,63,69,104,71,70,76,54,89,106,127,68,70,38,5,19,91,0,62,42,57,75,107,120,63,27,7,40,71,71,47,48,45,54,49,38,13,25,64,47
Bacteria,Cyanobacteria,26365,34632,21164,41658,27327,160221,30259,18313,52733,40143,31173,12705,32863,33452,19766,36313,15688,15330,27750,32478,35035,42243,44020,44764,39136,31945,46091,59866,54504,42896,26807,21376,2020,7074,59709,0,43165,32847,33524,49756,48471,33741,29209,18288,3902,17476,34401,33865,27645,25772,19407,18846,21944,15386,5209,41996,83836,18950
Bacteria,Deferribacteres,268,307,209,367,251,411,265,195,489,389,262,111,276,310,168,347,147,166,242,290,368,415,331,381,354,298,426,592,469,396,267,212,21,80,566,0,366,263,335,500,460,368,284,168,30,196,313,317,244,236,183,182,221,144,49,182,251,196
Bacteria,Deinococcus-Thermus,34164,43749,28299,51084,30269,44741,34926,21045,65474,47990,40992,15460,41492,42866,22199,45383,18828,19647,33353,40781,44689,55669,51028,57405,50162,39115,58371,73220,61353,50118,33101,25604,2567,8271,71563,0,55155,35115,39561,56253,57068,48890,35448,23331,5026,21896,42598,42006,33733,32714,23268,23639,28059,19150,6750,23526,27215,26061
Bacteria,Dictyoglomi,26,44,31,71,48,68,72,33,69,56,34,18,64,60,26,54,26,32,42,46,38,67,54,50,69,57,71,108,128,70,48,27,4,10,94,0,63,40,62,77,73,103,50,30,2,31,40,62,41,34,34,40,41,31,5,30,53,57
Bacteria,Elusimicrobia,123,159,99,197,132,223,172,97,254,193,116,63,173,144,100,160,72,95,154,138,199,217,205,208,175,146,245,268,254,245,162,135,10,38,290,0,199,146,177,245,218,224,158,101,26,99,175,186,130,107,96,88,104,87,21,95,130,96
Bacteria,Fibrobacteres,133,163,105,202,136,217,156,99,250,191,138,75,171,165,101,199,101,67,131,177,180,228,160,212,164,170,262,336,238,235,134,127,11,38,278,0,203,150,154,230,254,191,133,95,25,96,213,149,139,124,114,90,122,105,25,83,125,97
Bacteria,Firmicutes,161851,175051,147872,200061,164820,486786,194990,1309414,305419,224590,151798,61385,168808,174634,83785,168187,74186,83086,144344,183817,213348,338120,222296,236621,201524,206243,351457,311610,241029,246390,196281,146283,12234,46889,323455,0,284467,182101,163627,236739,200585,238971,150568,91907,21620,92939,183111,175023,123455,126103,100645,101840,116974,99977,36793,138867,117766,110759
Bacteria,Fusobacteria,240,336,234,495,419,908,369,623,622,506,341,95,408,371,241,398,183,145,382,349,379,619,514,570,411,399,684,804,517,638,380,332,27,98,751,0,538,472,441,666,456,431,320,224,43,191,377,378,294,260,286,216,244,189,67,289,304,203
Bacteria,Gemmatimonadetes,59828,94919,49104,104883,68619,149757,65521,37050,140761,159487,94585,30365,64999,83391,58121,151146,46665,44196,72038,90448,108853,117031,93192,117888,83079,75704,150320,138208,123571,90968,45637,37232,4102,15111,130924,0,98634,95458,93694,130416,115090,106370,66723,33496,11340,48177,110576,87157,81606,78187,58047,45106,53264,45209,11378,51790,45505,41192
Bacteria,Ignavibacteriae,144,210,118,270,168,265,171,113,327,242,172,75,191,186,106,223,101,92,191,187,256,283,233,221,227,194,279,384,351,263,135,151,11,53,316,0,248,198,248,299,317,169,170,102,24,119,252,183,201,154,158,96,136,109,26,98,157,119
Bacteria,Kiritimatiellaeota,1055,1398,828,1690,993,1589,1201,668,2224,1513,1185,503,1323,1380,716,1444,611,626,1085,1339,1409,1671,1519,1637,1537,1191,1791,2330,2088,1655,922,777,77,297,2264,0,1680,1153,1289,1715,1911,1429,1121,686,159,717,1355,1413,1123,1063,766,741,925,657,175,698,878,806
Bacteria,Nitrospirae,7911,11753,3999,12570,6899,14203,9374,4813,17620,11572,9358,4378,8012,10079,5807,18187,5189,4458,7189,9073,9770,10465,12225,8820,11094,9326,11562,20994,20331,15647,4443,7934,643,2778,16882,0,12973,8623,16799,15717,17204,8174,8034,5203,1335,5805,12238,12099,9485,8120,5859,8844,8038,5574,1235,4683,7166,7433
Bacteria,Planctomycetes,226017,272173,178522,366031,267127,291735,243048,218074,404357,353930,236418,98651,290625,284517,189381,187277,139441,131007,224968,265729,252028,307343,296020,360441,325641,278888,279189,456908,329632,359681,154204,201751,15444,66296,435765,0,328205,264643,242349,327275,418319,198167,262076,149473,34237,152045,182505,289973,223771,216322,112413,178705,174281,112900,45289,187986,138143,122219
Bacteria,Proteobacteria,3873628,5220281,4877175,6522537,5721490,7969282,4559691,3896554,7644221,6417930,4847346,1901111,6269199,5128258,4048244,6220816,3582089,2546357,4045308,5135034,5152261,6465894,7329120,8387778,5570796,5021476,7063222,9190530,6965955,5622657,3992977,3383474,306419,1455581,8616593,2,6767839,5073830,5341174,6837689,6653119,5689376,4559377,2763696,578094,3121076,5343007,7069835,4326326,4504128,3009898,4849802,3508174,2679635,834331,3544376,3052901,2477774
Bacteria,Spirochaetes,3288,4331,2662,5299,3705,5687,3721,2604,6520,5106,3641,1682,4141,4090,2321,4688,2258,1974,3644,4278,4444,5690,5014,5444,4786,3788,5882,7575,6431,5506,3417,2869,244,988,7684,0,5229,3758,4596,6172,5911,4259,3494,2273,508,2278,4424,4419,3546,3259,2461,2318,2741,2006,616,2144,2826,2451
Bacteria,Synergistetes,2825,3526,2262,4238,2478,3688,3032,1718,5413,3960,3218,1299,3477,3591,1836,3646,1574,1541,2866,3452,3718,4529,4105,4529,4089,3243,4782,6410,5596,4449,2778,2111,213,715,6224,0,4591,2842,3396,4592,4921,4018,2964,1940,402,1841,3420,3466,2769,2754,1975,1896,2265,1557,570,1875,2570,2220
Bacteria,Tenericutes,508,658,437,857,781,1687,679,1095,1036,877,669,173,758,714,523,776,354,265,690,620,723,1094,891,1144,707,721,1112,1339,911,1060,807,571,41,201,1322,0,951,746,838,1350,873,803,611,426,98,394,657,761,584,513,522,396,455,420,138,490,605,360
Bacteria,Thermodesulfobacteria,412,498,352,587,379,545,420,278,756,494,459,219,502,526,256,510,257,249,446,519,537,661,547,607,593,428,639,860,900,697,369,322,37,85,848,0,623,439,493,720,716,517,429,255,63,258,514,475,370,400,309,299,311,224,75,247,471,386
Bacteria,Thermotogae,651,913,541,1046,710,1172,795,517,1320,1035,754,345,906,858,465,944,428,436,820,937,961,1241,974,1101,1034,846,1261,1652,1550,1245,717,581,60,173,1544,0,1064,727,993,1220,1299,973,757,486,111,514,898,915,719,667,531,490,562,432,156,469,712,627
Bacteria,Verrucomicrobia,24662,41301,26286,49960,60210,80645,32601,28861,59902,48859,34513,13211,31534,33115,29210,71964,42965,18497,27950,34618,36634,59241,44761,52083,36700,33251,60078,66663,59508,44477,21796,21245,2115,9834,75107,0,45923,37390,40680,68701,53871,30330,29867,21447,4035,27220,41451,43816,35531,34442,27653,22101,26676,25217,4640,18201,21692,18048
Eukaryota,Ascomycota,51087,54311,48154,91600,63237,96284,88025,78430,100196,88332,54256,22420,128265,59558,45511,50436,24494,21806,46003,66235,57880,77500,93150,86815,76494,70817,76992,107090,74643,91916,53871,49368,5361,26899,111381,0,83165,81986,51701,71190,110497,57144,69866,48138,9004,42668,47391,62579,48248,48046,24748,34998,37263,23934,14001,44687,39644,29554
Eukaryota,Basidiomycota,4895,6341,4162,7823,4825,7337,4808,3376,9388,7004,5553,1817,6484,5916,3357,6577,2654,2452,4721,5802,6478,7797,8003,9302,7252,6098,7942,10629,8085,7073,4670,3877,377,1233,10715,0,8212,5499,5589,8427,8408,6256,4894,3544,708,3126,5741,6006,4778,4631,2923,3289,3750,2445,892,3617,3073,2717
Eukaryota,Microsporidia,34,36,27,47,58,70,26,216,58,53,25,14,46,36,26,39,18,12,40,45,30,54,70,51,46,32,68,61,49,51,30,36,0,10,65,0,48,34,38,86,53,40,35,26,4,20,33,26,31,33,12,24,24,15,4,28,39,19
Eukaryota,Oomycota,6727,8815,5676,10489,6710,10023,6485,4728,12903,9536,7122,2501,8464,7779,4739,9553,3631,3332,6771,8223,8890,10991,10751,12581,9830,8112,12009,15340,11033,9891,6635,5413,588,1665,14581,0,11122,7505,8167,11709,11360,8627,6973,4675,956,4148,8078,8138,6553,5990,4765,4480,5132,3448,1256,4113,4414,3758
