muestra,observados,chao1,shannon,simpson
MD2055,8574,8720.286,7.466004,0.997774
MD2056,8654,8789.198,7.485615,0.997892
MD2065,8550,8744.387,7.318039,0.997244
MD2066,8706,8784.103,7.506399,0.997941
MD2075,8687,8811.039,7.437571,0.99777
MD2076,8755,8863.075,7.53256,0.998092
MD2085,8636,8738.3,7.498782,0.997939
MD2086,8639,8742.269,6.818533,0.985629
MD2095,8733,8810.008,7.518061,0.998081
MD2096,8702,8797.104,7.496519,0.998017
MD2105,8629,8740.522,7.498767,0.998095
MD2106,8295,8563.163,7.491047,0.997943
MD2115,8657,8776.901,7.350835,0.997213
MD2116,8661,8782.066,7.499214,0.998038
MD2125,8562,8759.415,7.417748,0.997895
MD2126,8680,8808.387,7.476194,0.997954
MD2135,8511,8678.32,7.245656,0.995811
MD2136,8415,8620.494,7.452826,0.997812
MP2047,8602,8728.415,7.517547,0.997941
MP2048,8643,8776.358,7.493255,0.997849
MP2049,8658,8788.592,7.463841,0.997827
MP2050,8709,8794.363,7.520308,0.99802
MP2057,8707,8804.417,7.440127,0.997788
MP2058,8733,8797.648,7.371476,0.99741
MP2059,8657,8783.556,7.472789,0.997832
MP2060,8647,8775.282,7.379259,0.996945
MP2067,8734,8843.698,7.508925,0.997987
MP2068,8747,8815.763,7.516656,0.998013
MP2069,8726,8822.571,7.508116,0.998002
MP2070,8728,8817.446,7.587001,0.998208
MP2077,8628,8753.4,7.475328,0.997718
MP2078,8598,8728.862,7.482809,0.997695
MP2079,7218,7802.22,7.470437,0.997653
MP2080,8221,8516.348,7.473013,0.997775
MP2087,8768,8842.528,7.50434,0.997969
MP2088,2,3,0.693147,0.5
MP2089,8714,8808.127,7.490445,0.997914
MP2090,8671,8767.705,7.499854,0.998077
MP2097,8656,8754.39,7.51536,0.997963
MP2098,8749,8841.667,7.52229,0.9981
MP2099,8683,8782.746,7.532568,0.998088
MP2100,8656,8805.523,7.505509,0.998069
MP2107,8624,8762.179,7.48365,0.997849
MP2108,8517,8691.914,7.489635,0.997894
MP2109,7742,8277.194,7.499115,0.997836
MP2110,8511,8690.379,7.464569,0.997931
MP2117,8661,8805.667,7.457922,0.997807
MP2118,8695,8808.885,7.442191,0.998028
MP2119,8618,8783.355,7.491656,0.997961
MP2120,8584,8697.632,7.400446,0.997686
MP2127,8551,8752.562,7.39952,0.997518
MP2128,8519,8730.062,7.359011,0.99763
MP2129,8559,8715.123,7.460731,0.997831
MP2130,8512,8665.792,7.44913,0.997687
MP2137,7960,8391.481,7.415225,0.997352
MP2138,8578,8746.125,7.343699,0.997511
MP2139,8540,8692.042,7.592256,0.998192
MP2140,8514,8690.167,7.602862,0.998207
