muestra,tratamiento,grupo,lecturas_clasificadas
MD2055,wilted,No saludable,9782432
MD2056,wilted,No saludable,12468526
MD2065,wilted,No saludable,11297600
MD2066,wilted,No saludable,15580959
MD2075,wilted,No saludable,12310781
MD2076,wilted,No saludable,16067839
MD2085,wilted,No saludable,10524919
MD2086,wilted,No saludable,9931297
MD2095,wilted,No saludable,18009912
MD2096,wilted,No saludable,14998268
MD2105,wilted,No saludable,11792397
MD2106,wilted,No saludable,4053295
MD2115,wilted,No saludable,13102554
MD2116,wilted,No saludable,12451637
MD2125,wilted,No saludable,8355853
MD2126,wilted,No saludable,14307309
MD2135,wilted,No saludable,7280751
MD2136,wilted,No saludable,6172369
MP2047,healthy,Saludable,9199079
MP2048,healthy,Saludable,12146967
MP2049,healthy,Saludable,13075806
MP2050,healthy,Saludable,16098757
MP2057,healthy,Saludable,17141427
MP2058,healthy,Saludable,20923502
MP2059,healthy,Saludable,14129981
MP2060,healthy,Saludable,13786630
MP2067,healthy,Saludable,16924218
MP2068,healthy,Saludable,20873789
MP2069,healthy,Saludable,15537530
MP2070,healthy,Saludable,12462356
MP2077,healthy,Saludable,9617847
MP2078,healthy,Saludable,7588787
MP2079,healthy,Saludable,745830
MP2080,healthy,Saludable,3125701
MP2087,healthy,Saludable,20632320
MP2088,healthy,Saludable,2
MP2089,healthy,Saludable,16582404
MP2090,healthy,Saludable,11176782
MP2097,healthy,Saludable,11714000
MP2098,healthy,Saludable,16595897
MP2099,healthy,Saludable,14844038
MP2100,healthy,Saludable,13342326
MP2107,healthy,Saludable,11014462
MP2108,healthy,Saludable,6728020
MP2109,healthy,Saludable,1405462
MP2110,healthy,Saludable,6901265
MP2117,healthy,Saludable,12624002
MP2118,healthy,Saludable,14711376
MP2119,healthy,Saludable,9835326
MP2120,healthy,Saludable,10975712
MP2127,healthy,Saludable,7106567
MP2128,healthy,Saludable,9974861
MP2129,healthy,Saludable,8348307
MP2130,healthy,Saludable,6196725
MP2137,healthy,Saludable,2169734
MP2138,healthy,Saludable,8220431
MP2139,healthy,Saludable,6158581
MP2140,healthy,Saludable,5267510
